product_id,date,store_id,current_stock,daily_demand,lead_time_days,supplier_reliability_score,promotion_active,weather_impact,stockout_risk,lead_time_demand,safety_stock,reorder_point,target_stock,recommended_order,stock_cover_days,stockout_probability,ml_risk,status
P1000,2024-01-01,S7,213,114,5,72,No,Medium,No,570,138.3,708.3,1506.3,1293.3,1.87,31.47,Low,Critical - Reorder Now
P1001,2024-01-02,S20,152,87,7,84,No,High,Yes,609,155.03,764.03,1373.03,1221.03,1.75,62.77,Medium,Critical - Reorder Now
P1002,2024-01-03,S15,209,62,10,61,No,Low,No,620,205.03,825.03,1259.03,1050.03,3.37,35.4,Low,Critical - Reorder Now
P1003,2024-01-04,S11,400,103,10,61,No,Low,No,1030,205.03,1235.03,1956.03,1556.03,3.88,21.58,Low,Critical - Reorder Now
P1004,2024-01-05,S8,60,114,9,75,No,Medium,No,1026,183.11,1209.11,2007.11,1947.11,0.53,25.39,Low,Critical - Reorder Now
P1005,2024-01-06,S7,267,108,13,68,No,Medium,No,1404,226.92,1630.92,2386.92,2119.92,2.47,27.73,Low,Critical - Reorder Now
P1006,2024-01-07,S19,261,60,7,87,No,Medium,No,420,152.88,572.88,992.88,731.88,4.35,13.13,Low,Critical - Reorder Now
P1007,2024-01-08,S11,217,32,5,72,No,Low,Yes,160,138.3,298.3,522.3,305.3,6.78,32.78,Low,Critical - Reorder Now
P1008,2024-01-09,S11,282,5,10,94,No,Medium,No,50,176.72,226.72,261.72,0.0,56.4,15.11,Low,Healthy
P1009,2024-01-10,S4,135,46,10,72,Yes,High,No,460,195.59,655.59,977.59,842.59,2.93,37.98,Low,Critical - Reorder Now
P1010,2024-01-11,S8,466,86,10,90,No,Low,Yes,860,180.15,1040.15,1642.15,1176.15,5.42,36.79,Low,Critical - Reorder Now
P1011,2024-01-12,S3,379,52,6,80,No,Medium,No,312,146.19,458.19,822.19,443.19,7.29,45.86,Medium,Critical - Reorder Now
P1012,2024-01-13,S2,361,44,11,91,No,High,Yes,484,188.04,672.04,980.04,619.04,8.2,70.55,High,Critical - Reorder Now
P1013,2024-01-14,S12,448,101,12,93,Yes,High,No,1212,194.52,1406.52,2113.52,1665.52,4.44,11.98,Low,Critical - Reorder Now
P1014,2024-01-15,S6,440,67,3,67,No,Medium,Yes,201,109.48,310.48,779.48,339.48,6.57,51.29,Medium,Low Stock
P1015,2024-01-16,S2,92,80,5,61,No,High,No,400,144.97,544.97,1104.97,1012.97,1.15,22.4,Low,Critical - Reorder Now
P1016,2024-01-17,S1,108,76,8,97,No,Low,No,608,155.76,763.76,1295.76,1187.76,1.42,33.51,Low,Critical - Reorder Now
P1017,2024-01-18,S12,240,92,1,91,No,Low,No,92,56.7,148.7,792.7,552.7,2.61,41.41,Medium,Low Stock
P1018,2024-01-19,S12,354,84,12,99,No,High,No,1008,188.88,1196.88,1784.88,1430.88,4.21,27.82,Low,Critical - Reorder Now
P1019,2024-01-20,S17,423,118,1,87,No,Low,No,118,57.78,175.78,1001.78,578.78,3.58,12.57,Low,Low Stock
P1020,2024-01-21,S10,141,8,7,96,No,Medium,No,56,146.42,202.42,258.42,117.42,17.62,9.1,Low,Critical - Reorder Now
P1021,2024-01-22,S16,290,42,14,60,No,High,No,588,243.6,831.6,1125.6,835.6,6.9,44.5,Medium,Critical - Reorder Now
P1022,2024-01-23,S15,431,112,5,69,Yes,Low,No,560,140.12,700.12,1484.12,1053.12,3.85,20.08,Low,Critical - Reorder Now
P1023,2024-01-24,S15,236,31,14,63,Yes,Medium,Yes,434,240.56,674.56,891.56,655.56,7.61,73.1,High,Critical - Reorder Now
P1024,2024-01-25,S19,339,13,5,94,No,Medium,No,65,124.96,189.96,280.96,0.0,26.08,11.57,Low,Overstock
P1025,2024-01-26,S12,311,115,1,69,No,Low,No,115,62.66,177.66,982.66,671.66,2.7,32.91,Low,Low Stock
P1026,2024-01-27,S20,176,20,9,70,No,High,No,180,187.18,367.18,507.18,331.18,8.8,18.42,Low,Critical - Reorder Now
P1027,2024-01-28,S3,140,60,1,73,Yes,Medium,Yes,60,61.58,121.58,541.58,401.58,2.33,71.48,High,High Risk
P1028,2024-01-29,S5,188,80,5,97,No,Medium,No,400,123.14,523.14,1083.14,895.14,2.35,25.34,Low,Critical - Reorder Now
P1029,2024-01-30,S19,485,35,10,71,No,Medium,Yes,350,196.45,546.45,791.45,306.45,13.86,78.66,High,Critical - Reorder Now
P1030,2024-01-31,S7,48,92,9,76,Yes,Medium,No,828,182.3,1010.3,1654.3,1606.3,0.52,15.54,Low,Critical - Reorder Now
P1031,2024-02-01,S9,301,18,14,75,No,High,No,252,228.38,480.38,606.38,305.38,16.72,7.35,Low,Critical - Reorder Now
P1032,2024-02-02,S7,368,113,4,94,No,Low,No,452,111.77,563.77,1354.77,986.77,3.26,12.66,Low,Critical - Reorder Now
P1033,2024-02-03,S18,189,29,13,61,No,Low,No,377,233.76,610.76,813.76,624.76,6.52,17.25,Low,Critical - Reorder Now
P1034,2024-02-04,S4,135,38,8,70,Yes,Low,No,304,176.47,480.47,746.47,611.47,3.55,19.79,Low,Critical - Reorder Now
P1035,2024-02-05,S14,42,71,6,62,No,Medium,Yes,426,158.15,584.15,1081.15,1039.15,0.59,60.3,Medium,Critical - Reorder Now
P1036,2024-02-06,S18,403,28,11,88,Yes,High,Yes,308,190.74,498.74,694.74,291.74,14.39,31.27,Low,Critical - Reorder Now
P1037,2024-02-07,S9,379,110,3,77,Yes,Low,No,330,104.78,434.78,1204.78,825.78,3.45,18.03,Low,Critical - Reorder Now
P1038,2024-02-08,S2,352,77,4,79,Yes,High,No,308,119.9,427.9,966.9,614.9,4.57,6.06,Low,Critical - Reorder Now
P1039,2024-02-09,S20,89,30,2,73,No,Low,No,60,87.09,147.09,357.09,268.09,2.97,20.89,Low,Critical - Reorder Now
P1040,2024-02-10,S15,294,24,1,93,Yes,Medium,No,24,56.15,80.15,248.15,0.0,12.25,10.23,Low,Healthy
P1041,2024-02-11,S7,340,68,13,90,No,Low,No,884,205.4,1089.4,1565.4,1225.4,5.0,11.74,Low,Critical - Reorder Now
P1042,2024-02-12,S12,244,108,14,99,Yes,Medium,No,1512,204.02,1716.02,2472.02,2228.02,2.26,12.79,Low,Critical - Reorder Now
P1043,2024-02-13,S8,432,14,8,77,Yes,Medium,No,112,171.1,283.1,381.1,0.0,30.86,18.46,Low,Healthy
P1044,2024-02-14,S15,191,87,1,89,No,Low,No,87,57.24,144.24,753.24,562.24,2.2,45.93,Medium,Low Stock
P1045,2024-02-15,S3,317,71,14,84,Yes,High,No,994,219.24,1213.24,1710.24,1393.24,4.46,45.62,Medium,Critical - Reorder Now
P1046,2024-02-16,S14,105,28,13,78,No,Medium,No,364,217.14,581.14,777.14,672.14,3.75,44.96,Medium,Critical - Reorder Now
P1047,2024-02-17,S17,362,9,11,67,Yes,High,No,99,209.63,308.63,371.63,9.63,40.22,13.27,Low,Low Stock
P1048,2024-02-18,S4,309,71,1,87,Yes,Low,No,71,57.78,128.78,625.78,316.78,4.35,16.29,Low,Low Stock
P1049,2024-02-19,S18,381,62,4,67,Yes,Medium,No,248,126.41,374.41,808.41,427.41,6.15,7.2,Low,Low Stock
P1050,2024-02-20,S8,232,31,10,90,No,High,Yes,310,180.15,490.15,707.15,475.15,7.48,68.02,Medium,Critical - Reorder Now
P1051,2024-02-21,S4,264,84,12,62,Yes,Medium,Yes,1008,223.65,1231.65,1819.65,1555.65,3.14,40.98,Medium,Critical - Reorder Now
P1052,2024-02-22,S2,343,117,10,62,No,Low,No,1170,204.17,1374.17,2193.17,1850.17,2.93,15.3,Low,Critical - Reorder Now
P1053,2024-02-23,S6,36,19,6,81,No,Medium,No,114,145.52,259.52,392.52,356.52,1.89,16.02,Low,Critical - Reorder Now
P1054,2024-02-24,S10,304,39,9,76,No,Low,No,351,182.3,533.3,806.3,502.3,7.79,32.02,Low,Critical - Reorder Now
P1055,2024-02-25,S4,40,80,1,95,No,High,No,80,55.61,135.61,695.61,655.61,0.5,22.9,Low,Critical - Reorder Now
P1056,2024-02-26,S18,16,109,7,76,No,Medium,No,763,160.77,923.77,1686.77,1670.77,0.15,13.6,Low,Critical - Reorder Now
P1057,2024-02-27,S12,343,57,10,73,No,High,Yes,570,194.73,764.73,1163.73,820.73,6.02,65.84,Medium,Critical - Reorder Now
P1058,2024-02-28,S2,276,48,11,68,Yes,Low,Yes,528,208.73,736.73,1072.73,796.73,5.75,79.91,High,Critical - Reorder Now
P1059,2024-02-29,S10,306,30,5,89,Yes,Low,No,150,127.99,277.99,487.99,181.99,10.2,28.96,Low,Low Stock
P1060,2024-03-01,S4,58,51,12,80,Yes,High,Yes,612,206.74,818.74,1175.74,1117.74,1.14,69.87,Medium,Critical - Reorder Now
P1061,2024-03-02,S14,422,38,8,71,Yes,High,Yes,304,175.71,479.71,745.71,323.71,11.11,63.35,Medium,Critical - Reorder Now
P1062,2024-03-03,S16,182,91,14,96,Yes,Low,No,1274,207.06,1481.06,2118.06,1936.06,2.0,17.66,Low,Critical - Reorder Now
P1063,2024-03-04,S15,40,99,7,91,No,High,Yes,693,150.0,843.0,1536.0,1496.0,0.4,79.2,High,Critical - Reorder Now
P1064,2024-03-05,S8,38,54,4,70,No,Low,No,216,124.79,340.79,718.79,680.79,0.7,27.21,Low,Critical - Reorder Now
P1065,2024-03-06,S14,396,88,4,79,No,High,No,352,119.9,471.9,1087.9,691.9,4.5,5.88,Low,Critical - Reorder Now
P1066,2024-03-07,S8,191,16,6,94,Yes,Low,No,96,136.88,232.88,344.88,153.88,11.94,21.44,Low,Critical - Reorder Now
P1067,2024-03-08,S16,266,91,6,70,Yes,Low,No,546,152.83,698.83,1335.83,1069.83,2.92,39.08,Low,Critical - Reorder Now
P1068,2024-03-09,S13,493,8,9,67,No,Medium,No,72,189.62,261.62,317.62,0.0,61.62,19.91,Low,Overstock
P1069,2024-03-10,S18,146,91,12,63,No,Low,Yes,1092,222.71,1314.71,1951.71,1805.71,1.6,60.25,Medium,Critical - Reorder Now
P1070,2024-03-11,S15,394,52,5,86,No,Low,Yes,260,129.81,389.81,753.81,359.81,7.58,71.92,High,High Risk
P1071,2024-03-12,S13,332,59,8,99,No,Medium,No,472,154.22,626.22,1039.22,707.22,5.63,21.32,Low,Critical - Reorder Now
P1072,2024-03-13,S9,126,116,5,97,No,Medium,Yes,580,123.14,703.14,1515.14,1389.14,1.09,73.44,High,Critical - Reorder Now
P1073,2024-03-14,S15,45,5,2,89,No,High,Yes,10,80.95,90.95,125.95,80.95,9.0,36.73,Low,Critical - Reorder Now
P1074,2024-03-15,S13,44,93,6,86,Yes,High,No,558,142.2,700.2,1351.2,1307.2,0.47,27.98,Low,Critical - Reorder Now
P1075,2024-03-16,S1,0,70,9,80,No,Low,No,630,179.04,809.04,1299.04,1299.04,0.0,24.92,Low,Critical - Reorder Now
P1076,2024-03-17,S7,167,34,13,79,No,High,No,442,216.16,658.16,896.16,729.16,4.91,27.06,Low,Critical - Reorder Now
P1077,2024-03-18,S9,107,7,3,63,Yes,High,Yes,21,111.36,132.36,181.36,74.36,15.29,72.3,High,Critical - Reorder Now
P1078,2024-03-19,S1,18,25,1,70,No,Low,No,25,62.39,87.39,262.39,244.39,0.72,48.6,Medium,Critical - Reorder Now
P1079,2024-03-20,S12,331,93,1,72,No,Medium,No,93,61.85,154.85,805.85,474.85,3.56,10.21,Low,Low Stock
P1080,2024-03-21,S8,71,88,13,68,No,Medium,Yes,1144,226.92,1370.92,1986.92,1915.92,0.81,74.21,High,Critical - Reorder Now
P1081,2024-03-22,S11,455,53,3,63,Yes,Low,Yes,159,111.36,270.36,641.36,186.36,8.58,59.98,Medium,Low Stock
P1082,2024-03-23,S19,444,90,10,71,No,Low,No,900,196.45,1096.45,1726.45,1282.45,4.93,21.65,Low,Critical - Reorder Now
P1083,2024-03-24,S17,108,89,5,68,No,Low,No,445,140.73,585.73,1208.73,1100.73,1.21,28.68,Low,Critical - Reorder Now
P1084,2024-03-25,S8,267,66,3,72,No,Low,No,198,107.13,305.13,767.13,500.13,4.05,24.26,Low,Critical - Reorder Now
P1085,2024-03-26,S3,444,101,9,85,Yes,Low,Yes,909,174.97,1083.97,1790.97,1346.97,4.4,75.23,High,Critical - Reorder Now
P1086,2024-03-27,S3,239,42,8,97,No,Low,No,336,155.76,491.76,785.76,546.76,5.69,27.59,Low,Critical - Reorder Now
P1087,2024-03-28,S1,416,19,3,72,No,High,No,57,107.13,164.13,297.13,0.0,21.89,11.81,Low,Overstock
P1088,2024-03-29,S5,300,114,9,98,No,High,Yes,1026,164.39,1190.39,1988.39,1688.39,2.63,30.91,Low,Critical - Reorder Now
P1089,2024-03-30,S10,89,56,13,87,Yes,High,Yes,728,208.33,936.33,1328.33,1239.33,1.59,67.52,Medium,Critical - Reorder Now
P1090,2024-03-31,S7,102,83,6,78,No,Medium,No,498,147.52,645.52,1226.52,1124.52,1.23,4.13,Low,Critical - Reorder Now
P1091,2024-04-01,S9,475,50,13,83,No,Low,No,650,212.25,862.25,1212.25,737.25,9.5,18.15,Low,Critical - Reorder Now
P1092,2024-04-02,S7,249,29,7,78,Yes,Low,No,203,159.34,362.34,565.34,316.34,8.59,30.91,Low,Critical - Reorder Now
P1093,2024-04-03,S9,452,25,4,72,No,High,No,100,123.7,223.7,398.7,0.0,18.08,13.26,Low,Healthy
P1094,2024-04-04,S8,7,92,4,72,No,Medium,No,368,123.7,491.7,1135.7,1128.7,0.08,35.92,Low,Critical - Reorder Now
P1095,2024-04-05,S12,152,9,12,87,Yes,High,No,108,200.16,308.16,371.16,219.16,16.89,27.89,Low,Critical - Reorder Now
P1096,2024-04-06,S2,346,74,13,61,No,Low,No,962,233.76,1195.76,1713.76,1367.76,4.68,21.32,Low,Critical - Reorder Now
P1097,2024-04-07,S1,173,117,2,69,Yes,Low,No,234,88.62,322.62,1141.62,968.62,1.48,30.91,Low,Critical - Reorder Now
P1098,2024-04-08,S16,342,111,5,81,No,High,No,555,132.84,687.84,1464.84,1122.84,3.08,12.72,Low,Critical - Reorder Now
P1099,2024-04-09,S5,157,116,8,72,No,High,No,928,174.94,1102.94,1914.94,1757.94,1.35,34.01,Low,Critical - Reorder Now
P1100,2024-04-10,S3,492,112,7,68,No,Low,Yes,784,166.51,950.51,1734.51,1242.51,4.39,54.42,Medium,Critical - Reorder Now
P1101,2024-04-11,S12,430,51,7,92,No,High,No,357,149.29,506.29,863.29,433.29,8.43,25.5,Low,Critical - Reorder Now
P1102,2024-04-12,S8,214,91,6,73,Yes,Low,Yes,546,150.84,696.84,1333.84,1119.84,2.35,67.6,Medium,Critical - Reorder Now
P1103,2024-04-13,S3,176,72,3,79,No,High,No,216,103.84,319.84,823.84,647.84,2.44,8.81,Low,Critical - Reorder Now
P1104,2024-04-14,S1,174,95,5,74,No,Medium,No,475,137.09,612.09,1277.09,1103.09,1.83,31.42,Low,Critical - Reorder Now
P1105,2024-04-15,S3,339,22,13,91,No,Low,No,286,204.42,490.42,644.42,305.42,15.41,10.51,Low,Critical - Reorder Now
P1106,2024-04-16,S5,337,25,1,92,No,Medium,No,25,56.43,81.43,256.43,0.0,13.48,10.14,Low,Overstock
P1107,2024-04-17,S15,145,96,7,76,No,High,No,672,160.77,832.77,1504.77,1359.77,1.51,30.36,Low,Critical - Reorder Now
P1108,2024-04-18,S14,449,103,9,83,Yes,Medium,Yes,927,176.6,1103.6,1824.6,1375.6,4.36,71.42,High,Critical - Reorder Now
P1109,2024-04-19,S3,323,90,1,89,Yes,High,Yes,90,57.24,147.24,777.24,454.24,3.59,68.9,Medium,Low Stock
P1110,2024-04-20,S1,477,108,13,72,Yes,Medium,No,1404,223.01,1627.01,2383.01,1906.01,4.42,24.82,Low,Critical - Reorder Now
P1111,2024-04-21,S5,160,27,2,75,No,Medium,No,54,86.32,140.32,329.32,169.32,5.93,20.48,Low,Low Stock
P1112,2024-04-22,S14,126,68,3,61,Yes,Medium,No,204,112.3,316.3,792.3,666.3,1.85,9.95,Low,Critical - Reorder Now
P1113,2024-04-23,S7,419,71,3,76,Yes,Low,No,213,105.25,318.25,815.25,396.25,5.9,20.26,Low,Low Stock
P1114,2024-04-24,S9,81,44,8,91,No,Medium,Yes,352,160.36,512.36,820.36,739.36,1.84,71.75,High,Critical - Reorder Now
P1115,2024-04-25,S15,484,118,7,67,Yes,High,No,826,167.23,993.23,1819.23,1335.23,4.1,22.99,Low,Critical - Reorder Now
P1116,2024-04-26,S15,146,14,6,62,No,High,No,84,158.15,242.15,340.15,194.15,10.43,13.66,Low,Critical - Reorder Now
P1117,2024-04-27,S10,238,93,10,71,Yes,Low,No,930,196.45,1126.45,1777.45,1539.45,2.56,28.27,Low,Critical - Reorder Now
P1118,2024-04-28,S13,411,56,10,79,Yes,Low,No,560,189.58,749.58,1141.58,730.58,7.34,22.07,Low,Critical - Reorder Now
P1119,2024-04-29,S19,423,117,11,75,No,High,Yes,1287,202.44,1489.44,2308.44,1885.44,3.62,66.78,Medium,Critical - Reorder Now
P1120,2024-04-30,S7,83,76,4,73,Yes,Medium,No,304,123.16,427.16,959.16,876.16,1.09,25.44,Low,Critical - Reorder Now
P1121,2024-05-01,S17,112,79,9,75,No,High,Yes,711,183.11,894.11,1447.11,1335.11,1.42,65.56,Medium,Critical - Reorder Now
P1122,2024-05-02,S20,224,65,1,92,No,Low,Yes,65,56.43,121.43,576.43,352.43,3.45,75.56,High,High Risk
P1123,2024-05-03,S4,331,68,11,89,Yes,Low,No,748,189.84,937.84,1413.84,1082.84,4.87,25.95,Low,Critical - Reorder Now
P1124,2024-05-04,S5,377,9,2,71,Yes,High,No,18,87.85,105.85,168.85,0.0,41.89,13.49,Low,Overstock
P1125,2024-05-05,S7,242,113,14,74,No,Medium,No,1582,229.39,1811.39,2602.39,2360.39,2.14,13.46,Low,Critical - Reorder Now
P1126,2024-05-06,S13,142,57,4,77,Yes,Medium,No,228,120.99,348.99,747.99,605.99,2.49,27.92,Low,Critical - Reorder Now
P1127,2024-05-07,S15,40,59,3,87,Yes,Low,No,177,100.08,277.08,690.08,650.08,0.68,12.4,Low,Critical - Reorder Now
P1128,2024-05-08,S11,422,41,1,82,No,High,No,41,59.14,100.14,387.14,0.0,10.29,14.44,Low,Healthy
P1129,2024-05-09,S4,257,60,5,73,No,High,Yes,300,137.7,437.7,857.7,600.7,4.28,23.06,Low,Critical - Reorder Now
P1130,2024-05-10,S13,446,63,7,89,No,Low,No,441,151.44,592.44,1033.44,587.44,7.08,23.6,Low,Critical - Reorder Now
P1131,2024-05-11,S7,284,113,2,92,No,High,No,226,79.8,305.8,1096.8,812.8,2.51,36.11,Low,Critical - Reorder Now
P1132,2024-05-12,S19,104,106,5,74,No,Low,No,530,137.09,667.09,1409.09,1305.09,0.98,26.33,Low,Critical - Reorder Now
P1133,2024-05-13,S2,201,97,6,66,Yes,Medium,Yes,582,155.49,737.49,1416.49,1215.49,2.07,61.47,Medium,Critical - Reorder Now
P1134,2024-05-14,S10,449,73,11,74,No,Medium,Yes,803,203.34,1006.34,1517.34,1068.34,6.15,27.54,Low,Critical - Reorder Now
P1135,2024-05-15,S13,306,77,7,97,No,High,No,539,145.7,684.7,1223.7,917.7,3.97,22.04,Low,Critical - Reorder Now
P1136,2024-05-16,S6,330,63,1,70,No,Medium,No,63,62.39,125.39,566.39,236.39,5.24,15.66,Low,Low Stock
P1137,2024-05-17,S12,460,116,7,88,No,Medium,No,812,152.16,964.16,1776.16,1316.16,3.97,28.52,Low,Critical - Reorder Now
P1138,2024-05-18,S12,265,6,4,90,Yes,Low,No,24,113.94,137.94,179.94,0.0,44.17,29.34,Low,Overstock
P1139,2024-05-19,S20,397,69,8,84,Yes,Low,No,552,165.73,717.73,1200.73,803.73,5.75,19.19,Low,Critical - Reorder Now
P1140,2024-05-20,S11,209,108,13,83,No,High,No,1404,212.25,1616.25,2372.25,2163.25,1.94,14.28,Low,Critical - Reorder Now
P1141,2024-05-21,S7,50,64,4,78,No,Low,No,256,120.45,376.45,824.45,774.45,0.78,23.46,Low,Critical - Reorder Now
P1142,2024-05-22,S1,117,55,6,61,Yes,High,Yes,330,158.81,488.81,873.81,756.81,2.13,19.1,Low,Critical - Reorder Now
P1143,2024-05-23,S1,200,34,9,81,Yes,High,No,306,178.23,484.23,722.23,522.23,5.88,17.62,Low,Critical - Reorder Now
P1144,2024-05-24,S20,376,15,5,79,No,Low,No,75,134.06,209.06,314.06,0.0,25.07,17.69,Low,Healthy
P1145,2024-05-25,S13,38,96,14,92,No,Medium,Yes,1344,211.12,1555.12,2227.12,2189.12,0.4,65.6,Medium,Critical - Reorder Now
P1146,2024-05-26,S9,27,112,12,67,No,Medium,Yes,1344,218.96,1562.96,2346.96,2319.96,0.24,67.61,Medium,Critical - Reorder Now
P1147,2024-05-27,S3,258,80,4,84,No,Medium,Yes,320,117.19,437.19,997.19,739.19,3.22,64.07,Medium,Critical - Reorder Now
P1148,2024-05-28,S7,83,43,8,68,Yes,Medium,No,344,178.01,522.01,823.01,740.01,1.93,18.49,Low,Critical - Reorder Now
P1149,2024-05-29,S6,453,94,13,93,Yes,High,No,1222,202.47,1424.47,2082.47,1629.47,4.82,9.68,Low,Critical - Reorder Now
P1150,2024-05-30,S8,154,81,9,82,No,Medium,No,729,177.41,906.41,1473.41,1319.41,1.9,10.83,Low,Critical - Reorder Now
P1151,2024-05-31,S9,116,76,4,64,No,High,No,304,128.04,432.04,964.04,848.04,1.53,6.96,Low,Critical - Reorder Now
P1152,2024-06-01,S5,1,67,3,84,Yes,Low,No,201,101.49,302.49,771.49,770.49,0.01,19.76,Low,Critical - Reorder Now
P1153,2024-06-02,S1,92,68,8,67,Yes,Low,Yes,544,178.78,722.78,1198.78,1106.78,1.35,6.3,Low,Critical - Reorder Now
P1154,2024-06-03,S19,165,65,14,75,No,High,Yes,910,228.38,1138.38,1593.38,1428.38,2.54,54.96,Medium,Critical - Reorder Now
P1155,2024-06-04,S10,386,58,5,74,No,Medium,No,290,137.09,427.09,833.09,447.09,6.66,22.26,Low,Critical - Reorder Now
P1156,2024-06-05,S12,399,96,2,60,No,High,No,192,92.07,284.07,956.07,557.07,4.16,23.79,Low,Low Stock
P1157,2024-06-06,S15,349,98,10,81,Yes,Medium,No,980,187.87,1167.87,1853.87,1504.87,3.56,23.2,Low,Critical - Reorder Now
P1158,2024-06-07,S9,295,77,9,62,No,Medium,No,693,193.69,886.69,1425.69,1130.69,3.83,35.1,Low,Critical - Reorder Now
P1159,2024-06-08,S20,257,107,3,97,No,High,No,321,95.38,416.38,1165.38,908.38,2.4,22.28,Low,Critical - Reorder Now
P1160,2024-06-09,S17,80,99,12,73,No,High,No,1188,213.32,1401.32,2094.32,2014.32,0.81,27.47,Low,Critical - Reorder Now
P1161,2024-06-10,S17,424,62,2,95,No,Medium,Yes,124,78.65,202.65,636.65,212.65,6.84,57.15,Medium,Low Stock
P1162,2024-06-11,S20,267,89,1,77,No,High,No,89,60.49,149.49,772.49,505.49,3.0,19.23,Low,Low Stock
P1163,2024-06-12,S12,418,60,14,77,No,Medium,Yes,840,226.35,1066.35,1486.35,1068.35,6.97,68.82,Medium,Critical - Reorder Now
P1164,2024-06-13,S7,234,115,8,62,No,High,No,920,182.61,1102.61,1907.61,1673.61,2.03,37.3,Low,Critical - Reorder Now
P1165,2024-06-14,S2,320,38,11,69,No,Low,Yes,418,207.83,625.83,891.83,571.83,8.42,68.94,Medium,Critical - Reorder Now
P1166,2024-06-15,S3,310,35,3,98,No,Medium,No,105,94.91,199.91,444.91,134.91,8.86,13.37,Low,Low Stock
P1167,2024-06-16,S17,300,56,7,60,No,Low,No,392,172.25,564.25,956.25,656.25,5.36,21.24,Low,Critical - Reorder Now
P1168,2024-06-17,S5,462,93,1,86,No,High,No,93,58.05,151.05,802.05,340.05,4.97,6.77,Low,Low Stock
P1169,2024-06-18,S17,473,80,1,86,No,Low,No,80,58.05,138.05,698.05,225.05,5.91,12.02,Low,Low Stock
P1170,2024-06-19,S17,356,5,12,70,No,High,No,60,216.14,276.14,311.14,0.0,71.2,10.4,Low,Healthy
P1171,2024-06-20,S17,212,59,9,64,No,Medium,No,531,192.06,723.06,1136.06,924.06,3.59,11.12,Low,Critical - Reorder Now
P1172,2024-06-21,S2,61,26,12,66,No,High,No,312,219.9,531.9,713.9,652.9,2.35,8.8,Low,Critical - Reorder Now
P1173,2024-06-22,S2,48,44,8,78,No,High,No,352,170.34,522.34,830.34,782.34,1.09,22.65,Low,Critical - Reorder Now
P1174,2024-06-23,S5,126,105,12,88,No,Medium,Yes,1260,199.22,1459.22,2194.22,2068.22,1.2,55.45,Medium,Critical - Reorder Now
P1175,2024-06-24,S1,222,115,13,74,No,High,No,1495,221.05,1716.05,2521.05,2299.05,1.93,30.61,Low,Critical - Reorder Now
P1176,2024-06-25,S1,408,5,3,94,Yes,Medium,No,15,96.79,111.79,146.79,0.0,81.6,15.53,Low,Overstock
P1177,2024-06-26,S19,278,69,6,96,No,High,No,414,135.55,549.55,1032.55,754.55,4.03,23.04,Low,Critical - Reorder Now
P1178,2024-06-27,S2,407,67,11,71,Yes,Medium,No,737,206.04,943.04,1412.04,1005.04,6.07,17.6,Low,Critical - Reorder Now
P1179,2024-06-28,S12,293,110,3,89,Yes,Low,Yes,330,99.14,429.14,1199.14,906.14,2.66,30.01,Low,Critical - Reorder Now
P1180,2024-06-29,S6,283,58,13,79,No,High,No,754,216.16,970.16,1376.16,1093.16,4.88,32.42,Low,Critical - Reorder Now
P1181,2024-06-30,S4,276,46,12,96,Yes,High,No,552,191.7,743.7,1065.7,789.7,6.0,19.98,Low,Critical - Reorder Now
P1182,2024-07-01,S11,437,25,4,62,Yes,High,Yes,100,129.13,229.13,404.13,0.0,17.48,30.98,Low,Healthy
P1183,2024-07-02,S17,106,83,1,68,Yes,Medium,No,83,62.94,145.94,726.94,620.94,1.28,25.74,Low,Critical - Reorder Now
P1184,2024-07-03,S6,145,85,5,98,Yes,High,No,425,122.53,547.53,1142.53,997.53,1.71,21.05,Low,Critical - Reorder Now
P1185,2024-07-04,S5,419,26,1,85,No,Medium,Yes,26,58.32,84.32,266.32,0.0,16.12,9.48,Low,Overstock
P1186,2024-07-05,S20,98,42,13,61,No,High,Yes,546,233.76,779.76,1073.76,975.76,2.33,81.87,High,Critical - Reorder Now
P1187,2024-07-06,S2,428,103,1,82,No,Low,No,103,59.14,162.14,883.14,455.14,4.16,10.36,Low,Low Stock
P1188,2024-07-07,S6,374,113,10,82,No,High,Yes,1130,187.01,1317.01,2108.01,1734.01,3.31,67.26,Medium,Critical - Reorder Now
P1189,2024-07-08,S11,72,84,11,80,Yes,Low,No,924,197.94,1121.94,1709.94,1637.94,0.86,9.21,Low,Critical - Reorder Now
P1190,2024-07-09,S16,436,12,11,75,Yes,Medium,No,132,202.44,334.44,418.44,0.0,36.33,17.59,Low,Healthy
P1191,2024-07-10,S16,485,66,14,68,No,Low,No,924,235.48,1159.48,1621.48,1136.48,7.35,14.16,Low,Critical - Reorder Now
P1192,2024-07-11,S1,121,51,7,72,No,High,No,357,163.64,520.64,877.64,756.64,2.37,27.46,Low,Critical - Reorder Now
P1193,2024-07-12,S9,29,21,12,87,No,High,No,252,200.16,452.16,599.16,570.16,1.38,30.6,Low,Critical - Reorder Now
P1194,2024-07-13,S6,187,21,6,86,No,Medium,No,126,142.2,268.2,415.2,228.2,8.9,27.63,Low,Critical - Reorder Now
P1195,2024-07-14,S16,363,94,2,76,No,High,No,188,85.94,273.94,931.94,568.94,3.86,10.79,Low,Low Stock
P1196,2024-07-15,S3,353,17,14,97,No,High,No,238,206.05,444.05,563.05,210.05,20.76,14.5,Low,Critical - Reorder Now
P1197,2024-07-16,S20,287,21,11,95,No,Medium,No,231,184.44,415.44,562.44,275.44,13.67,8.59,Low,Critical - Reorder Now
P1198,2024-07-17,S4,450,42,12,60,No,Medium,No,504,225.53,729.53,1023.53,573.53,10.71,10.0,Low,Critical - Reorder Now
P1199,2024-07-18,S19,194,85,2,77,Yes,Low,Yes,170,85.55,255.55,850.55,656.55,2.28,68.9,Medium,Critical - Reorder Now
P1200,2024-07-19,S3,155,116,11,68,No,Medium,No,1276,208.73,1484.73,2296.73,2141.73,1.34,38.13,Low,Critical - Reorder Now
P1201,2024-07-20,S19,171,82,7,72,No,High,No,574,163.64,737.64,1311.64,1140.64,2.09,29.5,Low,Critical - Reorder Now
P1202,2024-07-21,S20,334,49,1,99,No,Medium,No,49,54.53,103.53,446.53,112.53,6.82,13.74,Low,Low Stock
P1203,2024-07-22,S7,40,10,13,74,No,High,Yes,130,221.05,351.05,421.05,381.05,4.0,22.01,Low,Critical - Reorder Now
P1204,2024-07-23,S20,62,39,2,63,Yes,Low,No,78,90.92,168.92,441.92,379.92,1.59,29.67,Low,Critical - Reorder Now
P1205,2024-07-24,S9,22,114,12,92,No,Medium,No,1368,195.46,1563.46,2361.46,2339.46,0.19,38.06,Low,Critical - Reorder Now
P1206,2024-07-25,S1,359,18,8,83,No,High,No,144,166.5,310.5,436.5,77.5,19.94,37.39,Low,Low Stock
P1207,2024-07-26,S8,74,115,6,95,Yes,Medium,No,690,136.22,826.22,1631.22,1557.22,0.64,48.35,Medium,Critical - Reorder Now
P1208,2024-07-27,S7,47,76,14,69,No,Medium,No,1064,234.47,1298.47,1830.47,1783.47,0.62,41.79,Medium,Critical - Reorder Now
P1209,2024-07-28,S18,159,65,2,95,Yes,Medium,No,130,78.65,208.65,663.65,504.65,2.45,35.15,Low,Critical - Reorder Now
P1210,2024-07-29,S8,312,19,7,79,No,Medium,No,133,158.62,291.62,424.62,112.62,16.42,20.44,Low,Low Stock
P1211,2024-07-30,S1,117,58,4,70,No,Low,Yes,232,124.79,356.79,762.79,645.79,2.02,62.2,Medium,Critical - Reorder Now
P1212,2024-07-31,S11,99,31,2,71,No,High,No,62,87.85,149.85,366.85,267.85,3.19,13.1,Low,Critical - Reorder Now
P1213,2024-08-01,S18,379,17,12,77,Yes,Medium,Yes,204,209.56,413.56,532.56,153.56,22.29,60.39,Medium,Critical - Reorder Now
P1214,2024-08-02,S10,416,117,6,89,No,High,No,702,140.21,842.21,1661.21,1245.21,3.56,35.09,Low,Critical - Reorder Now
P1215,2024-08-03,S3,407,35,11,96,No,Low,Yes,385,183.54,568.54,813.54,406.54,11.63,21.07,Low,Critical - Reorder Now
P1216,2024-08-04,S7,166,39,9,79,Yes,High,No,351,179.86,530.86,803.86,637.86,4.26,19.88,Low,Critical - Reorder Now
P1217,2024-08-05,S16,289,64,11,84,No,High,No,704,194.34,898.34,1346.34,1057.34,4.52,34.21,Low,Critical - Reorder Now
P1218,2024-08-06,S16,439,10,9,71,No,Low,No,90,186.37,276.37,346.37,0.0,43.9,47.9,Medium,Overstock
P1219,2024-08-07,S20,155,73,14,80,Yes,Medium,No,1022,223.3,1245.3,1756.3,1601.3,2.12,57.78,Medium,Critical - Reorder Now
P1220,2024-08-08,S17,420,90,8,84,No,High,No,720,165.73,885.73,1515.73,1095.73,4.67,13.26,Low,Critical - Reorder Now
P1221,2024-08-09,S2,6,62,3,70,No,High,Yes,186,108.07,294.07,728.07,722.07,0.1,69.4,Medium,Critical - Reorder Now
P1222,2024-08-10,S1,195,53,3,68,No,Medium,No,159,109.01,268.01,639.01,444.01,3.68,18.09,Low,Critical - Reorder Now
P1223,2024-08-11,S16,420,27,2,84,No,Medium,No,54,82.87,136.87,325.87,0.0,15.56,12.18,Low,Overstock
P1224,2024-08-12,S12,55,93,5,94,Yes,High,Yes,465,124.96,589.96,1240.96,1185.96,0.59,47.51,Medium,Critical - Reorder Now
P1225,2024-08-13,S5,320,38,14,91,No,Low,Yes,532,212.14,744.14,1010.14,690.14,8.42,56.62,Medium,Critical - Reorder Now
P1226,2024-08-14,S5,192,30,12,73,No,Medium,No,360,213.32,573.32,783.32,591.32,6.4,17.06,Low,Critical - Reorder Now
P1227,2024-08-15,S9,46,51,14,60,Yes,Medium,Yes,714,243.6,957.6,1314.6,1268.6,0.9,71.59,High,Critical - Reorder Now
P1228,2024-08-16,S9,147,9,4,76,No,Low,No,36,121.53,157.53,220.53,73.53,16.33,14.22,Low,Critical - Reorder Now
P1229,2024-08-17,S3,274,94,7,84,No,High,Yes,658,155.03,813.03,1471.03,1197.03,2.91,69.41,Medium,Critical - Reorder Now
P1230,2024-08-18,S19,156,24,4,67,No,Medium,No,96,126.41,222.41,390.41,234.41,6.5,16.58,Low,Critical - Reorder Now
P1231,2024-08-19,S16,201,10,9,64,Yes,High,Yes,90,192.06,282.06,352.06,151.06,20.1,63.11,Medium,Critical - Reorder Now
P1232,2024-08-20,S16,443,74,12,64,No,High,No,888,221.77,1109.77,1627.77,1184.77,5.99,11.39,Low,Critical - Reorder Now
P1233,2024-08-21,S3,401,63,12,94,Yes,High,No,756,193.58,949.58,1390.58,989.58,6.37,16.42,Low,Critical - Reorder Now
P1234,2024-08-22,S20,475,68,2,78,No,Low,No,136,85.17,221.17,697.17,222.17,6.99,16.94,Low,Low Stock
P1235,2024-08-23,S1,418,118,11,82,No,High,No,1298,196.14,1494.14,2320.14,1902.14,3.54,32.66,Low,Critical - Reorder Now
P1236,2024-08-24,S20,426,22,14,68,No,High,No,308,235.48,543.48,697.48,271.48,19.36,5.92,Low,Critical - Reorder Now
P1237,2024-08-25,S11,494,8,6,89,Yes,Medium,Yes,48,140.21,188.21,244.21,0.0,61.75,26.42,Low,Overstock
P1238,2024-08-26,S17,478,21,7,75,No,Medium,Yes,147,161.49,308.49,455.49,0.0,22.76,38.66,Low,Healthy
P1239,2024-08-27,S8,474,18,4,92,Yes,Low,Yes,72,112.85,184.85,310.85,0.0,26.33,52.82,Medium,Overstock
P1240,2024-08-28,S4,125,82,13,61,Yes,Low,No,1066,233.76,1299.76,1873.76,1748.76,1.52,13.65,Low,Critical - Reorder Now
P1241,2024-08-29,S6,394,17,6,73,No,Medium,No,102,150.84,252.84,371.84,0.0,23.18,34.23,Low,Healthy
P1242,2024-08-30,S8,304,11,7,60,No,Medium,No,77,172.25,249.25,326.25,22.25,27.64,28.2,Low,Low Stock
P1243,2024-08-31,S20,368,48,4,85,Yes,Low,No,192,116.65,308.65,644.65,276.65,7.67,52.27,Medium,Low Stock
P1244,2024-09-01,S3,293,19,8,84,Yes,High,No,152,165.73,317.73,450.73,157.73,15.42,27.54,Low,Critical - Reorder Now
P1245,2024-09-02,S16,63,23,9,75,No,Low,No,207,183.11,390.11,551.11,488.11,2.74,15.28,Low,Critical - Reorder Now
P1246,2024-09-03,S3,324,67,1,74,No,High,No,67,61.31,128.31,597.31,273.31,4.84,17.36,Low,Low Stock
P1247,2024-09-04,S18,391,111,7,85,Yes,Medium,No,777,154.31,931.31,1708.31,1317.31,3.52,36.26,Low,Critical - Reorder Now
P1248,2024-09-05,S14,417,115,9,75,No,Medium,Yes,1035,183.11,1218.11,2023.11,1606.11,3.63,64.94,Medium,Critical - Reorder Now
P1249,2024-09-06,S18,175,112,12,73,No,Medium,No,1344,213.32,1557.32,2341.32,2166.32,1.56,15.16,Low,Critical - Reorder Now
P1250,2024-09-07,S2,115,39,10,88,No,High,No,390,181.86,571.86,844.86,729.86,2.95,29.4,Low,Critical - Reorder Now
P1251,2024-09-08,S3,439,85,5,83,No,Low,No,425,131.63,556.63,1151.63,712.63,5.16,25.4,Low,Critical - Reorder Now
P1252,2024-09-09,S16,203,39,12,74,Yes,High,No,468,212.38,680.38,953.38,750.38,5.21,14.52,Low,Critical - Reorder Now
P1253,2024-09-10,S9,485,23,2,78,No,Low,No,46,85.17,131.17,292.17,0.0,21.09,14.81,Low,Overstock
P1254,2024-09-11,S4,320,24,10,67,No,Low,No,240,199.88,439.88,607.88,287.88,13.33,31.7,Low,Critical - Reorder Now
P1255,2024-09-12,S1,30,104,6,93,No,Low,Yes,624,137.55,761.55,1489.55,1459.55,0.29,78.78,High,Critical - Reorder Now
P1256,2024-09-13,S4,387,39,12,61,No,Medium,No,468,224.59,692.59,965.59,578.59,9.92,20.63,Low,Critical - Reorder Now
P1257,2024-09-14,S1,112,36,12,86,No,Low,No,432,201.1,633.1,885.1,773.1,3.11,27.47,Low,Critical - Reorder Now
P1258,2024-09-15,S14,364,52,7,69,Yes,Medium,No,364,165.79,529.79,893.79,529.79,7.0,23.03,Low,Critical - Reorder Now
P1259,2024-09-16,S16,433,48,2,94,Yes,Low,No,96,79.03,175.03,511.03,78.03,9.02,37.17,Low,Low Stock
P1260,2024-09-17,S20,324,108,2,82,Yes,Low,Yes,216,83.63,299.63,1055.63,731.63,3.0,21.04,Low,Low Stock
P1261,2024-09-18,S8,413,28,10,67,No,Medium,No,280,199.88,479.88,675.88,262.88,14.75,26.98,Low,Critical - Reorder Now
P1262,2024-09-19,S7,375,65,14,87,No,Medium,No,910,216.2,1126.2,1581.2,1206.2,5.77,13.45,Low,Critical - Reorder Now
P1263,2024-09-20,S3,343,21,12,82,No,High,No,252,204.86,456.86,603.86,260.86,16.33,21.72,Low,Critical - Reorder Now
P1264,2024-09-21,S17,442,75,10,63,Yes,Low,No,750,203.31,953.31,1478.31,1036.31,5.89,14.89,Low,Critical - Reorder Now
P1265,2024-09-22,S1,66,111,1,73,No,Medium,Yes,111,61.58,172.58,949.58,883.58,0.59,64.41,Medium,Critical - Reorder Now
P1266,2024-09-23,S16,74,54,4,88,No,High,Yes,216,115.02,331.02,709.02,635.02,1.37,62.86,Medium,Critical - Reorder Now
P1267,2024-09-24,S12,44,69,7,60,No,High,No,483,172.25,655.25,1138.25,1094.25,0.64,17.03,Low,Critical - Reorder Now
P1268,2024-09-25,S19,259,103,14,63,Yes,Medium,No,1442,240.56,1682.56,2403.56,2144.56,2.51,28.23,Low,Critical - Reorder Now
P1269,2024-09-26,S14,153,36,9,91,Yes,Low,No,324,170.09,494.09,746.09,593.09,4.25,40.44,Medium,Critical - Reorder Now
P1270,2024-09-27,S6,154,40,3,92,No,High,No,120,97.73,217.73,497.73,343.73,3.85,13.89,Low,Critical - Reorder Now
P1271,2024-09-28,S6,429,17,12,85,No,Low,Yes,204,202.04,406.04,525.04,96.04,25.24,33.19,Low,Low Stock
P1272,2024-09-29,S13,362,74,11,76,Yes,Low,Yes,814,201.54,1015.54,1533.54,1171.54,4.89,62.01,Medium,Critical - Reorder Now
P1273,2024-09-30,S19,447,62,7,98,No,High,No,434,144.98,578.98,1012.98,565.98,7.21,19.66,Low,Critical - Reorder Now
P1274,2024-10-01,S8,474,18,7,82,Yes,Medium,No,126,156.46,282.46,408.46,0.0,26.33,31.98,Low,Healthy
P1275,2024-10-02,S2,233,41,7,91,No,Low,No,287,150.0,437.0,724.0,491.0,5.68,62.93,Medium,Critical - Reorder Now
P1276,2024-10-03,S1,50,116,2,74,No,Medium,No,232,86.7,318.7,1130.7,1080.7,0.43,42.57,Medium,Critical - Reorder Now
P1277,2024-10-04,S15,305,83,6,72,Yes,High,No,498,151.5,649.5,1230.5,925.5,3.67,28.13,Low,Critical - Reorder Now
P1278,2024-10-05,S1,261,115,2,61,No,Low,Yes,230,91.69,321.69,1126.69,865.69,2.27,62.11,Medium,Critical - Reorder Now
P1279,2024-10-06,S5,314,72,6,78,No,Medium,No,432,147.52,579.52,1083.52,769.52,4.36,13.3,Low,Critical - Reorder Now
P1280,2024-10-07,S16,124,44,13,83,Yes,Medium,Yes,572,212.25,784.25,1092.25,968.25,2.82,50.74,Medium,Critical - Reorder Now
P1281,2024-10-08,S19,398,63,10,83,No,Low,No,630,186.15,816.15,1257.15,859.15,6.32,14.19,Low,Critical - Reorder Now
P1282,2024-10-09,S4,244,84,3,70,Yes,Medium,No,252,108.07,360.07,948.07,704.07,2.9,29.66,Low,Critical - Reorder Now
P1283,2024-10-10,S3,29,96,14,81,Yes,Medium,No,1344,222.29,1566.29,2238.29,2209.29,0.3,28.46,Low,Critical - Reorder Now
P1284,2024-10-11,S17,425,20,2,74,Yes,High,No,40,86.7,126.7,266.7,0.0,21.25,13.77,Low,Overstock
P1285,2024-10-12,S17,484,66,12,69,Yes,High,No,792,217.08,1009.08,1471.08,987.08,7.33,15.17,Low,Critical - Reorder Now
P1286,2024-10-13,S12,121,8,14,86,Yes,Medium,No,112,217.21,329.21,385.21,264.21,15.12,23.61,Low,Critical - Reorder Now
P1287,2024-10-14,S14,124,49,6,68,Yes,Medium,Yes,294,154.16,448.16,791.16,667.16,2.53,41.95,Medium,Critical - Reorder Now
P1288,2024-10-15,S6,36,94,2,87,No,Low,Yes,188,81.72,269.72,927.72,891.72,0.38,57.33,Medium,Critical - Reorder Now
P1289,2024-10-16,S3,169,32,5,60,Yes,High,No,160,145.58,305.58,529.58,360.58,5.28,17.72,Low,Critical - Reorder Now
P1290,2024-10-17,S9,123,100,2,76,No,Low,No,200,85.94,285.94,985.94,862.94,1.23,32.91,Low,Critical - Reorder Now
P1291,2024-10-18,S5,356,113,3,90,Yes,Medium,No,339,98.67,437.67,1228.67,872.67,3.15,19.4,Low,Critical - Reorder Now
P1292,2024-10-19,S17,34,70,3,69,Yes,Low,Yes,210,108.54,318.54,808.54,774.54,0.49,56.71,Medium,Critical - Reorder Now
P1293,2024-10-20,S14,86,35,6,96,Yes,Medium,No,210,135.55,345.55,590.55,504.55,2.46,16.37,Low,Critical - Reorder Now
P1294,2024-10-21,S3,133,7,6,88,No,High,Yes,42,140.87,182.87,231.87,98.87,19.0,64.53,Medium,Critical - Reorder Now
P1295,2024-10-22,S1,195,12,10,77,No,High,No,120,191.3,311.3,395.3,200.3,16.25,11.19,Low,Critical - Reorder Now
P1296,2024-10-23,S20,273,28,3,97,No,Medium,No,84,95.38,179.38,375.38,102.38,9.75,14.94,Low,Low Stock
P1297,2024-10-24,S1,200,19,3,98,Yes,High,No,57,94.91,151.91,284.91,84.91,10.53,15.02,Low,Low Stock
P1298,2024-10-25,S3,368,47,13,65,No,Medium,No,611,229.85,840.85,1169.85,801.85,7.83,15.27,Low,Critical - Reorder Now
P1299,2024-10-26,S18,284,35,12,99,Yes,Low,No,420,188.88,608.88,853.88,569.88,8.11,17.29,Low,Critical - Reorder Now
P1300,2024-10-27,S10,76,77,13,71,Yes,Medium,Yes,1001,223.98,1224.98,1763.98,1687.98,0.99,70.81,High,Critical - Reorder Now
P1301,2024-10-28,S3,58,107,1,73,No,Low,No,107,61.58,168.58,917.58,859.58,0.54,33.66,Low,Critical - Reorder Now
P1302,2024-10-29,S8,430,49,7,69,No,Medium,Yes,343,165.79,508.79,851.79,421.79,8.78,58.64,Medium,Critical - Reorder Now
P1303,2024-10-30,S14,125,70,13,79,No,High,No,910,216.16,1126.16,1616.16,1491.16,1.79,22.04,Low,Critical - Reorder Now
P1304,2024-10-31,S18,499,12,8,74,Yes,Medium,No,96,173.41,269.41,353.41,0.0,41.58,19.06,Low,Overstock
P1305,2024-11-01,S15,400,75,2,90,No,Medium,No,150,80.56,230.56,755.56,355.56,5.33,13.29,Low,Low Stock
P1306,2024-11-02,S2,108,112,4,66,No,Medium,No,448,126.96,574.96,1358.96,1250.96,0.96,28.41,Low,Critical - Reorder Now
P1307,2024-11-03,S10,223,119,10,69,No,High,Yes,1190,198.16,1388.16,2221.16,1998.16,1.87,66.64,Medium,Critical - Reorder Now
P1308,2024-11-04,S2,495,107,7,69,Yes,Medium,No,749,165.79,914.79,1663.79,1168.79,4.63,28.31,Low,Critical - Reorder Now
P1309,2024-11-05,S17,277,110,8,98,Yes,High,No,880,154.99,1034.99,1804.99,1527.99,2.52,21.77,Low,Critical - Reorder Now
P1310,2024-11-06,S8,67,61,1,87,No,Medium,No,61,57.78,118.78,545.78,478.78,1.1,19.18,Low,Critical - Reorder Now
P1311,2024-11-07,S1,68,84,4,89,No,Low,No,336,114.48,450.48,1038.48,970.48,0.81,12.96,Low,Critical - Reorder Now
P1312,2024-11-08,S9,164,103,6,96,No,Medium,No,618,135.55,753.55,1474.55,1310.55,1.59,49.56,Medium,Critical - Reorder Now
P1313,2024-11-09,S11,488,34,3,62,No,Low,No,102,111.83,213.83,451.83,0.0,14.35,44.5,Medium,Healthy
P1314,2024-11-10,S16,304,78,5,74,Yes,High,No,390,137.09,527.09,1073.09,769.09,3.9,19.84,Low,Critical - Reorder Now
P1315,2024-11-11,S7,396,106,10,80,No,High,Yes,1060,188.73,1248.73,1990.73,1594.73,3.74,46.94,Medium,Critical - Reorder Now
P1316,2024-11-12,S10,161,22,9,96,No,Medium,No,198,166.02,364.02,518.02,357.02,7.32,16.07,Low,Critical - Reorder Now
P1317,2024-11-13,S3,364,118,11,71,Yes,High,No,1298,206.04,1504.04,2330.04,1966.04,3.08,19.8,Low,Critical - Reorder Now
P1318,2024-11-14,S18,341,73,13,63,Yes,Medium,No,949,231.81,1180.81,1691.81,1350.81,4.67,15.06,Low,Critical - Reorder Now
P1319,2024-11-15,S13,308,97,3,68,No,High,No,291,109.01,400.01,1079.01,771.01,3.18,7.04,Low,Critical - Reorder Now
P1320,2024-11-16,S7,378,43,5,98,No,Low,No,215,122.53,337.53,638.53,260.53,8.79,12.62,Low,Low Stock
P1321,2024-11-17,S4,342,64,8,87,No,High,Yes,512,163.43,675.43,1123.43,781.43,5.34,21.91,Low,Critical - Reorder Now
P1322,2024-11-18,S13,434,102,6,82,Yes,Low,Yes,612,144.86,756.86,1470.86,1036.86,4.25,65.14,Medium,Critical - Reorder Now
P1323,2024-11-19,S20,386,47,4,99,No,Medium,Yes,188,109.05,297.05,626.05,240.05,8.21,58.33,Medium,Low Stock
P1324,2024-11-20,S1,41,49,8,81,Yes,Medium,No,392,168.03,560.03,903.03,862.03,0.84,14.51,Low,Critical - Reorder Now
P1325,2024-11-21,S8,353,27,11,83,No,Medium,No,297,195.24,492.24,681.24,328.24,13.07,20.32,Low,Critical - Reorder Now
P1326,2024-11-22,S14,415,73,3,85,No,Low,No,219,101.02,320.02,831.02,416.02,5.68,17.63,Low,Low Stock
P1327,2024-11-23,S16,108,98,3,89,Yes,Medium,Yes,294,99.14,393.14,1079.14,971.14,1.1,67.3,Medium,Critical - Reorder Now
P1328,2024-11-24,S14,50,10,4,92,Yes,Medium,No,40,112.85,152.85,222.85,172.85,5.0,13.14,Low,Critical - Reorder Now
P1329,2024-11-25,S12,249,60,9,75,No,Low,No,540,183.11,723.11,1143.11,894.11,4.15,33.45,Low,Critical - Reorder Now
P1330,2024-11-26,S19,496,114,5,81,No,High,No,570,132.84,702.84,1500.84,1004.84,4.35,20.51,Low,Critical - Reorder Now
P1331,2024-11-27,S15,340,112,8,77,Yes,Medium,No,896,171.1,1067.1,1851.1,1511.1,3.04,12.62,Low,Critical - Reorder Now
P1332,2024-11-28,S2,429,8,6,66,No,High,No,48,155.49,203.49,259.49,0.0,53.62,4.29,Low,Overstock
P1333,2024-11-29,S2,382,97,3,85,No,High,No,291,101.02,392.02,1071.02,689.02,3.94,12.31,Low,Critical - Reorder Now
P1334,2024-11-30,S19,491,27,8,67,Yes,Medium,No,216,178.78,394.78,583.78,92.78,18.19,25.26,Low,Low Stock
P1335,2024-12-01,S17,20,10,12,65,No,Medium,No,120,220.84,340.84,410.84,390.84,2.0,24.9,Low,Critical - Reorder Now
P1336,2024-12-02,S20,299,36,9,89,No,Low,Yes,324,171.72,495.72,747.72,448.72,8.31,66.03,Medium,Critical - Reorder Now
P1337,2024-12-03,S10,138,110,8,98,Yes,Low,No,880,154.99,1034.99,1804.99,1666.99,1.25,16.63,Low,Critical - Reorder Now
P1338,2024-12-04,S6,358,22,13,82,No,Medium,No,286,213.22,499.22,653.22,295.22,16.27,17.21,Low,Critical - Reorder Now
P1339,2024-12-05,S15,323,19,4,91,Yes,High,Yes,76,113.39,189.39,322.39,0.0,17.0,33.54,Low,Healthy
P1340,2024-12-06,S11,498,44,14,81,No,Low,No,616,222.29,838.29,1146.29,648.29,11.32,11.37,Low,Critical - Reorder Now
P1341,2024-12-07,S5,384,100,14,68,No,Low,No,1400,235.48,1635.48,2335.48,1951.48,3.84,8.31,Low,Critical - Reorder Now
P1342,2024-12-08,S1,91,77,13,90,No,Medium,Yes,1001,205.4,1206.4,1745.4,1654.4,1.18,68.87,Medium,Critical - Reorder Now
P1343,2024-12-09,S8,446,105,11,66,No,Medium,No,1155,210.53,1365.53,2100.53,1654.53,4.25,29.74,Low,Critical - Reorder Now
P1344,2024-12-10,S12,279,78,6,68,Yes,Medium,No,468,154.16,622.16,1168.16,889.16,3.58,40.46,Medium,Critical - Reorder Now
P1345,2024-12-11,S12,124,88,1,72,No,Medium,No,88,61.85,149.85,765.85,641.85,1.41,25.87,Low,Critical - Reorder Now
P1346,2024-12-12,S5,482,10,4,62,No,Low,Yes,40,129.13,169.13,239.13,0.0,48.2,65.49,Medium,Overstock
P1347,2024-12-13,S7,396,116,8,94,Yes,Low,No,928,158.06,1086.06,1898.06,1502.06,3.41,17.1,Low,Critical - Reorder Now
P1348,2024-12-14,S4,110,67,1,92,No,Low,Yes,67,56.43,123.43,592.43,482.43,1.64,80.53,High,Critical - Reorder Now
P1349,2024-12-15,S6,353,71,3,80,Yes,High,No,213,103.37,316.37,813.37,460.37,4.97,9.04,Low,Low Stock
P1350,2024-12-16,S13,138,110,1,90,No,Low,Yes,110,56.97,166.97,936.97,798.97,1.25,76.74,High,Critical - Reorder Now
P1351,2024-12-17,S20,483,15,9,93,Yes,Low,No,135,168.46,303.46,408.46,0.0,32.2,53.48,Medium,Healthy
P1352,2024-12-18,S15,434,47,2,91,Yes,Medium,Yes,94,80.18,174.18,503.18,69.18,9.23,68.0,Medium,Low Stock
P1353,2024-12-19,S3,272,21,9,94,Yes,Low,Yes,189,167.65,356.65,503.65,231.65,12.95,64.34,Medium,Critical - Reorder Now
P1354,2024-12-20,S8,98,100,13,74,No,Low,Yes,1300,221.05,1521.05,2221.05,2123.05,0.98,69.36,Medium,Critical - Reorder Now
P1355,2024-12-21,S20,251,8,4,91,No,Low,No,32,113.39,145.39,201.39,0.0,31.38,11.23,Low,Overstock
P1356,2024-12-22,S16,337,67,2,65,No,Medium,No,134,90.16,224.16,693.16,356.16,5.03,13.59,Low,Low Stock
P1357,2024-12-23,S13,103,72,4,80,Yes,Low,Yes,288,119.36,407.36,911.36,808.36,1.43,62.67,Medium,Critical - Reorder Now
P1358,2024-12-24,S18,213,85,12,92,No,Low,No,1020,195.46,1215.46,1810.46,1597.46,2.51,11.91,Low,Critical - Reorder Now
P1359,2024-12-25,S10,248,45,11,91,No,High,No,495,188.04,683.04,998.04,750.04,5.51,19.16,Low,Critical - Reorder Now
P1360,2024-12-26,S19,151,87,11,78,No,High,No,957,199.74,1156.74,1765.74,1614.74,1.74,32.33,Low,Critical - Reorder Now
P1361,2024-12-27,S17,249,9,10,92,Yes,High,Yes,90,178.43,268.43,331.43,82.43,27.67,59.22,Medium,Critical - Reorder Now
P1362,2024-12-28,S19,274,36,6,87,Yes,High,No,216,141.54,357.54,609.54,335.54,7.61,21.91,Low,Critical - Reorder Now
P1363,2024-12-29,S5,164,90,11,90,No,Medium,No,990,188.94,1178.94,1808.94,1644.94,1.82,8.27,Low,Critical - Reorder Now
P1364,2024-12-30,S9,486,74,7,80,Yes,High,No,518,157.9,675.9,1193.9,707.9,6.57,13.62,Low,Critical - Reorder Now
P1365,2024-12-31,S12,340,39,3,93,Yes,Low,No,117,97.26,214.26,487.26,147.26,8.72,32.55,Low,Low Stock
P1366,2025-01-01,S1,7,26,3,74,Yes,High,Yes,78,106.19,184.19,366.19,359.19,0.27,73.51,High,Critical - Reorder Now
P1367,2025-01-02,S1,283,69,12,73,No,Medium,No,828,213.32,1041.32,1524.32,1241.32,4.1,13.44,Low,Critical - Reorder Now
P1368,2025-01-03,S15,4,88,10,78,No,High,Yes,880,190.44,1070.44,1686.44,1682.44,0.05,57.65,Medium,Critical - Reorder Now
P1369,2025-01-04,S2,144,26,12,74,No,High,No,312,212.38,524.38,706.38,562.38,5.54,31.58,Low,Critical - Reorder Now
P1370,2025-01-05,S16,100,116,8,65,Yes,Medium,Yes,928,180.31,1108.31,1920.31,1820.31,0.86,37.2,Low,Critical - Reorder Now
P1371,2025-01-06,S8,163,15,5,68,No,Medium,No,75,140.73,215.73,320.73,157.73,10.87,30.22,Low,Critical - Reorder Now
P1372,2025-01-07,S13,373,81,4,96,Yes,Medium,Yes,324,110.68,434.68,1001.68,628.68,4.6,62.3,Medium,Critical - Reorder Now
P1373,2025-01-08,S1,146,110,7,79,No,Medium,No,770,158.62,928.62,1698.62,1552.62,1.33,13.79,Low,Critical - Reorder Now
P1374,2025-01-09,S16,63,7,7,93,No,Medium,No,49,148.57,197.57,246.57,183.57,9.0,21.31,Low,Critical - Reorder Now
P1375,2025-01-10,S7,90,13,13,97,No,Medium,No,169,198.55,367.55,458.55,368.55,6.92,14.04,Low,Critical - Reorder Now
P1376,2025-01-11,S5,116,64,9,85,Yes,Low,Yes,576,174.97,750.97,1198.97,1082.97,1.81,17.69,Low,Critical - Reorder Now
P1377,2025-01-12,S3,353,80,9,77,Yes,High,No,720,181.48,901.48,1461.48,1108.48,4.41,14.08,Low,Critical - Reorder Now
P1378,2025-01-13,S12,266,91,5,87,No,High,No,455,129.2,584.2,1221.2,955.2,2.92,19.88,Low,Critical - Reorder Now
P1379,2025-01-14,S16,309,18,13,68,No,Medium,No,234,226.92,460.92,586.92,277.92,17.17,30.62,Low,Critical - Reorder Now
P1380,2025-01-15,S19,172,101,12,91,Yes,Medium,Yes,1212,196.4,1408.4,2115.4,1943.4,1.7,68.8,Medium,Critical - Reorder Now
P1381,2025-01-16,S5,46,22,13,65,No,Low,No,286,229.85,515.85,669.85,623.85,2.09,15.62,Low,Critical - Reorder Now
P1382,2025-01-17,S14,139,117,8,73,No,Low,No,936,174.17,1110.17,1929.17,1790.17,1.19,33.88,Low,Critical - Reorder Now
P1383,2025-01-18,S5,245,109,10,87,No,Medium,No,1090,182.72,1272.72,2035.72,1790.72,2.25,27.3,Low,Critical - Reorder Now
P1384,2025-01-19,S15,148,77,1,83,No,Low,Yes,77,58.87,135.87,674.87,526.87,1.92,67.97,Medium,Low Stock
P1385,2025-01-20,S17,245,27,9,72,Yes,Low,Yes,243,185.55,428.55,617.55,372.55,9.07,55.18,Medium,Critical - Reorder Now
P1386,2025-01-21,S14,394,78,8,71,Yes,Medium,Yes,624,175.71,799.71,1345.71,951.71,5.05,20.88,Low,Critical - Reorder Now
P1387,2025-01-22,S20,486,87,6,78,Yes,Medium,No,522,147.52,669.52,1278.52,792.52,5.59,18.03,Low,Critical - Reorder Now
P1388,2025-01-23,S5,475,51,13,80,No,Medium,No,663,215.18,878.18,1235.18,760.18,9.31,21.18,Low,Critical - Reorder Now
P1389,2025-01-24,S12,4,73,3,86,Yes,Medium,No,219,100.55,319.55,830.55,826.55,0.05,26.01,Low,Critical - Reorder Now
P1390,2025-01-25,S16,464,51,3,78,No,High,No,153,104.31,257.31,614.31,150.31,9.1,8.69,Low,Low Stock
P1391,2025-01-26,S16,183,91,8,83,Yes,High,No,728,166.5,894.5,1531.5,1348.5,2.01,39.46,Low,Critical - Reorder Now
P1392,2025-01-27,S7,19,34,5,85,Yes,Medium,No,170,130.42,300.42,538.42,519.42,0.56,10.06,Low,Critical - Reorder Now
P1393,2025-01-28,S4,424,29,10,87,No,Low,No,290,182.72,472.72,675.72,251.72,14.62,12.89,Low,Critical - Reorder Now
P1394,2025-01-29,S1,45,32,11,77,Yes,Medium,No,352,200.64,552.64,776.64,731.64,1.41,16.96,Low,Critical - Reorder Now
P1395,2025-01-30,S5,11,102,14,95,Yes,High,No,1428,208.08,1636.08,2350.08,2339.08,0.11,19.35,Low,Critical - Reorder Now
P1396,2025-01-31,S10,69,113,7,88,No,Low,No,791,152.16,943.16,1734.16,1665.16,0.61,50.8,Medium,Critical - Reorder Now
P1397,2025-02-01,S5,16,116,5,76,Yes,High,No,580,135.88,715.88,1527.88,1511.88,0.14,19.71,Low,Critical - Reorder Now
P1398,2025-02-02,S4,370,115,8,63,Yes,Medium,No,920,181.85,1101.85,1906.85,1536.85,3.22,10.76,Low,Critical - Reorder Now
P1399,2025-02-03,S2,146,29,10,88,Yes,High,No,290,181.86,471.86,674.86,528.86,5.03,19.29,Low,Critical - Reorder Now
P1400,2025-02-04,S20,153,78,10,63,No,High,Yes,780,203.31,983.31,1529.31,1376.31,1.96,73.76,High,Critical - Reorder Now
P1401,2025-02-05,S10,303,82,4,69,No,High,No,328,125.33,453.33,1027.33,724.33,3.7,20.28,Low,Critical - Reorder Now
P1402,2025-02-06,S19,107,110,2,84,No,Low,Yes,220,82.87,302.87,1072.87,965.87,0.97,64.84,Medium,Critical - Reorder Now
P1403,2025-02-07,S1,235,114,3,90,Yes,High,Yes,342,98.67,440.67,1238.67,1003.67,2.06,67.62,Medium,Critical - Reorder Now
P1404,2025-02-08,S5,307,62,8,62,No,Low,No,496,182.61,678.61,1112.61,805.61,4.95,37.63,Low,Critical - Reorder Now
P1405,2025-02-09,S13,351,98,11,61,No,Medium,No,1078,215.03,1293.03,1979.03,1628.03,3.58,17.19,Low,Critical - Reorder Now
P1406,2025-02-10,S4,69,45,13,84,No,Medium,No,585,211.27,796.27,1111.27,1042.27,1.53,37.04,Low,Critical - Reorder Now
P1407,2025-02-11,S16,182,29,7,65,Yes,High,No,203,168.67,371.67,574.67,392.67,6.28,19.16,Low,Critical - Reorder Now
P1408,2025-02-12,S16,249,82,13,85,No,Low,Yes,1066,210.29,1276.29,1850.29,1601.29,3.04,60.26,Medium,Critical - Reorder Now
P1409,2025-02-13,S2,227,103,2,67,No,Medium,Yes,206,89.39,295.39,1016.39,789.39,2.2,66.24,Medium,Critical - Reorder Now
P1410,2025-02-14,S17,101,52,6,94,No,Low,No,312,136.88,448.88,812.88,711.88,1.94,31.29,Low,Critical - Reorder Now
P1411,2025-02-15,S20,74,102,9,86,Yes,Low,No,918,174.16,1092.16,1806.16,1732.16,0.73,28.87,Low,Critical - Reorder Now
P1412,2025-02-16,S12,416,14,4,84,Yes,High,Yes,56,117.19,173.19,271.19,0.0,29.71,36.53,Low,Overstock
P1413,2025-02-17,S18,445,103,9,77,Yes,High,No,927,181.48,1108.48,1829.48,1384.48,4.32,27.97,Low,Critical - Reorder Now
P1414,2025-02-18,S3,215,79,2,60,Yes,Low,No,158,92.07,250.07,803.07,588.07,2.72,17.29,Low,Critical - Reorder Now
P1415,2025-02-19,S1,406,15,2,98,No,Low,No,30,77.5,107.5,212.5,0.0,27.07,16.53,Low,Overstock
P1416,2025-02-20,S1,398,89,9,62,No,High,No,801,193.69,994.69,1617.69,1219.69,4.47,16.39,Low,Critical - Reorder Now
P1417,2025-02-21,S19,410,25,12,63,No,Low,No,300,222.71,522.71,697.71,287.71,16.4,20.55,Low,Critical - Reorder Now
P1418,2025-02-22,S11,202,90,7,96,Yes,High,No,630,146.42,776.42,1406.42,1204.42,2.24,41.03,Medium,Critical - Reorder Now
P1419,2025-02-23,S5,191,49,7,74,Yes,Low,No,343,162.21,505.21,848.21,657.21,3.9,22.43,Low,Critical - Reorder Now
P1420,2025-02-24,S12,248,11,1,67,Yes,High,Yes,11,63.21,74.21,151.21,0.0,22.55,61.9,Medium,Overstock
P1421,2025-02-25,S3,498,85,13,97,Yes,Low,No,1105,198.55,1303.55,1898.55,1400.55,5.86,12.37,Low,Critical - Reorder Now
P1422,2025-02-26,S1,241,68,11,78,No,High,No,748,199.74,947.74,1423.74,1182.74,3.54,21.1,Low,Critical - Reorder Now
P1423,2025-02-27,S1,464,68,6,85,Yes,Low,Yes,408,142.86,550.86,1026.86,562.86,6.82,34.11,Low,Critical - Reorder Now
P1424,2025-02-28,S8,178,6,13,98,Yes,Medium,Yes,78,197.58,275.58,317.58,139.58,29.67,15.75,Low,Critical - Reorder Now
P1425,2025-03-01,S10,436,80,7,69,No,Medium,No,560,165.79,725.79,1285.79,849.79,5.45,28.82,Low,Critical - Reorder Now
P1426,2025-03-02,S11,461,46,11,97,No,Low,No,506,182.64,688.64,1010.64,549.64,10.02,13.46,Low,Critical - Reorder Now
P1427,2025-03-03,S12,218,86,14,73,No,Medium,No,1204,230.41,1434.41,2036.41,1818.41,2.53,25.27,Low,Critical - Reorder Now
P1428,2025-03-04,S13,81,58,6,78,No,Low,Yes,348,147.52,495.52,901.52,820.52,1.4,26.29,Low,Critical - Reorder Now
P1429,2025-03-05,S12,91,79,6,89,Yes,Low,No,474,140.21,614.21,1167.21,1076.21,1.15,19.44,Low,Critical - Reorder Now
P1430,2025-03-06,S14,434,20,2,64,No,Medium,No,40,90.54,130.54,270.54,0.0,21.7,23.94,Low,Overstock
P1431,2025-03-07,S2,174,117,6,90,Yes,Low,Yes,702,139.54,841.54,1660.54,1486.54,1.49,67.11,Medium,Critical - Reorder Now
P1432,2025-03-08,S19,238,119,4,66,Yes,High,No,476,126.96,602.96,1435.96,1197.96,2.0,34.77,Low,Critical - Reorder Now
P1433,2025-03-09,S18,259,22,9,78,No,Low,Yes,198,180.67,378.67,532.67,273.67,11.77,71.91,High,Critical - Reorder Now
P1434,2025-03-10,S3,390,103,12,90,Yes,Low,Yes,1236,197.34,1433.34,2154.34,1764.34,3.79,64.87,Medium,Critical - Reorder Now
P1435,2025-03-11,S17,364,63,1,98,No,Medium,No,63,54.8,117.8,558.8,194.8,5.78,12.17,Low,Low Stock
P1436,2025-03-12,S8,162,94,13,83,Yes,High,No,1222,212.25,1434.25,2092.25,1930.25,1.72,20.82,Low,Critical - Reorder Now
P1437,2025-03-13,S10,47,20,8,93,No,Low,Yes,160,158.83,318.83,458.83,411.83,2.35,74.68,High,Critical - Reorder Now
P1438,2025-03-14,S2,328,10,5,82,No,Low,No,50,132.24,182.24,252.24,0.0,32.8,7.71,Low,Overstock
P1439,2025-03-15,S19,327,61,1,99,No,Low,No,61,54.53,115.53,542.53,215.53,5.36,20.67,Low,Low Stock
P1440,2025-03-16,S9,115,112,4,65,No,Low,No,448,127.5,575.5,1359.5,1244.5,1.03,19.64,Low,Critical - Reorder Now
P1441,2025-03-17,S7,428,111,1,97,No,Low,No,111,55.07,166.07,943.07,515.07,3.86,16.31,Low,Low Stock
P1442,2025-03-18,S4,336,51,6,95,Yes,Low,No,306,136.22,442.22,799.22,463.22,6.59,42.18,Medium,Critical - Reorder Now
P1443,2025-03-19,S18,336,115,2,86,No,High,Yes,230,82.1,312.1,1117.1,781.1,2.92,58.18,Medium,Low Stock
P1444,2025-03-20,S13,368,52,5,70,No,High,No,260,139.52,399.52,763.52,395.52,7.08,27.9,Low,Critical - Reorder Now
P1445,2025-03-21,S11,224,46,7,64,Yes,Low,Yes,322,169.38,491.38,813.38,589.38,4.87,35.39,Low,Critical - Reorder Now
P1446,2025-03-22,S4,351,80,2,76,No,Low,No,160,85.94,245.94,805.94,454.94,4.39,32.6,Low,Low Stock
P1447,2025-03-23,S4,327,64,6,66,No,Medium,No,384,155.49,539.49,987.49,660.49,5.11,12.15,Low,Critical - Reorder Now
P1448,2025-03-24,S10,146,81,6,86,No,High,No,486,142.2,628.2,1195.2,1049.2,1.8,18.95,Low,Critical - Reorder Now
P1449,2025-03-25,S5,62,8,5,74,Yes,High,Yes,40,137.09,177.09,233.09,171.09,7.75,71.03,High,Critical - Reorder Now
P1450,2025-03-26,S9,293,107,5,72,No,Low,No,535,138.3,673.3,1422.3,1129.3,2.74,13.67,Low,Critical - Reorder Now
P1451,2025-03-27,S3,322,6,14,70,Yes,High,No,84,233.45,317.45,359.45,37.45,53.67,13.55,Low,Low Stock
P1452,2025-03-28,S17,442,94,3,85,Yes,High,No,282,101.02,383.02,1041.02,599.02,4.7,15.35,Low,Low Stock
P1453,2025-03-29,S3,324,63,10,81,No,Medium,No,630,187.87,817.87,1258.87,934.87,5.14,26.57,Low,Critical - Reorder Now
P1454,2025-03-30,S16,12,31,10,87,No,Medium,No,310,182.72,492.72,709.72,697.72,0.39,10.98,Low,Critical - Reorder Now
P1455,2025-03-31,S4,430,31,11,83,No,High,No,341,195.24,536.24,753.24,323.24,13.87,35.17,Low,Critical - Reorder Now
P1456,2025-04-01,S18,493,83,12,88,Yes,High,No,996,199.22,1195.22,1776.22,1283.22,5.94,16.6,Low,Critical - Reorder Now
P1457,2025-04-02,S17,188,76,2,68,Yes,High,No,152,89.0,241.0,773.0,585.0,2.47,11.02,Low,Critical - Reorder Now
P1458,2025-04-03,S7,286,11,7,63,Yes,Low,No,77,170.1,247.1,324.1,38.1,26.0,15.22,Low,Low Stock
P1459,2025-04-04,S5,207,67,1,77,No,Medium,No,67,60.49,127.49,596.49,389.49,3.09,17.4,Low,Low Stock
P1460,2025-04-05,S12,113,115,6,75,No,Low,No,690,149.51,839.51,1644.51,1531.51,0.98,43.79,Medium,Critical - Reorder Now
P1461,2025-04-06,S17,479,50,6,92,Yes,Medium,No,300,138.21,438.21,788.21,309.21,9.58,34.92,Low,Low Stock
P1462,2025-04-07,S13,21,67,3,88,Yes,Medium,No,201,99.61,300.61,769.61,748.61,0.31,25.8,Low,Critical - Reorder Now
P1463,2025-04-08,S3,348,108,2,98,Yes,Medium,No,216,77.5,293.5,1049.5,701.5,3.22,13.4,Low,Low Stock
P1464,2025-04-09,S9,213,16,12,69,No,High,No,192,217.08,409.08,521.08,308.08,13.31,8.13,Low,Critical - Reorder Now
P1465,2025-04-10,S17,170,17,2,68,Yes,Medium,No,34,89.0,123.0,242.0,72.0,10.0,39.93,Low,Low Stock
P1466,2025-04-11,S17,322,47,14,90,No,Low,No,658,213.15,871.15,1200.15,878.15,6.85,25.68,Low,Critical - Reorder Now
P1467,2025-04-12,S20,53,21,13,87,No,Medium,No,273,208.33,481.33,628.33,575.33,2.52,18.44,Low,Critical - Reorder Now
P1468,2025-04-13,S16,393,67,9,62,No,Low,No,603,193.69,796.69,1265.69,872.69,5.87,21.14,Low,Critical - Reorder Now
P1469,2025-04-14,S13,297,85,11,73,No,Medium,No,935,204.24,1139.24,1734.24,1437.24,3.49,14.32,Low,Critical - Reorder Now
P1470,2025-04-15,S19,319,40,5,84,No,Medium,Yes,200,131.02,331.02,611.02,292.02,7.98,73.64,High,Critical - Reorder Now
P1471,2025-04-16,S17,125,89,7,74,Yes,High,No,623,162.21,785.21,1408.21,1283.21,1.4,42.62,Medium,Critical - Reorder Now
P1472,2025-04-17,S4,276,12,12,61,No,Low,No,144,224.59,368.59,452.59,176.59,23.0,22.34,Low,Critical - Reorder Now
P1473,2025-04-18,S12,463,73,5,83,No,Medium,No,365,131.63,496.63,1007.63,544.63,6.34,17.46,Low,Critical - Reorder Now
P1474,2025-04-19,S9,203,94,7,73,Yes,Medium,Yes,658,162.92,820.92,1478.92,1275.92,2.16,66.61,Medium,Critical - Reorder Now
P1475,2025-04-20,S19,193,84,13,66,No,Low,No,1092,228.87,1320.87,1908.87,1715.87,2.3,25.1,Low,Critical - Reorder Now
P1476,2025-04-21,S12,168,40,4,95,Yes,Medium,No,160,111.22,271.22,551.22,383.22,4.2,21.53,Low,Critical - Reorder Now
P1477,2025-04-22,S9,151,32,8,83,Yes,High,Yes,256,166.5,422.5,646.5,495.5,4.72,58.73,Medium,Critical - Reorder Now
P1478,2025-04-23,S7,34,97,13,86,Yes,Low,Yes,1261,209.31,1470.31,2149.31,2115.31,0.35,62.8,Medium,Critical - Reorder Now
P1479,2025-04-24,S14,183,51,11,96,No,High,No,561,183.54,744.54,1101.54,918.54,3.59,11.55,Low,Critical - Reorder Now
P1480,2025-04-25,S20,285,80,14,97,No,Low,No,1120,206.05,1326.05,1886.05,1601.05,3.56,14.64,Low,Critical - Reorder Now
P1481,2025-04-26,S19,56,105,10,89,No,Low,Yes,1050,181.01,1231.01,1966.01,1910.01,0.53,55.16,Medium,Critical - Reorder Now
P1482,2025-04-27,S15,221,34,13,86,Yes,Low,No,442,209.31,651.31,889.31,668.31,6.5,19.6,Low,Critical - Reorder Now
P1483,2025-04-28,S16,302,27,11,98,No,Medium,No,297,181.74,478.74,667.74,365.74,11.19,6.48,Low,Critical - Reorder Now
P1484,2025-04-29,S5,162,20,10,74,No,Low,No,200,193.87,393.87,533.87,371.87,8.1,27.03,Low,Critical - Reorder Now
P1485,2025-04-30,S3,18,18,7,85,No,Low,No,126,154.31,280.31,406.31,388.31,1.0,36.79,Low,Critical - Reorder Now
P1486,2025-05-01,S12,369,78,10,60,Yes,Low,No,780,205.88,985.88,1531.88,1162.88,4.73,15.03,Low,Critical - Reorder Now
P1487,2025-05-02,S20,263,75,5,63,Yes,High,No,375,143.76,518.76,1043.76,780.76,3.51,20.46,Low,Critical - Reorder Now
P1488,2025-05-03,S4,281,113,11,88,Yes,Low,No,1243,190.74,1433.74,2224.74,1943.74,2.49,34.62,Low,Critical - Reorder Now
P1489,2025-05-04,S16,112,56,6,60,No,Medium,No,336,159.48,495.48,887.48,775.48,2.0,25.12,Low,Critical - Reorder Now
P1490,2025-05-05,S7,487,41,5,81,No,Low,No,205,132.84,337.84,624.84,137.84,11.88,27.3,Low,Low Stock
P1491,2025-05-06,S13,326,33,7,70,No,Low,No,231,165.08,396.08,627.08,301.08,9.88,26.33,Low,Critical - Reorder Now
P1492,2025-05-07,S10,29,71,12,69,No,High,No,852,217.08,1069.08,1566.08,1537.08,0.41,13.98,Low,Critical - Reorder Now
P1493,2025-05-08,S7,134,19,2,76,No,Medium,Yes,38,85.94,123.94,256.94,122.94,7.05,70.22,High,High Risk
P1494,2025-05-09,S14,66,104,5,95,No,Medium,Yes,520,124.35,644.35,1372.35,1306.35,0.63,83.88,High,Critical - Reorder Now
P1495,2025-05-10,S5,64,51,10,85,No,Medium,No,510,184.44,694.44,1051.44,987.44,1.25,26.27,Low,Critical - Reorder Now
P1496,2025-05-11,S3,291,50,3,80,Yes,Low,No,150,103.37,253.37,603.37,312.37,5.82,19.82,Low,Low Stock
P1497,2025-05-12,S11,24,56,9,72,Yes,Low,No,504,185.55,689.55,1081.55,1057.55,0.43,13.67,Low,Critical - Reorder Now
P1498,2025-05-13,S11,36,23,13,68,No,Medium,Yes,299,226.92,525.92,686.92,650.92,1.57,23.4,Low,Critical - Reorder Now
P1499,2025-05-14,S18,0,81,6,70,No,Medium,Yes,486,152.83,638.83,1205.83,1205.83,0.0,77.23,High,Critical - Reorder Now
P1500,2025-05-15,S15,398,110,13,70,Yes,High,No,1430,224.96,1654.96,2424.96,2026.96,3.62,25.49,Low,Critical - Reorder Now
P1501,2025-05-16,S12,36,25,10,65,No,Medium,No,250,201.59,451.59,626.59,590.59,1.44,11.41,Low,Critical - Reorder Now
P1502,2025-05-17,S9,140,68,3,60,No,Low,No,204,112.77,316.77,792.77,652.77,2.06,13.39,Low,Critical - Reorder Now
P1503,2025-05-18,S10,231,41,7,65,No,Low,Yes,287,168.67,455.67,742.67,511.67,5.63,70.58,High,Critical - Reorder Now
P1504,2025-05-19,S12,135,31,4,72,No,Low,No,124,123.7,247.7,464.7,329.7,4.35,31.95,Low,Critical - Reorder Now
P1505,2025-05-20,S17,388,59,14,81,No,High,No,826,222.29,1048.29,1461.29,1073.29,6.58,21.66,Low,Critical - Reorder Now
P1506,2025-05-21,S6,187,33,3,90,No,Medium,No,99,98.67,197.67,428.67,241.67,5.67,14.36,Low,Critical - Reorder Now
P1507,2025-05-22,S7,127,24,8,81,Yes,Low,No,192,168.03,360.03,528.03,401.03,5.29,20.39,Low,Critical - Reorder Now
P1508,2025-05-23,S14,200,29,13,96,No,High,No,377,199.53,576.53,779.53,579.53,6.9,14.48,Low,Critical - Reorder Now
P1509,2025-05-24,S13,126,74,4,86,No,High,No,296,116.11,412.11,930.11,804.11,1.7,8.99,Low,Critical - Reorder Now
P1510,2025-05-25,S8,256,67,11,73,No,Low,No,737,204.24,941.24,1410.24,1154.24,3.82,28.97,Low,Critical - Reorder Now
P1511,2025-05-26,S10,163,40,1,64,No,High,No,40,64.02,104.02,384.02,221.02,4.08,23.96,Low,Low Stock
P1512,2025-05-27,S9,34,6,6,95,Yes,High,Yes,36,136.22,172.22,214.22,180.22,5.67,69.71,Medium,Critical - Reorder Now
P1513,2025-05-28,S18,193,26,10,91,No,Low,Yes,260,179.29,439.29,621.29,428.29,7.42,71.29,High,Critical - Reorder Now
P1514,2025-05-29,S2,190,100,11,93,Yes,High,No,1100,186.24,1286.24,1986.24,1796.24,1.9,29.66,Low,Critical - Reorder Now
P1515,2025-05-30,S5,103,20,11,66,No,Low,Yes,220,210.53,430.53,570.53,467.53,5.15,77.12,High,Critical - Reorder Now
P1516,2025-05-31,S5,22,22,1,69,No,Low,Yes,22,62.66,84.66,238.66,216.66,1.0,66.02,Medium,Critical - Reorder Now
P1517,2025-06-01,S6,264,73,5,76,No,High,No,365,135.88,500.88,1011.88,747.88,3.62,33.12,Low,Critical - Reorder Now
P1518,2025-06-02,S19,289,58,7,89,No,Low,No,406,151.44,557.44,963.44,674.44,4.98,38.43,Low,Critical - Reorder Now
P1519,2025-06-03,S8,429,104,6,80,No,Low,No,624,146.19,770.19,1498.19,1069.19,4.12,31.92,Low,Critical - Reorder Now
P1520,2025-06-04,S16,461,34,14,72,Yes,Medium,No,476,231.42,707.42,945.42,484.42,13.56,23.0,Low,Critical - Reorder Now
P1521,2025-06-05,S13,383,49,2,60,No,Low,No,98,92.07,190.07,533.07,150.07,7.82,26.66,Low,Low Stock
P1522,2025-06-06,S1,259,23,11,60,Yes,Medium,No,253,215.93,468.93,629.93,370.93,11.26,27.1,Low,Critical - Reorder Now
P1523,2025-06-07,S20,413,91,4,92,No,Medium,No,364,112.85,476.85,1113.85,700.85,4.54,20.1,Low,Critical - Reorder Now
P1524,2025-06-08,S17,478,38,11,97,Yes,Medium,Yes,418,182.64,600.64,866.64,388.64,12.58,68.36,Medium,Critical - Reorder Now
P1525,2025-06-09,S7,357,17,2,84,No,Medium,Yes,34,82.87,116.87,235.87,0.0,21.0,30.08,Low,Overstock
P1526,2025-06-10,S13,74,47,11,85,No,High,No,517,193.44,710.44,1039.44,965.44,1.57,31.74,Low,Critical - Reorder Now
P1527,2025-06-11,S4,354,66,1,72,No,High,Yes,66,61.85,127.85,589.85,235.85,5.36,17.52,Low,Low Stock
P1528,2025-06-12,S4,71,97,3,87,Yes,Low,Yes,291,100.08,391.08,1070.08,999.08,0.73,22.0,Low,Critical - Reorder Now
P1529,2025-06-13,S6,258,104,3,92,No,Low,Yes,312,97.73,409.73,1137.73,879.73,2.48,33.41,Low,Critical - Reorder Now
P1530,2025-06-14,S19,397,26,12,96,No,Low,No,312,191.7,503.7,685.7,288.7,15.27,4.5,Low,Critical - Reorder Now
P1531,2025-06-15,S12,187,56,7,89,No,High,No,392,151.44,543.44,935.44,748.44,3.34,15.08,Low,Critical - Reorder Now
P1532,2025-06-16,S7,460,56,1,67,No,Medium,No,56,63.21,119.21,511.21,51.21,8.21,12.25,Low,Low Stock
P1533,2025-06-17,S10,172,115,9,60,No,High,Yes,1035,195.32,1230.32,2035.32,1863.32,1.5,66.72,Medium,Critical - Reorder Now
P1534,2025-06-18,S19,479,40,11,71,No,High,No,440,206.04,646.04,926.04,447.04,11.98,23.97,Low,Critical - Reorder Now
P1535,2025-06-19,S7,289,77,6,64,No,Low,Yes,462,156.82,618.82,1157.82,868.82,3.75,15.07,Low,Critical - Reorder Now
P1536,2025-06-20,S3,44,107,4,83,No,Low,No,428,117.73,545.73,1294.73,1250.73,0.41,16.46,Low,Critical - Reorder Now
P1537,2025-06-21,S13,60,119,3,65,No,Low,No,357,110.42,467.42,1300.42,1240.42,0.5,22.15,Low,Critical - Reorder Now
P1538,2025-06-22,S13,82,23,3,84,No,Medium,No,69,101.49,170.49,331.49,249.49,3.57,22.34,Low,Critical - Reorder Now
P1539,2025-06-23,S18,122,42,2,60,Yes,Medium,No,84,92.07,176.07,470.07,348.07,2.9,11.31,Low,Critical - Reorder Now
P1540,2025-06-24,S20,357,74,2,84,No,High,No,148,82.87,230.87,748.87,391.87,4.82,21.07,Low,Low Stock
P1541,2025-06-25,S8,15,115,14,60,No,Medium,No,1610,243.6,1853.6,2658.6,2643.6,0.13,51.32,Medium,Critical - Reorder Now
P1542,2025-06-26,S9,65,83,12,91,No,Low,No,996,196.4,1192.4,1773.4,1708.4,0.78,25.89,Low,Critical - Reorder Now
P1543,2025-06-27,S7,423,61,13,62,No,Medium,No,793,232.79,1025.79,1452.79,1029.79,6.93,34.53,Low,Critical - Reorder Now
P1544,2025-06-28,S1,144,24,10,78,Yes,Medium,No,240,190.44,430.44,598.44,454.44,6.0,22.56,Low,Critical - Reorder Now
P1545,2025-06-29,S3,374,13,5,88,Yes,Medium,No,65,128.6,193.6,284.6,0.0,28.77,32.62,Low,Overstock
P1546,2025-06-30,S13,161,36,9,61,No,Medium,No,324,194.5,518.5,770.5,609.5,4.47,52.36,Medium,Critical - Reorder Now
P1547,2025-07-01,S17,233,8,2,68,No,Low,No,16,89.0,105.0,161.0,0.0,29.12,9.34,Low,Overstock
P1548,2025-07-02,S1,379,54,2,76,No,Low,Yes,108,85.94,193.94,571.94,192.94,7.02,53.46,Medium,Low Stock
P1549,2025-07-03,S6,143,86,12,95,No,High,No,1032,192.64,1224.64,1826.64,1683.64,1.66,33.81,Low,Critical - Reorder Now
P1550,2025-07-04,S6,357,9,6,76,No,High,No,54,148.84,202.84,265.84,0.0,39.67,9.32,Low,Overstock
P1551,2025-07-05,S12,187,24,13,71,No,High,No,312,223.98,535.98,703.98,516.98,7.79,19.8,Low,Critical - Reorder Now
P1552,2025-07-06,S13,321,91,10,79,No,Medium,Yes,910,189.58,1099.58,1736.58,1415.58,3.53,70.58,High,Critical - Reorder Now
P1553,2025-07-07,S13,449,79,2,62,No,Medium,No,158,91.31,249.31,802.31,353.31,5.68,16.95,Low,Low Stock
P1554,2025-07-08,S15,473,41,12,63,No,Low,No,492,222.71,714.71,1001.71,528.71,11.54,30.16,Low,Critical - Reorder Now
P1555,2025-07-09,S16,12,26,4,76,Yes,High,No,104,121.53,225.53,407.53,395.53,0.46,38.25,Low,Critical - Reorder Now
P1556,2025-07-10,S11,183,62,6,96,No,Low,No,372,135.55,507.55,941.55,758.55,2.95,16.55,Low,Critical - Reorder Now
P1557,2025-07-11,S5,110,72,5,74,No,High,No,360,137.09,497.09,1001.09,891.09,1.53,25.7,Low,Critical - Reorder Now
P1558,2025-07-12,S4,414,97,1,92,No,High,No,97,56.43,153.43,832.43,418.43,4.27,19.92,Low,Low Stock
P1559,2025-07-13,S3,289,48,6,75,Yes,High,Yes,288,149.51,437.51,773.51,484.51,6.02,54.1,Medium,Critical - Reorder Now
P1560,2025-07-14,S19,294,38,1,70,No,Medium,No,38,62.39,100.39,366.39,72.39,7.74,11.26,Low,Low Stock
P1561,2025-07-15,S20,450,81,3,79,Yes,High,No,243,103.84,346.84,913.84,463.84,5.56,10.42,Low,Low Stock
P1562,2025-07-16,S18,391,46,10,97,No,High,No,460,174.14,634.14,956.14,565.14,8.5,27.42,Low,Critical - Reorder Now
P1563,2025-07-17,S15,214,13,5,83,Yes,Medium,No,65,131.63,196.63,287.63,73.63,16.46,17.87,Low,Low Stock
P1564,2025-07-18,S9,461,110,14,75,No,High,No,1540,228.38,1768.38,2538.38,2077.38,4.19,39.63,Low,Critical - Reorder Now
P1565,2025-07-19,S17,119,99,10,89,No,Medium,No,990,181.01,1171.01,1864.01,1745.01,1.2,24.94,Low,Critical - Reorder Now
P1566,2025-07-20,S14,381,11,13,93,No,Medium,No,143,202.47,345.47,422.47,41.47,34.64,4.03,Low,Low Stock
P1567,2025-07-21,S15,54,72,5,60,Yes,Low,No,360,145.58,505.58,1009.58,955.58,0.75,15.54,Low,Critical - Reorder Now
P1568,2025-07-22,S1,26,23,13,83,Yes,Medium,No,299,212.25,511.25,672.25,646.25,1.13,25.7,Low,Critical - Reorder Now
P1569,2025-07-23,S3,117,110,10,83,Yes,Medium,No,1100,186.15,1286.15,2056.15,1939.15,1.06,19.85,Low,Critical - Reorder Now
P1570,2025-07-24,S16,220,98,6,68,Yes,Medium,No,588,154.16,742.16,1428.16,1208.16,2.24,39.53,Low,Critical - Reorder Now
P1571,2025-07-25,S11,230,35,12,81,No,High,Yes,420,205.8,625.8,870.8,640.8,6.57,58.15,Medium,Critical - Reorder Now
P1572,2025-07-26,S12,52,39,10,71,Yes,Low,No,390,196.45,586.45,859.45,807.45,1.33,7.47,Low,Critical - Reorder Now
P1573,2025-07-27,S10,294,61,8,76,No,High,No,488,171.87,659.87,1086.87,792.87,4.82,27.49,Low,Critical - Reorder Now
P1574,2025-07-28,S16,320,89,5,84,Yes,Medium,Yes,445,131.02,576.02,1199.02,879.02,3.6,35.95,Low,Critical - Reorder Now
P1575,2025-07-29,S8,400,65,14,87,No,Medium,No,910,216.2,1126.2,1581.2,1181.2,6.15,12.33,Low,Critical - Reorder Now
P1576,2025-07-30,S6,232,35,11,74,No,Low,No,385,203.34,588.34,833.34,601.34,6.63,23.86,Low,Critical - Reorder Now
P1577,2025-07-31,S12,157,87,1,89,Yes,Low,No,87,57.24,144.24,753.24,596.24,1.8,34.95,Low,Low Stock
P1578,2025-08-01,S8,436,99,5,86,No,Medium,No,495,129.81,624.81,1317.81,881.81,4.4,32.5,Low,Critical - Reorder Now
P1579,2025-08-02,S4,268,57,3,81,Yes,Medium,No,171,102.9,273.9,672.9,404.9,4.7,11.19,Low,Critical - Reorder Now
P1580,2025-08-03,S8,20,36,4,69,Yes,High,No,144,125.33,269.33,521.33,501.33,0.56,10.64,Low,Critical - Reorder Now
P1581,2025-08-04,S18,402,70,13,90,No,Medium,No,910,205.4,1115.4,1605.4,1203.4,5.74,17.0,Low,Critical - Reorder Now
P1582,2025-08-05,S5,52,63,8,86,No,High,No,504,164.2,668.2,1109.2,1057.2,0.83,21.67,Low,Critical - Reorder Now
P1583,2025-08-06,S9,274,14,7,71,No,Low,No,98,164.36,262.36,360.36,86.36,19.57,22.6,Low,Low Stock
P1584,2025-08-07,S4,312,6,11,90,No,High,No,66,188.94,254.94,296.94,0.0,52.0,18.48,Low,Healthy
P1585,2025-08-08,S17,280,70,5,91,No,Medium,No,350,126.78,476.78,966.78,686.78,4.0,20.63,Low,Critical - Reorder Now
P1586,2025-08-09,S9,213,64,2,91,No,High,Yes,128,80.18,208.18,656.18,443.18,3.33,15.45,Low,Low Stock
P1587,2025-08-10,S1,30,92,6,94,No,High,Yes,552,136.88,688.88,1332.88,1302.88,0.33,68.78,Medium,Critical - Reorder Now
P1588,2025-08-11,S20,336,21,11,80,No,Low,No,231,197.94,428.94,575.94,239.94,16.0,19.89,Low,Critical - Reorder Now
P1589,2025-08-12,S13,182,100,6,69,Yes,High,No,600,153.5,753.5,1453.5,1271.5,1.82,34.87,Low,Critical - Reorder Now
P1590,2025-08-13,S16,22,20,10,75,Yes,Medium,No,200,193.02,393.02,533.02,511.02,1.1,27.31,Low,Critical - Reorder Now
P1591,2025-08-14,S13,31,20,10,66,No,High,No,200,200.74,400.74,540.74,509.74,1.55,12.1,Low,Critical - Reorder Now
P1592,2025-08-15,S14,445,50,14,63,No,High,Yes,700,240.56,940.56,1290.56,845.56,8.9,17.74,Low,Critical - Reorder Now
P1593,2025-08-16,S3,73,43,11,86,Yes,High,Yes,473,192.54,665.54,966.54,893.54,1.7,69.31,Medium,Critical - Reorder Now
P1594,2025-08-17,S6,9,35,6,84,No,Medium,No,210,143.53,353.53,598.53,589.53,0.26,11.7,Low,Critical - Reorder Now
P1595,2025-08-18,S18,483,111,14,90,Yes,High,No,1554,213.15,1767.15,2544.15,2061.15,4.35,30.68,Low,Critical - Reorder Now
P1596,2025-08-19,S19,455,92,9,70,No,Medium,No,828,187.18,1015.18,1659.18,1204.18,4.95,32.04,Low,Critical - Reorder Now
P1597,2025-08-20,S5,53,5,11,79,Yes,High,No,55,198.84,253.84,288.84,235.84,10.6,36.26,Low,Critical - Reorder Now
P1598,2025-08-21,S15,51,15,8,95,No,Low,Yes,120,157.29,277.29,382.29,331.29,3.4,49.21,Medium,Critical - Reorder Now
P1599,2025-08-22,S2,147,89,8,76,No,Low,No,712,171.87,883.87,1506.87,1359.87,1.65,26.04,Low,Critical - Reorder Now
P1600,2025-08-23,S10,159,8,1,70,Yes,Low,No,8,62.39,70.39,126.39,0.0,19.88,37.7,Low,Overstock
P1601,2025-08-24,S18,369,75,5,89,No,Medium,No,375,127.99,502.99,1027.99,658.99,4.92,17.97,Low,Critical - Reorder Now
P1602,2025-08-25,S13,13,30,7,94,No,Medium,No,210,147.85,357.85,567.85,554.85,0.43,15.14,Low,Critical - Reorder Now
P1603,2025-08-26,S5,177,115,6,97,Yes,Medium,No,690,134.89,824.89,1629.89,1452.89,1.54,22.93,Low,Critical - Reorder Now
P1604,2025-08-27,S1,411,54,5,81,Yes,High,No,270,132.84,402.84,780.84,369.84,7.61,22.55,Low,Low Stock
P1605,2025-08-28,S1,365,16,8,86,Yes,Medium,Yes,128,164.2,292.2,404.2,39.2,22.81,66.66,Medium,Low Stock
P1606,2025-08-29,S18,499,99,3,96,No,Medium,Yes,297,95.85,392.85,1085.85,586.85,5.04,67.95,Medium,Low Stock
P1607,2025-08-30,S15,52,85,6,94,No,Medium,No,510,136.88,646.88,1241.88,1189.88,0.61,25.5,Low,Critical - Reorder Now
P1608,2025-08-31,S17,407,101,5,63,Yes,Medium,No,505,143.76,648.76,1355.76,948.76,4.03,20.18,Low,Critical - Reorder Now
P1609,2025-09-01,S11,334,79,8,75,No,Low,Yes,632,172.64,804.64,1357.64,1023.64,4.23,23.81,Low,Critical - Reorder Now
P1610,2025-09-02,S17,21,96,4,75,Yes,High,No,384,122.07,506.07,1178.07,1157.07,0.22,8.22,Low,Critical - Reorder Now
P1611,2025-09-03,S13,29,100,8,80,No,Low,No,800,168.8,968.8,1668.8,1639.8,0.29,48.77,Medium,Critical - Reorder Now
P1612,2025-09-04,S1,190,69,10,85,Yes,High,No,690,184.44,874.44,1357.44,1167.44,2.75,24.67,Low,Critical - Reorder Now
P1613,2025-09-05,S2,259,51,14,95,No,High,Yes,714,208.08,922.08,1279.08,1020.08,5.08,29.2,Low,Critical - Reorder Now
P1614,2025-09-06,S9,204,96,2,78,No,Low,No,192,85.17,277.17,949.17,745.17,2.12,26.75,Low,Critical - Reorder Now
P1615,2025-09-07,S3,58,57,9,76,No,Medium,No,513,182.3,695.3,1094.3,1036.3,1.02,32.17,Low,Critical - Reorder Now
P1616,2025-09-08,S1,470,110,13,85,No,Low,Yes,1430,210.29,1640.29,2410.29,1940.29,4.27,31.19,Low,Critical - Reorder Now
P1617,2025-09-09,S16,263,75,9,81,No,High,No,675,178.23,853.23,1378.23,1115.23,3.51,34.67,Low,Critical - Reorder Now
P1618,2025-09-10,S6,465,6,14,87,No,High,No,84,216.2,300.2,342.2,0.0,77.5,26.12,Low,Overstock
P1619,2025-09-11,S17,11,110,10,60,No,Medium,No,1100,205.88,1305.88,2075.88,2064.88,0.1,32.64,Low,Critical - Reorder Now
P1620,2025-09-12,S5,118,28,10,95,No,Low,No,280,175.86,455.86,651.86,533.86,4.21,47.08,Medium,Critical - Reorder Now
P1621,2025-09-13,S5,414,8,13,96,No,High,No,104,199.53,303.53,359.53,0.0,51.75,4.68,Low,Healthy
P1622,2025-09-14,S6,461,112,6,61,No,Low,No,672,158.81,830.81,1614.81,1153.81,4.12,31.64,Low,Critical - Reorder Now
P1623,2025-09-15,S3,289,23,4,76,No,Medium,No,92,121.53,213.53,374.53,85.53,12.57,14.47,Low,Low Stock
P1624,2025-09-16,S5,337,30,4,99,No,Medium,No,120,109.05,229.05,439.05,102.05,11.23,29.54,Low,Low Stock
P1625,2025-09-17,S5,247,79,13,97,Yes,High,No,1027,198.55,1225.55,1778.55,1531.55,3.13,16.6,Low,Critical - Reorder Now
P1626,2025-09-18,S10,353,44,6,80,No,Medium,Yes,264,146.19,410.19,718.19,365.19,8.02,67.57,Medium,Critical - Reorder Now
P1627,2025-09-19,S10,126,54,5,68,No,High,No,270,140.73,410.73,788.73,662.73,2.33,19.99,Low,Critical - Reorder Now
P1628,2025-09-20,S19,74,47,6,72,No,High,Yes,282,151.5,433.5,762.5,688.5,1.57,61.33,Medium,Critical - Reorder Now
P1629,2025-09-21,S17,360,79,7,70,No,Medium,Yes,553,165.08,718.08,1271.08,911.08,4.56,63.07,Medium,Critical - Reorder Now
P1630,2025-09-22,S14,203,113,7,75,No,Medium,No,791,161.49,952.49,1743.49,1540.49,1.8,22.77,Low,Critical - Reorder Now
P1631,2025-09-23,S9,48,71,9,75,Yes,Low,No,639,183.11,822.11,1319.11,1271.11,0.68,9.75,Low,Critical - Reorder Now
P1632,2025-09-24,S14,78,16,8,61,No,Low,Yes,128,183.38,311.38,423.38,345.38,4.88,75.44,High,Critical - Reorder Now
P1633,2025-09-25,S1,440,71,13,67,No,High,No,923,227.9,1150.9,1647.9,1207.9,6.2,14.0,Low,Critical - Reorder Now
P1634,2025-09-26,S19,478,110,6,72,No,Low,No,660,151.5,811.5,1581.5,1103.5,4.35,29.91,Low,Critical - Reorder Now
P1635,2025-09-27,S13,240,31,12,76,Yes,High,No,372,210.5,582.5,799.5,559.5,7.74,18.94,Low,Critical - Reorder Now
P1636,2025-09-28,S13,348,117,6,98,Yes,Medium,No,702,134.23,836.23,1655.23,1307.23,2.97,15.82,Low,Critical - Reorder Now
P1637,2025-09-29,S4,153,58,14,83,Yes,Medium,Yes,812,220.26,1032.26,1438.26,1285.26,2.64,77.0,High,Critical - Reorder Now
P1638,2025-09-30,S1,273,70,5,62,No,Low,No,350,144.37,494.37,984.37,711.37,3.9,24.52,Low,Critical - Reorder Now
P1639,2025-10-01,S17,95,53,1,89,No,High,No,53,57.24,110.24,481.24,386.24,1.79,36.47,Low,Critical - Reorder Now
P1640,2025-10-02,S8,213,20,9,72,Yes,High,Yes,180,185.55,365.55,505.55,292.55,10.65,36.53,Low,Critical - Reorder Now
P1641,2025-10-03,S2,293,6,9,78,No,Low,Yes,54,180.67,234.67,276.67,0.0,48.83,59.96,Medium,Healthy
P1642,2025-10-04,S8,208,64,9,66,No,High,No,576,190.43,766.43,1214.43,1006.43,3.25,18.02,Low,Critical - Reorder Now
P1643,2025-10-05,S7,342,58,11,68,No,High,No,638,208.73,846.73,1252.73,910.73,5.9,33.36,Low,Critical - Reorder Now
P1644,2025-10-06,S2,87,34,8,78,No,Medium,No,272,170.34,442.34,680.34,593.34,2.56,31.32,Low,Critical - Reorder Now
P1645,2025-10-07,S3,305,88,13,99,No,High,Yes,1144,196.6,1340.6,1956.6,1651.6,3.47,52.28,Medium,Critical - Reorder Now
P1646,2025-10-08,S18,263,42,10,81,Yes,High,No,420,187.87,607.87,901.87,638.87,6.26,27.55,Low,Critical - Reorder Now
P1647,2025-10-09,S12,424,32,13,77,No,High,No,416,218.12,634.12,858.12,434.12,13.25,13.32,Low,Critical - Reorder Now
P1648,2025-10-10,S1,389,29,3,82,Yes,Low,Yes,87,102.43,189.43,392.43,3.43,13.41,58.95,Medium,Low Stock
P1649,2025-10-11,S12,324,100,1,61,No,Low,No,100,64.83,164.83,864.83,540.83,3.24,21.17,Low,Low Stock
P1650,2025-10-12,S5,427,14,11,70,No,Low,Yes,154,206.93,360.93,458.93,31.93,30.5,65.09,Medium,Low Stock
P1651,2025-10-13,S17,376,64,12,90,Yes,High,No,768,197.34,965.34,1413.34,1037.34,5.88,25.65,Low,Critical - Reorder Now
P1652,2025-10-14,S16,319,46,12,92,Yes,High,No,552,195.46,747.46,1069.46,750.46,6.93,20.77,Low,Critical - Reorder Now
P1653,2025-10-15,S15,156,44,8,73,No,Low,No,352,174.17,526.17,834.17,678.17,3.55,20.31,Low,Critical - Reorder Now
P1654,2025-10-16,S15,155,101,7,75,No,Low,Yes,707,161.49,868.49,1575.49,1420.49,1.53,42.2,Medium,Critical - Reorder Now
P1655,2025-10-17,S5,138,81,13,70,No,High,No,1053,224.96,1277.96,1844.96,1706.96,1.7,20.44,Low,Critical - Reorder Now
P1656,2025-10-18,S14,120,109,5,92,Yes,High,No,545,126.17,671.17,1434.17,1314.17,1.1,51.53,Medium,Critical - Reorder Now
P1657,2025-10-19,S2,64,46,10,66,Yes,Medium,No,460,200.74,660.74,982.74,918.74,1.39,22.67,Low,Critical - Reorder Now
P1658,2025-10-20,S11,106,51,7,90,No,Low,Yes,357,150.72,507.72,864.72,758.72,2.08,72.89,High,Critical - Reorder Now
P1659,2025-10-21,S19,146,41,10,73,Yes,High,Yes,410,194.73,604.73,891.73,745.73,3.56,68.52,Medium,Critical - Reorder Now
P1660,2025-10-22,S7,136,84,4,87,No,Low,No,336,115.56,451.56,1039.56,903.56,1.62,11.44,Low,Critical - Reorder Now
P1661,2025-10-23,S6,410,113,9,75,Yes,Low,No,1017,183.11,1200.11,1991.11,1581.11,3.63,23.5,Low,Critical - Reorder Now
P1662,2025-10-24,S2,161,26,11,78,No,Low,Yes,286,199.74,485.74,667.74,506.74,6.19,64.39,Medium,Critical - Reorder Now
P1663,2025-10-25,S6,427,61,10,76,Yes,Medium,No,610,192.16,802.16,1229.16,802.16,7.0,28.81,Low,Critical - Reorder Now
P1664,2025-10-26,S18,451,88,14,85,Yes,High,No,1232,218.23,1450.23,2066.23,1615.23,5.12,26.61,Low,Critical - Reorder Now
P1665,2025-10-27,S2,99,118,2,65,No,High,No,236,90.16,326.16,1152.16,1053.16,0.84,24.37,Low,Critical - Reorder Now
P1666,2025-10-28,S18,337,111,9,68,No,Low,No,999,188.81,1187.81,1964.81,1627.81,3.04,11.61,Low,Critical - Reorder Now
P1667,2025-10-29,S15,398,31,9,76,Yes,High,No,279,182.3,461.3,678.3,280.3,12.84,28.85,Low,Critical - Reorder Now
P1668,2025-10-30,S19,306,45,5,90,Yes,Medium,Yes,225,127.38,352.38,667.38,361.38,6.8,73.12,High,Critical - Reorder Now
P1669,2025-10-31,S2,140,84,11,71,Yes,Low,Yes,924,206.04,1130.04,1718.04,1578.04,1.67,60.03,Medium,Critical - Reorder Now
P1670,2025-11-01,S20,82,38,1,82,No,Medium,No,38,59.14,97.14,363.14,281.14,2.16,16.98,Low,Critical - Reorder Now
P1671,2025-11-02,S6,176,36,7,64,No,Medium,No,252,169.38,421.38,673.38,497.38,4.89,31.53,Low,Critical - Reorder Now
P1672,2025-11-03,S1,197,94,10,95,Yes,High,No,940,175.86,1115.86,1773.86,1576.86,2.1,16.93,Low,Critical - Reorder Now
P1673,2025-11-04,S15,111,93,10,95,No,High,No,930,175.86,1105.86,1756.86,1645.86,1.19,47.78,Medium,Critical - Reorder Now
P1674,2025-11-05,S10,55,70,4,62,No,Medium,No,280,129.13,409.13,899.13,844.13,0.79,20.5,Low,Critical - Reorder Now
P1675,2025-11-06,S19,459,16,9,83,No,High,Yes,144,176.6,320.6,432.6,0.0,28.69,62.35,Medium,Healthy
P1676,2025-11-07,S17,178,44,6,76,No,Medium,No,264,148.84,412.84,720.84,542.84,4.05,46.31,Medium,Critical - Reorder Now
P1677,2025-11-08,S5,420,77,13,98,Yes,Medium,No,1001,197.58,1198.58,1737.58,1317.58,5.45,22.05,Low,Critical - Reorder Now
P1678,2025-11-09,S4,400,80,3,85,Yes,Low,No,240,101.02,341.02,901.02,501.02,5.0,11.67,Low,Low Stock
P1679,2025-11-10,S10,185,94,6,63,Yes,Medium,No,564,157.48,721.48,1379.48,1194.48,1.97,31.89,Low,Critical - Reorder Now
P1680,2025-11-11,S17,470,77,13,71,No,Medium,No,1001,223.98,1224.98,1763.98,1293.98,6.1,43.87,Medium,Critical - Reorder Now
P1681,2025-11-12,S10,217,14,10,60,No,High,No,140,205.88,345.88,443.88,226.88,15.5,20.82,Low,Critical - Reorder Now
P1682,2025-11-13,S17,412,100,6,80,No,Low,Yes,600,146.19,746.19,1446.19,1034.19,4.12,62.91,Medium,Critical - Reorder Now
P1683,2025-11-14,S20,416,102,5,78,Yes,High,Yes,510,134.66,644.66,1358.66,942.66,4.08,71.3,High,Critical - Reorder Now
P1684,2025-11-15,S5,315,52,2,80,No,Low,No,104,84.4,188.4,552.4,237.4,6.06,16.09,Low,Low Stock
P1685,2025-11-16,S2,474,24,10,77,Yes,High,No,240,191.3,431.3,599.3,125.3,19.75,16.8,Low,Low Stock
P1686,2025-11-17,S6,216,43,10,62,Yes,Medium,Yes,430,204.17,634.17,935.17,719.17,5.02,68.63,Medium,Critical - Reorder Now
P1687,2025-11-18,S2,119,64,2,91,No,Low,No,128,80.18,208.18,656.18,537.18,1.86,33.5,Low,Critical - Reorder Now
P1688,2025-11-19,S13,438,70,7,69,Yes,Low,No,490,165.79,655.79,1145.79,707.79,6.26,10.97,Low,Critical - Reorder Now
P1689,2025-11-20,S11,393,69,2,99,Yes,Low,No,138,77.11,215.11,698.11,305.11,5.7,12.08,Low,Low Stock
P1690,2025-11-21,S11,174,55,12,74,No,Low,No,660,212.38,872.38,1257.38,1083.38,3.16,32.52,Low,Critical - Reorder Now
P1691,2025-11-22,S16,22,40,6,64,Yes,High,No,240,156.82,396.82,676.82,654.82,0.55,11.97,Low,Critical - Reorder Now
P1692,2025-11-23,S11,212,28,5,63,Yes,High,Yes,140,143.76,283.76,479.76,267.76,7.57,60.25,Medium,Critical - Reorder Now
P1693,2025-11-24,S19,404,31,4,87,Yes,Low,No,124,115.56,239.56,456.56,52.56,13.03,56.75,Medium,Low Stock
P1694,2025-11-25,S15,234,6,7,63,No,Low,No,42,170.1,212.1,254.1,20.1,39.0,41.57,Medium,Low Stock
P1695,2025-11-26,S16,12,35,8,74,No,Low,Yes,280,173.41,453.41,698.41,686.41,0.34,57.1,Medium,Critical - Reorder Now
P1696,2025-11-27,S11,100,61,4,76,Yes,High,No,244,121.53,365.53,792.53,692.53,1.64,16.16,Low,Critical - Reorder Now
P1697,2025-11-28,S16,416,82,1,62,No,Low,No,82,64.56,146.56,720.56,304.56,5.07,15.9,Low,Low Stock
P1698,2025-11-29,S8,23,70,1,69,Yes,Low,No,70,62.66,132.66,622.66,599.66,0.33,53.18,Medium,Critical - Reorder Now
P1699,2025-11-30,S4,363,33,1,82,No,Low,No,33,59.14,92.14,323.14,0.0,11.0,15.95,Low,Healthy
P1700,2025-12-01,S8,10,19,11,77,No,High,No,209,200.64,409.64,542.64,532.64,0.53,40.47,Medium,Critical - Reorder Now
P1701,2025-12-02,S4,272,16,1,60,No,Medium,No,16,65.11,81.11,193.11,0.0,17.0,24.69,Low,Overstock
P1702,2025-12-03,S3,451,105,5,94,No,Medium,Yes,525,124.96,649.96,1384.96,933.96,4.3,70.21,High,Critical - Reorder Now
P1703,2025-12-04,S3,430,32,4,90,No,High,No,128,113.94,241.94,465.94,35.94,13.44,21.09,Low,Low Stock
P1704,2025-12-05,S18,280,88,13,60,No,Medium,No,1144,234.74,1378.74,1994.74,1714.74,3.18,49.99,Medium,Critical - Reorder Now
P1705,2025-12-06,S19,93,107,14,62,No,Low,Yes,1498,241.57,1739.57,2488.57,2395.57,0.87,56.04,Medium,Critical - Reorder Now
P1706,2025-12-07,S19,200,28,9,62,No,Low,No,252,193.69,445.69,641.69,441.69,7.14,47.63,Medium,Critical - Reorder Now
P1707,2025-12-08,S5,20,25,3,96,No,High,No,75,95.85,170.85,345.85,325.85,0.8,12.89,Low,Critical - Reorder Now
P1708,2025-12-09,S18,339,14,14,78,No,High,No,196,225.33,421.33,519.33,180.33,24.21,8.14,Low,Critical - Reorder Now
P1709,2025-12-10,S10,466,114,7,88,Yes,Medium,Yes,798,152.16,950.16,1748.16,1282.16,4.09,57.1,Medium,Critical - Reorder Now
P1710,2025-12-11,S6,210,82,11,84,Yes,Medium,No,902,194.34,1096.34,1670.34,1460.34,2.56,50.08,Medium,Critical - Reorder Now
P1711,2025-12-12,S1,139,105,8,92,No,Low,Yes,840,159.59,999.59,1734.59,1595.59,1.32,84.85,High,Critical - Reorder Now
P1712,2025-12-13,S5,292,22,6,95,No,High,No,132,136.22,268.22,422.22,130.22,13.27,19.45,Low,Low Stock
P1713,2025-12-14,S9,297,92,12,88,No,Medium,No,1104,199.22,1303.22,1947.22,1650.22,3.23,9.28,Low,Critical - Reorder Now
P1714,2025-12-15,S12,400,18,13,85,Yes,Medium,No,234,210.29,444.29,570.29,170.29,22.22,21.49,Low,Critical - Reorder Now
P1715,2025-12-16,S14,100,38,10,63,Yes,Low,No,380,203.31,583.31,849.31,749.31,2.63,16.23,Low,Critical - Reorder Now
P1716,2025-12-17,S2,303,62,13,73,No,Low,Yes,806,222.03,1028.03,1462.03,1159.03,4.89,60.25,Medium,Critical - Reorder Now
P1717,2025-12-18,S17,358,80,1,86,No,Low,No,80,58.05,138.05,698.05,340.05,4.47,14.5,Low,Low Stock
P1718,2025-12-19,S14,27,26,8,92,Yes,Low,No,208,159.59,367.59,549.59,522.59,1.04,17.19,Low,Critical - Reorder Now
P1719,2025-12-20,S13,40,74,10,81,No,Medium,No,740,187.87,927.87,1445.87,1405.87,0.54,20.19,Low,Critical - Reorder Now
P1720,2025-12-21,S9,354,40,3,62,No,High,No,120,111.83,231.83,511.83,157.83,8.85,30.47,Low,Low Stock
P1721,2025-12-22,S15,302,49,8,82,No,High,Yes,392,167.27,559.27,902.27,600.27,6.16,68.44,Medium,Critical - Reorder Now
P1722,2025-12-23,S15,495,40,12,80,No,Low,Yes,480,206.74,686.74,966.74,471.74,12.38,59.07,Medium,Critical - Reorder Now
P1723,2025-12-24,S11,145,26,4,82,No,Low,Yes,104,118.28,222.28,404.28,259.28,5.58,61.86,Medium,Critical - Reorder Now
P1724,2025-12-25,S16,255,82,8,63,No,Medium,No,656,181.85,837.85,1411.85,1156.85,3.11,18.8,Low,Critical - Reorder Now
P1725,2025-12-26,S17,461,84,11,80,No,Low,Yes,924,197.94,1121.94,1709.94,1248.94,5.49,51.58,Medium,Critical - Reorder Now
P1726,2025-12-27,S4,226,65,1,96,Yes,High,Yes,65,55.34,120.34,575.34,349.34,3.48,63.81,Medium,Low Stock
P1727,2025-12-28,S1,235,104,3,90,No,Low,No,312,98.67,410.67,1138.67,903.67,2.26,26.98,Low,Critical - Reorder Now
P1728,2025-12-29,S8,360,60,6,80,Yes,High,No,360,146.19,506.19,926.19,566.19,6.0,18.36,Low,Critical - Reorder Now
P1729,2025-12-30,S17,379,93,9,85,Yes,Low,No,837,174.97,1011.97,1662.97,1283.97,4.08,22.14,Low,Critical - Reorder Now
P1730,2025-12-31,S3,454,100,2,94,No,Low,No,200,79.03,279.03,979.03,525.03,4.54,26.56,Low,Low Stock
P1731,2026-01-01,S20,488,37,11,97,No,High,No,407,182.64,589.64,848.64,360.64,13.19,21.81,Low,Critical - Reorder Now
P1732,2026-01-02,S15,12,49,1,83,No,Medium,No,49,58.87,107.87,450.87,438.87,0.24,20.14,Low,Critical - Reorder Now
P1733,2026-01-03,S15,209,40,10,70,No,Medium,No,400,197.3,597.3,877.3,668.3,5.22,44.32,Medium,Critical - Reorder Now
P1734,2026-01-04,S14,228,24,3,88,No,Low,No,72,99.61,171.61,339.61,111.61,9.5,15.15,Low,Low Stock
P1735,2026-01-05,S14,396,22,4,62,No,Low,Yes,88,129.13,217.13,371.13,0.0,18.0,70.19,High,Healthy
P1736,2026-01-06,S2,99,42,11,60,No,High,Yes,462,215.93,677.93,971.93,872.93,2.36,72.63,High,Critical - Reorder Now
P1737,2026-01-07,S13,30,71,5,78,Yes,High,No,355,134.66,489.66,986.66,956.66,0.42,15.72,Low,Critical - Reorder Now
P1738,2026-01-08,S14,385,27,3,81,Yes,Low,No,81,102.9,183.9,372.9,0.0,14.26,24.76,Low,Healthy
P1739,2026-01-09,S19,15,100,13,73,No,High,No,1300,222.03,1522.03,2222.03,2207.03,0.15,24.61,Low,Critical - Reorder Now
P1740,2026-01-10,S7,136,113,10,73,No,Medium,No,1130,194.73,1324.73,2115.73,1979.73,1.2,24.0,Low,Critical - Reorder Now
P1741,2026-01-11,S3,328,20,11,75,No,Medium,Yes,220,202.44,422.44,562.44,234.44,16.4,62.14,Medium,Critical - Reorder Now
P1742,2026-01-12,S15,165,63,2,92,No,High,No,126,79.8,205.8,646.8,481.8,2.62,12.63,Low,Critical - Reorder Now
P1743,2026-01-13,S14,458,73,2,72,No,High,No,146,87.47,233.47,744.47,286.47,6.27,9.4,Low,Low Stock
P1744,2026-01-14,S11,309,72,7,97,No,High,No,504,145.7,649.7,1153.7,844.7,4.29,19.66,Low,Critical - Reorder Now
P1745,2026-01-15,S15,439,25,9,71,No,Medium,Yes,225,186.37,411.37,586.37,147.37,17.56,68.63,Medium,Low Stock
P1746,2026-01-16,S13,469,108,10,97,Yes,Low,Yes,1080,174.14,1254.14,2010.14,1541.14,4.34,62.27,Medium,Critical - Reorder Now
P1747,2026-01-17,S18,480,119,2,98,Yes,High,No,238,77.5,315.5,1148.5,668.5,4.03,18.06,Low,Low Stock
P1748,2026-01-18,S6,99,82,7,92,Yes,High,No,574,149.29,723.29,1297.29,1198.29,1.21,55.28,Medium,Critical - Reorder Now
P1749,2026-01-19,S3,108,107,7,92,No,High,Yes,749,149.29,898.29,1647.29,1539.29,1.01,83.93,High,Critical - Reorder Now
P1750,2026-01-20,S19,342,99,11,88,Yes,Low,Yes,1089,190.74,1279.74,1972.74,1630.74,3.45,68.92,Medium,Critical - Reorder Now
P1751,2026-01-21,S15,172,82,7,64,No,High,No,574,169.38,743.38,1317.38,1145.38,2.1,24.9,Low,Critical - Reorder Now
P1752,2026-01-22,S5,236,74,3,65,No,High,No,222,110.42,332.42,850.42,614.42,3.19,11.99,Low,Critical - Reorder Now
P1753,2026-01-23,S10,161,16,12,90,Yes,Medium,Yes,192,197.34,389.34,501.34,340.34,10.06,68.13,Medium,Critical - Reorder Now
P1754,2026-01-24,S7,392,20,7,75,Yes,High,No,140,161.49,301.49,441.49,49.49,19.6,19.74,Low,Low Stock
P1755,2026-01-25,S17,215,85,1,90,No,Medium,No,85,56.97,141.97,736.97,521.97,2.53,8.89,Low,Low Stock
P1756,2026-01-26,S7,263,113,10,84,No,Low,No,1130,185.29,1315.29,2106.29,1843.29,2.33,24.06,Low,Critical - Reorder Now
P1757,2026-01-27,S12,262,91,1,92,No,High,No,91,56.43,147.43,784.43,522.43,2.88,30.99,Low,Low Stock
P1758,2026-01-28,S17,291,18,5,72,No,High,No,90,138.3,228.3,354.3,63.3,16.17,8.56,Low,Low Stock
P1759,2026-01-29,S13,273,65,2,69,No,Medium,No,130,88.62,218.62,673.62,400.62,4.2,26.35,Low,Low Stock
P1760,2026-01-30,S20,2,75,9,83,No,Low,No,675,176.6,851.6,1376.6,1374.6,0.03,27.95,Low,Critical - Reorder Now
P1761,2026-01-31,S4,27,50,7,69,No,Low,No,350,165.79,515.79,865.79,838.79,0.54,18.46,Low,Critical - Reorder Now
P1762,2026-02-01,S10,325,36,4,90,No,Medium,No,144,113.94,257.94,509.94,184.94,9.03,23.41,Low,Low Stock
P1763,2026-02-02,S3,491,19,4,72,Yes,Low,No,76,123.7,199.7,332.7,0.0,25.84,36.07,Low,Overstock
P1764,2026-02-03,S9,427,48,2,62,No,Low,No,96,91.31,187.31,523.31,96.31,8.9,39.89,Low,Low Stock
P1765,2026-02-04,S13,148,21,5,93,No,Low,Yes,105,125.56,230.56,377.56,229.56,7.05,49.66,Medium,Critical - Reorder Now
P1766,2026-02-05,S18,27,45,4,87,Yes,Low,No,180,115.56,295.56,610.56,583.56,0.6,14.81,Low,Critical - Reorder Now
P1767,2026-02-06,S15,487,58,12,78,Yes,Low,No,696,208.62,904.62,1310.62,823.62,8.4,38.8,Low,Critical - Reorder Now
P1768,2026-02-07,S4,309,115,13,82,No,Low,No,1495,213.22,1708.22,2513.22,2204.22,2.69,18.25,Low,Critical - Reorder Now
P1769,2026-02-08,S15,437,48,1,91,Yes,Low,No,48,56.7,104.7,440.7,3.7,9.1,37.63,Low,Low Stock
P1770,2026-02-09,S2,64,102,12,72,Yes,Low,Yes,1224,214.26,1438.26,2152.26,2088.26,0.63,68.98,Medium,Critical - Reorder Now
P1771,2026-02-10,S15,355,9,8,92,No,High,No,72,159.59,231.59,294.59,0.0,39.44,12.8,Low,Overstock
P1772,2026-02-11,S8,20,113,3,93,No,Medium,No,339,97.26,436.26,1227.26,1207.26,0.18,32.65,Low,Critical - Reorder Now
P1773,2026-02-12,S8,251,31,14,92,No,Low,No,434,211.12,645.12,862.12,611.12,8.1,24.94,Low,Critical - Reorder Now
P1774,2026-02-13,S17,234,91,6,64,No,Medium,No,546,156.82,702.82,1339.82,1105.82,2.57,18.37,Low,Critical - Reorder Now
P1775,2026-02-14,S12,226,108,4,62,No,Low,No,432,129.13,561.13,1317.13,1091.13,2.09,14.34,Low,Critical - Reorder Now
P1776,2026-02-15,S19,12,82,9,66,No,Low,No,738,190.43,928.43,1502.43,1490.43,0.15,15.88,Low,Critical - Reorder Now
P1777,2026-02-16,S10,312,83,7,83,Yes,High,No,581,155.75,736.75,1317.75,1005.75,3.76,30.87,Low,Critical - Reorder Now
P1778,2026-02-17,S9,48,47,9,81,No,Medium,No,423,178.23,601.23,930.23,882.23,1.02,10.97,Low,Critical - Reorder Now
P1779,2026-02-18,S5,117,101,10,82,No,Medium,No,1010,187.01,1197.01,1904.01,1787.01,1.16,20.14,Low,Critical - Reorder Now
P1780,2026-02-19,S6,53,35,3,89,No,High,No,105,99.14,204.14,449.14,396.14,1.51,25.49,Low,Critical - Reorder Now
P1781,2026-02-20,S20,137,103,1,77,No,High,No,103,60.49,163.49,884.49,747.49,1.33,21.54,Low,Critical - Reorder Now
P1782,2026-02-21,S2,52,21,5,91,No,Medium,Yes,105,126.78,231.78,378.78,326.78,2.48,65.68,Medium,Critical - Reorder Now
P1783,2026-02-22,S13,43,96,3,66,No,Low,No,288,109.95,397.95,1069.95,1026.95,0.45,14.58,Low,Critical - Reorder Now
P1784,2026-02-23,S6,302,87,6,92,Yes,Low,No,522,138.21,660.21,1269.21,967.21,3.47,45.03,Medium,Critical - Reorder Now
P1785,2026-02-24,S5,52,114,8,64,No,Medium,No,912,181.08,1093.08,1891.08,1839.08,0.46,21.49,Low,Critical - Reorder Now
P1786,2026-02-25,S1,73,58,11,87,No,Low,No,638,191.64,829.64,1235.64,1162.64,1.26,13.8,Low,Critical - Reorder Now
P1787,2026-02-26,S6,45,66,13,67,No,High,No,858,227.9,1085.9,1547.9,1502.9,0.68,12.08,Low,Critical - Reorder Now
P1788,2026-02-27,S6,12,91,4,74,No,High,No,364,122.62,486.62,1123.62,1111.62,0.13,18.64,Low,Critical - Reorder Now
P1789,2026-02-28,S16,164,36,5,63,No,High,No,180,143.76,323.76,575.76,411.76,4.56,17.97,Low,Critical - Reorder Now
P1790,2026-03-01,S4,101,44,5,93,Yes,Medium,No,220,125.56,345.56,653.56,552.56,2.3,41.54,Medium,Critical - Reorder Now
P1791,2026-03-02,S11,279,17,4,64,Yes,Medium,Yes,68,128.04,196.04,315.04,36.04,16.41,65.33,Medium,Low Stock
P1792,2026-03-03,S9,257,88,4,92,No,Medium,No,352,112.85,464.85,1080.85,823.85,2.92,15.35,Low,Critical - Reorder Now
P1793,2026-03-04,S3,469,39,4,64,No,Low,No,156,128.04,284.04,557.04,88.04,12.03,35.2,Low,Low Stock
P1794,2026-03-05,S19,336,9,4,97,Yes,Medium,No,36,110.14,146.14,209.14,0.0,37.33,13.68,Low,Overstock
P1795,2026-03-06,S8,355,77,4,93,Yes,Medium,No,308,112.31,420.31,959.31,604.31,4.61,23.86,Low,Critical - Reorder Now
P1796,2026-03-07,S5,397,33,5,85,No,High,No,165,130.42,295.42,526.42,129.42,12.03,36.06,Low,Low Stock
P1797,2026-03-08,S4,137,74,2,60,No,Low,No,148,92.07,240.07,758.07,621.07,1.85,21.06,Low,Critical - Reorder Now
P1798,2026-03-09,S6,162,29,2,63,No,Low,Yes,58,90.92,148.92,351.92,189.92,5.59,63.56,Medium,Low Stock
P1799,2026-03-10,S2,408,99,9,98,Yes,High,No,891,164.39,1055.39,1748.39,1340.39,4.12,14.34,Low,Critical - Reorder Now
P1800,2026-03-11,S20,386,26,2,85,No,Low,No,52,82.48,134.48,316.48,0.0,14.85,18.3,Low,Overstock
P1801,2026-03-12,S11,110,70,6,92,Yes,Medium,No,420,138.21,558.21,1048.21,938.21,1.57,41.78,Medium,Critical - Reorder Now
P1802,2026-03-13,S4,101,49,2,92,No,Low,No,98,79.8,177.8,520.8,419.8,2.06,29.87,Low,Critical - Reorder Now
P1803,2026-03-14,S15,16,73,5,67,No,High,No,365,141.34,506.34,1017.34,1001.34,0.22,8.31,Low,Critical - Reorder Now
P1804,2026-03-15,S6,267,95,4,79,Yes,Low,No,380,119.9,499.9,1164.9,897.9,2.81,20.13,Low,Critical - Reorder Now
P1805,2026-03-16,S17,181,93,12,75,No,High,No,1116,211.44,1327.44,1978.44,1797.44,1.95,20.64,Low,Critical - Reorder Now
P1806,2026-03-17,S6,371,76,7,80,No,Medium,No,532,157.9,689.9,1221.9,850.9,4.88,26.97,Low,Critical - Reorder Now
P1807,2026-03-18,S19,23,5,7,85,No,Medium,No,35,154.31,189.31,224.31,201.31,4.6,14.25,Low,Critical - Reorder Now
P1808,2026-03-19,S2,28,88,13,82,No,High,No,1144,213.22,1357.22,1973.22,1945.22,0.32,21.9,Low,Critical - Reorder Now
P1809,2026-03-20,S15,170,48,6,77,Yes,Medium,Yes,288,148.18,436.18,772.18,602.18,3.54,73.41,High,Critical - Reorder Now
P1810,2026-03-21,S11,408,91,10,90,No,Medium,Yes,910,180.15,1090.15,1727.15,1319.15,4.48,26.48,Low,Critical - Reorder Now
P1811,2026-03-22,S8,227,100,5,71,No,Low,Yes,500,138.91,638.91,1338.91,1111.91,2.27,31.64,Low,Critical - Reorder Now
P1812,2026-03-23,S19,377,79,1,60,No,Medium,Yes,79,65.11,144.11,697.11,320.11,4.77,58.52,Medium,Low Stock
P1813,2026-03-24,S13,187,43,12,68,No,High,Yes,516,218.02,734.02,1035.02,848.02,4.35,57.97,Medium,Critical - Reorder Now
P1814,2026-03-25,S12,345,115,3,62,No,Medium,Yes,345,111.83,456.83,1261.83,916.83,3.0,61.87,Medium,Critical - Reorder Now
P1815,2026-03-26,S5,229,58,9,85,No,Low,Yes,522,174.97,696.97,1102.97,873.97,3.95,76.4,High,Critical - Reorder Now
P1816,2026-03-27,S6,320,92,14,68,No,High,No,1288,235.48,1523.48,2167.48,1847.48,3.48,14.19,Low,Critical - Reorder Now
P1817,2026-03-28,S4,339,79,1,75,Yes,Medium,No,79,61.04,140.04,693.04,354.04,4.29,32.13,Low,Low Stock
P1818,2026-03-29,S19,118,33,5,83,No,Medium,No,165,131.63,296.63,527.63,409.63,3.58,21.42,Low,Critical - Reorder Now
P1819,2026-03-30,S20,155,58,2,73,No,Medium,Yes,116,87.09,203.09,609.09,454.09,2.67,62.3,Medium,Critical - Reorder Now
P1820,2026-03-31,S1,271,94,4,62,Yes,High,No,376,129.13,505.13,1163.13,892.13,2.88,16.08,Low,Critical - Reorder Now
P1821,2026-04-01,S20,174,20,14,93,Yes,Low,No,280,210.11,490.11,630.11,456.11,8.7,16.95,Low,Critical - Reorder Now
P1822,2026-04-02,S17,464,103,14,92,No,High,Yes,1442,211.12,1653.12,2374.12,1910.12,4.5,69.63,Medium,Critical - Reorder Now
P1823,2026-04-03,S12,103,24,11,83,Yes,High,No,264,195.24,459.24,627.24,524.24,4.29,28.82,Low,Critical - Reorder Now
P1824,2026-04-04,S15,91,50,1,68,Yes,Low,No,50,62.94,112.94,462.94,371.94,1.82,39.98,Low,Critical - Reorder Now
P1825,2026-04-05,S1,185,71,3,72,No,High,No,213,107.13,320.13,817.13,632.13,2.61,15.5,Low,Critical - Reorder Now
P1826,2026-04-06,S14,459,69,10,61,Yes,High,No,690,205.03,895.03,1378.03,919.03,6.65,16.65,Low,Critical - Reorder Now
P1827,2026-04-07,S6,282,62,7,66,No,Medium,No,434,167.95,601.95,1035.95,753.95,4.55,18.74,Low,Critical - Reorder Now
P1828,2026-04-08,S5,180,57,10,80,No,High,No,570,188.73,758.73,1157.73,977.73,3.16,17.8,Low,Critical - Reorder Now
P1829,2026-04-09,S11,169,115,3,78,No,Medium,Yes,345,104.31,449.31,1254.31,1085.31,1.47,62.68,Medium,Critical - Reorder Now
P1830,2026-04-10,S4,186,5,4,84,No,High,Yes,20,117.19,137.19,172.19,0.0,37.2,63.53,Medium,Healthy
P1831,2026-04-11,S13,174,85,2,81,No,Medium,No,170,84.02,254.02,849.02,675.02,2.05,12.2,Low,Critical - Reorder Now
P1832,2026-04-12,S11,221,70,3,70,No,Medium,Yes,210,108.07,318.07,808.07,587.07,3.16,36.07,Low,Critical - Reorder Now
P1833,2026-04-13,S3,232,33,9,92,No,Medium,Yes,297,169.28,466.28,697.28,465.28,7.03,67.87,Medium,Critical - Reorder Now
P1834,2026-04-14,S1,161,88,3,91,No,Low,No,264,98.2,362.2,978.2,817.2,1.83,17.42,Low,Critical - Reorder Now
P1835,2026-04-15,S6,420,74,11,80,Yes,High,No,814,197.94,1011.94,1529.94,1109.94,5.68,25.39,Low,Critical - Reorder Now
P1836,2026-04-16,S18,133,12,5,98,No,High,Yes,60,122.53,182.53,266.53,133.53,11.08,13.95,Low,Critical - Reorder Now
P1837,2026-04-17,S10,390,33,2,79,No,High,No,66,84.78,150.78,381.78,0.0,11.82,6.04,Low,Healthy
P1838,2026-04-18,S5,479,116,4,67,No,Low,No,464,126.41,590.41,1402.41,923.41,4.13,20.27,Low,Critical - Reorder Now
P1839,2026-04-19,S10,223,55,12,96,No,Medium,No,660,191.7,851.7,1236.7,1013.7,4.05,10.71,Low,Critical - Reorder Now
P1840,2026-04-20,S12,152,37,13,68,No,High,Yes,481,226.92,707.92,966.92,814.92,4.11,36.14,Low,Critical - Reorder Now
P1841,2026-04-21,S2,32,7,7,84,No,Low,No,49,155.03,204.03,253.03,221.03,4.57,27.83,Low,Critical - Reorder Now
P1842,2026-04-22,S13,54,64,14,84,No,Low,No,896,219.24,1115.24,1563.24,1509.24,0.84,7.27,Low,Critical - Reorder Now
P1843,2026-04-23,S8,441,39,7,92,Yes,High,No,273,149.29,422.29,695.29,254.29,11.31,25.51,Low,Low Stock
P1844,2026-04-24,S2,6,73,12,61,No,Medium,Yes,876,224.59,1100.59,1611.59,1605.59,0.08,72.49,High,Critical - Reorder Now
P1845,2026-04-25,S20,243,95,3,78,No,Low,No,285,104.31,389.31,1054.31,811.31,2.56,36.46,Low,Critical - Reorder Now
P1846,2026-04-26,S1,312,112,5,79,No,High,No,560,134.06,694.06,1478.06,1166.06,2.79,9.77,Low,Critical - Reorder Now
P1847,2026-04-27,S5,125,80,1,88,Yes,Medium,Yes,80,57.51,137.51,697.51,572.51,1.56,63.81,Medium,Critical - Reorder Now
P1848,2026-04-28,S9,11,88,10,65,Yes,Low,No,880,201.59,1081.59,1697.59,1686.59,0.12,20.17,Low,Critical - Reorder Now
P1849,2026-04-29,S17,15,113,10,76,Yes,Low,Yes,1130,192.16,1322.16,2113.16,2098.16,0.13,68.53,Medium,Critical - Reorder Now
P1850,2026-04-30,S9,207,24,10,84,No,High,No,240,185.29,425.29,593.29,386.29,8.62,33.86,Low,Critical - Reorder Now
P1851,2026-05-01,S11,42,77,11,97,No,High,Yes,847,182.64,1029.64,1568.64,1526.64,0.55,63.53,Medium,Critical - Reorder Now
P1852,2026-05-02,S15,372,43,1,63,No,Medium,No,43,64.29,107.29,408.29,36.29,8.65,16.5,Low,Low Stock
P1853,2026-05-03,S6,483,8,5,89,No,High,No,40,127.99,167.99,223.99,0.0,60.38,27.85,Low,Overstock
P1854,2026-05-04,S3,460,119,13,79,No,High,No,1547,216.16,1763.16,2596.16,2136.16,3.87,25.45,Low,Critical - Reorder Now
P1855,2026-05-05,S17,134,23,10,62,No,Medium,No,230,204.17,434.17,595.17,461.17,5.83,21.6,Low,Critical - Reorder Now
P1856,2026-05-06,S5,227,106,9,82,No,High,Yes,954,177.41,1131.41,1873.41,1646.41,2.14,37.13,Low,Critical - Reorder Now
P1857,2026-05-07,S12,110,95,1,77,No,Medium,No,95,60.49,155.49,820.49,710.49,1.16,15.47,Low,Critical - Reorder Now
P1858,2026-05-08,S18,306,49,1,85,No,Medium,No,49,58.32,107.32,450.32,144.32,6.24,17.05,Low,Low Stock
P1859,2026-05-09,S14,456,47,4,95,Yes,Medium,Yes,188,111.22,299.22,628.22,172.22,9.7,72.14,High,High Risk
P1860,2026-05-10,S11,159,17,4,67,No,High,No,68,126.41,194.41,313.41,154.41,9.35,23.93,Low,Critical - Reorder Now
P1861,2026-05-11,S9,330,17,2,76,No,Medium,Yes,34,85.94,119.94,238.94,0.0,19.41,61.65,Medium,Overstock
P1862,2026-05-12,S2,263,64,9,90,No,High,No,576,170.9,746.9,1194.9,931.9,4.11,17.76,Low,Critical - Reorder Now
P1863,2026-05-13,S12,224,61,14,96,No,Medium,No,854,207.06,1061.06,1488.06,1264.06,3.67,25.95,Low,Critical - Reorder Now
P1864,2026-05-14,S3,470,90,9,92,No,High,Yes,810,169.28,979.28,1609.28,1139.28,5.22,64.13,Medium,Critical - Reorder Now
P1865,2026-05-15,S3,216,96,13,86,Yes,Medium,No,1248,209.31,1457.31,2129.31,1913.31,2.25,27.9,Low,Critical - Reorder Now
P1866,2026-05-16,S1,455,56,13,63,No,Low,No,728,231.81,959.81,1351.81,896.81,8.12,17.49,Low,Critical - Reorder Now
P1867,2026-05-17,S8,44,115,2,81,No,Low,No,230,84.02,314.02,1119.02,1075.02,0.38,21.47,Low,Critical - Reorder Now
P1868,2026-05-18,S8,213,57,14,85,Yes,Low,No,798,218.23,1016.23,1415.23,1202.23,3.74,27.77,Low,Critical - Reorder Now
P1869,2026-05-19,S11,58,113,9,91,Yes,Medium,Yes,1017,170.09,1187.09,1978.09,1920.09,0.51,44.86,Medium,Critical - Reorder Now
P1870,2026-05-20,S9,131,90,6,83,No,High,No,540,144.19,684.19,1314.19,1183.19,1.46,27.92,Low,Critical - Reorder Now
P1871,2026-05-21,S5,103,47,8,94,No,Medium,No,376,158.06,534.06,863.06,760.06,2.19,42.25,Medium,Critical - Reorder Now
P1872,2026-05-22,S14,194,87,10,96,No,Medium,Yes,870,175.0,1045.0,1654.0,1460.0,2.23,23.48,Low,Critical - Reorder Now
P1873,2026-05-23,S3,412,76,13,91,No,Medium,No,988,204.42,1192.42,1724.42,1312.42,5.42,27.44,Low,Critical - Reorder Now
P1874,2026-05-24,S5,488,76,13,66,No,Medium,Yes,988,228.87,1216.87,1748.87,1260.87,6.42,59.9,Medium,Critical - Reorder Now
P1875,2026-05-25,S5,156,46,4,92,Yes,High,No,184,112.85,296.85,618.85,462.85,3.39,21.21,Low,Critical - Reorder Now
P1876,2026-05-26,S19,97,94,2,90,No,Medium,No,188,80.56,268.56,926.56,829.56,1.03,11.35,Low,Critical - Reorder Now
P1877,2026-05-27,S14,225,116,2,71,No,Low,No,232,87.85,319.85,1131.85,906.85,1.94,42.86,Medium,Critical - Reorder Now
P1878,2026-05-28,S4,411,119,9,70,Yes,Low,No,1071,187.18,1258.18,2091.18,1680.18,3.45,21.15,Low,Critical - Reorder Now
P1879,2026-05-29,S13,204,30,1,83,No,Low,No,30,58.87,88.87,298.87,94.87,6.8,46.8,Medium,Low Stock
P1880,2026-05-30,S10,78,27,12,67,No,Medium,No,324,218.96,542.96,731.96,653.96,2.89,36.32,Low,Critical - Reorder Now
P1881,2026-05-31,S18,123,47,7,91,Yes,High,No,329,150.0,479.0,808.0,685.0,2.62,28.36,Low,Critical - Reorder Now
P1882,2026-06-01,S8,470,81,11,97,No,High,No,891,182.64,1073.64,1640.64,1170.64,5.8,18.09,Low,Critical - Reorder Now
P1883,2026-06-02,S8,427,32,14,81,No,High,No,448,222.29,670.29,894.29,467.29,13.34,7.36,Low,Critical - Reorder Now
P1884,2026-06-03,S7,217,13,3,93,No,Medium,No,39,97.26,136.26,227.26,10.26,16.69,8.07,Low,Low Stock
P1885,2026-06-04,S8,3,24,3,78,Yes,High,Yes,72,104.31,176.31,344.31,341.31,0.12,79.75,High,Critical - Reorder Now
P1886,2026-06-05,S14,89,60,2,79,No,Low,No,120,84.78,204.78,624.78,535.78,1.48,24.05,Low,Critical - Reorder Now
P1887,2026-06-06,S19,103,87,14,73,No,High,No,1218,230.41,1448.41,2057.41,1954.41,1.18,19.81,Low,Critical - Reorder Now
P1888,2026-06-07,S6,392,116,10,92,Yes,Medium,No,1160,178.43,1338.43,2150.43,1758.43,3.38,28.96,Low,Critical - Reorder Now
P1889,2026-06-08,S1,118,43,6,69,No,Medium,Yes,258,153.5,411.5,712.5,594.5,2.74,70.48,High,Critical - Reorder Now
P1890,2026-06-09,S15,132,55,13,75,No,High,Yes,715,220.07,935.07,1320.07,1188.07,2.4,71.14,High,Critical - Reorder Now
P1891,2026-06-10,S1,311,16,10,63,No,Medium,No,160,203.31,363.31,475.31,164.31,19.44,46.77,Medium,Critical - Reorder Now
P1892,2026-06-11,S17,95,83,2,86,No,High,No,166,82.1,248.1,829.1,734.1,1.14,5.14,Low,Critical - Reorder Now
P1893,2026-06-12,S1,467,99,10,87,Yes,High,No,990,182.72,1172.72,1865.72,1398.72,4.72,35.89,Low,Critical - Reorder Now
P1894,2026-06-13,S15,433,59,4,75,No,Low,No,236,122.07,358.07,771.07,338.07,7.34,45.81,Medium,Low Stock
P1895,2026-06-14,S2,330,82,10,92,No,Medium,No,820,178.43,998.43,1572.43,1242.43,4.02,15.47,Low,Critical - Reorder Now
P1896,2026-06-15,S14,142,15,9,78,No,Low,No,135,180.67,315.67,420.67,278.67,9.47,30.43,Low,Critical - Reorder Now
P1897,2026-06-16,S8,287,30,9,80,No,Medium,No,270,179.04,449.04,659.04,372.04,9.57,33.05,Low,Critical - Reorder Now
P1898,2026-06-17,S8,27,46,6,81,No,High,No,276,145.52,421.52,743.52,716.52,0.59,19.73,Low,Critical - Reorder Now
P1899,2026-06-18,S19,277,31,13,68,No,Medium,Yes,403,226.92,629.92,846.92,569.92,8.94,64.92,Medium,Critical - Reorder Now
P1900,2026-06-19,S7,232,15,4,68,No,High,Yes,60,125.87,185.87,290.87,58.87,15.47,11.48,Low,Low Stock
P1901,2026-06-20,S19,16,42,7,68,No,Medium,No,294,166.51,460.51,754.51,738.51,0.38,20.43,Low,Critical - Reorder Now
P1902,2026-06-21,S6,58,102,14,86,No,Low,No,1428,217.21,1645.21,2359.21,2301.21,0.57,25.43,Low,Critical - Reorder Now
P1903,2026-06-22,S6,89,47,1,76,Yes,Low,Yes,47,60.77,107.77,436.77,347.77,1.89,77.9,High,Critical - Reorder Now
P1904,2026-06-23,S3,491,23,12,67,Yes,High,No,276,218.96,494.96,655.96,164.96,21.35,14.77,Low,Critical - Reorder Now
P1905,2026-06-24,S7,198,68,4,75,No,Low,Yes,272,122.07,394.07,870.07,672.07,2.91,62.81,Medium,Critical - Reorder Now
P1906,2026-06-25,S19,361,10,5,77,Yes,High,No,50,135.27,185.27,255.27,0.0,36.1,12.09,Low,Overstock
P1907,2026-06-26,S8,440,50,8,92,No,High,Yes,400,159.59,559.59,909.59,469.59,8.8,61.22,Medium,Critical - Reorder Now
P1908,2026-06-27,S10,25,106,12,60,Yes,High,No,1272,225.53,1497.53,2239.53,2214.53,0.24,21.48,Low,Critical - Reorder Now
P1909,2026-06-28,S20,24,117,2,71,Yes,Medium,Yes,234,87.85,321.85,1140.85,1116.85,0.21,41.72,Medium,Critical - Reorder Now
P1910,2026-06-29,S15,393,46,12,65,No,High,No,552,220.84,772.84,1094.84,701.84,8.54,16.37,Low,Critical - Reorder Now
P1911,2026-06-30,S15,300,96,5,64,No,Low,No,480,143.16,623.16,1295.16,995.16,3.12,18.67,Low,Critical - Reorder Now
P1912,2026-07-01,S1,338,69,6,75,No,Medium,Yes,414,149.51,563.51,1046.51,708.51,4.9,19.24,Low,Critical - Reorder Now
P1913,2026-07-02,S20,266,103,5,77,No,Low,No,515,135.27,650.27,1371.27,1105.27,2.58,20.42,Low,Critical - Reorder Now
P1914,2026-07-03,S7,460,108,13,77,No,High,Yes,1404,218.12,1622.12,2378.12,1918.12,4.26,58.45,Medium,Critical - Reorder Now
P1915,2026-07-04,S4,180,76,9,60,Yes,High,No,684,195.32,879.32,1411.32,1231.32,2.37,8.37,Low,Critical - Reorder Now
P1916,2026-07-05,S6,455,63,10,78,Yes,Low,No,630,190.44,820.44,1261.44,806.44,7.22,17.31,Low,Critical - Reorder Now
P1917,2026-07-06,S1,359,56,1,67,No,Medium,No,56,63.21,119.21,511.21,152.21,6.41,9.15,Low,Low Stock
P1918,2026-07-07,S5,67,51,14,62,No,Low,No,714,241.57,955.57,1312.57,1245.57,1.31,29.05,Low,Critical - Reorder Now
P1919,2026-07-08,S1,494,11,3,84,No,High,No,33,101.49,134.49,211.49,0.0,44.91,25.51,Low,Overstock
P1920,2026-07-09,S4,350,15,14,64,No,Medium,Yes,210,239.54,449.54,554.54,204.54,23.33,64.73,Medium,Critical - Reorder Now
P1921,2026-07-10,S2,411,107,2,99,Yes,High,No,214,77.11,291.11,1040.11,629.11,3.84,10.18,Low,Low Stock
P1922,2026-07-11,S10,458,65,12,78,Yes,High,No,780,208.62,988.62,1443.62,985.62,7.05,8.72,Low,Critical - Reorder Now
P1923,2026-07-12,S5,490,72,13,77,No,Low,No,936,218.12,1154.12,1658.12,1168.12,6.81,21.07,Low,Critical - Reorder Now
P1924,2026-07-13,S10,320,29,3,90,No,High,Yes,87,98.67,185.67,388.67,68.67,11.03,61.99,Medium,Low Stock
P1925,2026-07-14,S1,48,16,10,92,Yes,Low,No,160,178.43,338.43,450.43,402.43,3.0,20.02,Low,Critical - Reorder Now
P1926,2026-07-15,S6,174,30,9,77,No,Medium,No,270,181.48,451.48,661.48,487.48,5.8,24.22,Low,Critical - Reorder Now
P1927,2026-07-16,S13,51,106,13,98,Yes,High,No,1378,197.58,1575.58,2317.58,2266.58,0.48,13.68,Low,Critical - Reorder Now
P1928,2026-07-17,S15,101,114,14,75,No,High,No,1596,228.38,1824.38,2622.38,2521.38,0.89,35.66,Low,Critical - Reorder Now
P1929,2026-07-18,S4,215,16,9,75,No,Medium,No,144,183.11,327.11,439.11,224.11,13.44,48.94,Medium,Critical - Reorder Now
P1930,2026-07-19,S13,437,47,10,97,No,Low,No,470,174.14,644.14,973.14,536.14,9.3,19.25,Low,Critical - Reorder Now
P1931,2026-07-20,S20,187,55,2,66,No,High,Yes,110,89.77,199.77,584.77,397.77,3.4,50.8,Medium,Critical - Reorder Now
P1932,2026-07-21,S15,56,41,14,73,No,Medium,No,574,230.41,804.41,1091.41,1035.41,1.37,17.4,Low,Critical - Reorder Now
P1933,2026-07-22,S8,46,50,3,84,No,High,Yes,150,101.49,251.49,601.49,555.49,0.92,62.58,Medium,Critical - Reorder Now
P1934,2026-07-23,S5,158,57,14,91,Yes,Low,No,798,212.14,1010.14,1409.14,1251.14,2.77,21.59,Low,Critical - Reorder Now
P1935,2026-07-24,S15,488,92,4,97,Yes,Low,No,368,110.14,478.14,1122.14,634.14,5.3,18.02,Low,Low Stock
P1936,2026-07-25,S4,173,84,9,81,Yes,Low,No,756,178.23,934.23,1522.23,1349.23,2.06,28.21,Low,Critical - Reorder Now
P1937,2026-07-26,S12,241,17,3,75,No,Low,No,51,105.72,156.72,275.72,34.72,14.18,17.62,Low,Low Stock
P1938,2026-07-27,S13,281,93,13,88,No,Medium,No,1209,207.36,1416.36,2067.36,1786.36,3.02,12.56,Low,Critical - Reorder Now
P1939,2026-07-28,S2,240,58,7,75,No,High,No,406,161.49,567.49,973.49,733.49,4.14,24.51,Low,Critical - Reorder Now
P1940,2026-07-29,S19,369,61,12,71,No,Medium,No,732,215.2,947.2,1374.2,1005.2,6.05,18.92,Low,Critical - Reorder Now
P1941,2026-07-30,S19,4,8,3,76,Yes,Low,No,24,105.25,129.25,185.25,181.25,0.5,33.57,Low,Critical - Reorder Now
P1942,2026-07-31,S4,83,79,7,96,No,Low,No,553,146.42,699.42,1252.42,1169.42,1.05,21.58,Low,Critical - Reorder Now
P1943,2026-08-01,S4,307,100,7,86,No,Low,No,700,153.59,853.59,1553.59,1246.59,3.07,47.85,Medium,Critical - Reorder Now
P1944,2026-08-02,S11,360,53,9,84,No,Low,No,477,175.79,652.79,1023.79,663.79,6.79,30.15,Low,Critical - Reorder Now
P1945,2026-08-03,S5,458,11,2,72,Yes,High,No,22,87.47,109.47,186.47,0.0,41.64,18.01,Low,Overstock
P1946,2026-08-04,S20,247,114,13,67,No,Low,No,1482,227.9,1709.9,2507.9,2260.9,2.17,25.24,Low,Critical - Reorder Now
P1947,2026-08-05,S11,53,15,6,64,No,High,No,90,156.82,246.82,351.82,298.82,3.53,10.8,Low,Critical - Reorder Now
P1948,2026-08-06,S10,160,96,9,71,No,Low,No,864,186.37,1050.37,1722.37,1562.37,1.67,25.18,Low,Critical - Reorder Now
P1949,2026-08-07,S8,433,58,12,62,No,High,No,696,223.65,919.65,1325.65,892.65,7.47,22.48,Low,Critical - Reorder Now
P1950,2026-08-08,S6,421,109,12,94,No,High,Yes,1308,193.58,1501.58,2264.58,1843.58,3.86,26.97,Low,Critical - Reorder Now
P1951,2026-08-09,S6,410,91,2,92,Yes,Low,No,182,79.8,261.8,898.8,488.8,4.51,19.01,Low,Low Stock
P1952,2026-08-10,S8,225,49,2,81,Yes,Medium,No,98,84.02,182.02,525.02,300.02,4.59,16.98,Low,Low Stock
P1953,2026-08-11,S15,14,27,13,68,Yes,Medium,No,351,226.92,577.92,766.92,752.92,0.52,29.4,Low,Critical - Reorder Now
P1954,2026-08-12,S14,223,118,14,77,Yes,Medium,No,1652,226.35,1878.35,2704.35,2481.35,1.89,21.87,Low,Critical - Reorder Now
P1955,2026-08-13,S11,60,32,5,88,No,Medium,No,160,128.6,288.6,512.6,452.6,1.88,22.54,Low,Critical - Reorder Now
P1956,2026-08-14,S12,121,111,10,98,No,Medium,No,1110,173.29,1283.29,2060.29,1939.29,1.09,23.61,Low,Critical - Reorder Now
P1957,2026-08-15,S13,276,115,10,86,No,Low,No,1150,183.58,1333.58,2138.58,1862.58,2.4,23.46,Low,Critical - Reorder Now
P1958,2026-08-16,S8,45,61,12,95,Yes,Low,No,732,192.64,924.64,1351.64,1306.64,0.74,11.24,Low,Critical - Reorder Now
P1959,2026-08-17,S18,452,30,10,76,No,Low,No,300,192.16,492.16,702.16,250.16,15.07,27.05,Low,Critical - Reorder Now
P1960,2026-08-18,S1,389,29,8,93,Yes,Low,Yes,232,158.83,390.83,593.83,204.83,13.41,45.26,Medium,Critical - Reorder Now
P1961,2026-08-19,S15,293,58,11,62,Yes,Low,Yes,638,214.13,852.13,1258.13,965.13,5.05,73.72,High,Critical - Reorder Now
P1962,2026-08-20,S8,61,33,9,64,No,Low,No,297,192.06,489.06,720.06,659.06,1.85,28.19,Low,Critical - Reorder Now
P1963,2026-08-21,S11,85,87,2,73,No,High,No,174,87.09,261.09,870.09,785.09,0.98,11.5,Low,Critical - Reorder Now
P1964,2026-08-22,S12,445,101,5,62,No,High,Yes,505,144.37,649.37,1356.37,911.37,4.41,57.4,Medium,Critical - Reorder Now
P1965,2026-08-23,S12,209,40,14,82,Yes,Low,No,560,221.27,781.27,1061.27,852.27,5.22,18.63,Low,Critical - Reorder Now
P1966,2026-08-24,S4,77,18,7,98,No,Low,No,126,144.98,270.98,396.98,319.98,4.28,8.02,Low,Critical - Reorder Now
P1967,2026-08-25,S16,201,82,6,89,Yes,High,Yes,492,140.21,632.21,1206.21,1005.21,2.45,69.88,Medium,Critical - Reorder Now
P1968,2026-08-26,S4,301,39,6,82,Yes,High,No,234,144.86,378.86,651.86,350.86,7.72,18.33,Low,Critical - Reorder Now
P1969,2026-08-27,S5,396,34,7,86,No,Low,No,238,153.59,391.59,629.59,233.59,11.65,33.23,Low,Low Stock
P1970,2026-08-28,S5,222,96,3,69,Yes,High,No,288,108.54,396.54,1068.54,846.54,2.31,15.61,Low,Critical - Reorder Now
P1971,2026-08-29,S8,221,21,13,84,Yes,Medium,Yes,273,211.27,484.27,631.27,410.27,10.52,68.47,Medium,Critical - Reorder Now
P1972,2026-08-30,S10,2,71,3,72,No,Medium,Yes,213,107.13,320.13,817.13,815.13,0.03,54.61,Medium,Critical - Reorder Now
P1973,2026-08-31,S17,477,84,10,75,No,Medium,No,840,193.02,1033.02,1621.02,1144.02,5.68,24.94,Low,Critical - Reorder Now
P1974,2026-09-01,S9,5,114,9,93,No,High,No,1026,168.46,1194.46,1992.46,1987.46,0.04,29.12,Low,Critical - Reorder Now
P1975,2026-09-02,S19,92,34,14,96,No,Low,No,476,207.06,683.06,921.06,829.06,2.71,12.61,Low,Critical - Reorder Now
P1976,2026-09-03,S14,7,97,8,81,Yes,Low,No,776,168.03,944.03,1623.03,1616.03,0.07,24.21,Low,Critical - Reorder Now
P1977,2026-09-04,S8,427,49,5,76,Yes,Low,Yes,245,135.88,380.88,723.88,296.88,8.71,70.35,High,High Risk
P1978,2026-09-05,S9,492,83,6,82,Yes,High,No,498,144.86,642.86,1223.86,731.86,5.93,16.15,Low,Critical - Reorder Now
P1979,2026-09-06,S11,234,114,11,95,No,High,No,1254,184.44,1438.44,2236.44,2002.44,2.05,22.07,Low,Critical - Reorder Now
P1980,2026-09-07,S1,107,93,12,68,No,Medium,No,1116,218.02,1334.02,1985.02,1878.02,1.15,49.33,Medium,Critical - Reorder Now
P1981,2026-09-08,S14,160,55,10,61,No,High,No,550,205.03,755.03,1140.03,980.03,2.91,42.55,Medium,Critical - Reorder Now
P1982,2026-09-09,S5,208,106,1,91,No,Medium,No,106,56.7,162.7,904.7,696.7,1.96,8.19,Low,Low Stock
P1983,2026-09-10,S14,239,110,10,81,Yes,Medium,No,1100,187.87,1287.87,2057.87,1818.87,2.17,31.69,Low,Critical - Reorder Now
P1984,2026-09-11,S4,330,51,12,72,No,Low,No,612,214.26,826.26,1183.26,853.26,6.47,30.43,Low,Critical - Reorder Now
P1985,2026-09-12,S1,332,57,1,67,Yes,High,No,57,63.21,120.21,519.21,187.21,5.82,20.82,Low,Low Stock
P1986,2026-09-13,S19,49,68,4,60,No,Low,No,272,130.21,402.21,878.21,829.21,0.72,10.7,Low,Critical - Reorder Now
P1987,2026-09-14,S8,10,42,2,76,No,Low,No,84,85.94,169.94,463.94,453.94,0.24,27.54,Low,Critical - Reorder Now
P1988,2026-09-15,S15,350,68,11,71,No,High,Yes,748,206.04,954.04,1430.04,1080.04,5.15,67.43,Medium,Critical - Reorder Now
P1989,2026-09-16,S15,155,91,7,63,No,High,Yes,637,170.1,807.1,1444.1,1289.1,1.7,65.83,Medium,Critical - Reorder Now
P1990,2026-09-17,S9,491,93,2,72,No,Medium,No,186,87.47,273.47,924.47,433.47,5.28,16.48,Low,Low Stock
P1991,2026-09-18,S9,69,110,10,90,Yes,Medium,No,1100,180.15,1280.15,2050.15,1981.15,0.63,33.82,Low,Critical - Reorder Now
P1992,2026-09-19,S10,168,11,2,66,Yes,Medium,No,22,89.77,111.77,188.77,20.77,15.27,30.37,Low,Low Stock
P1993,2026-09-20,S20,271,26,5,82,No,Medium,No,130,132.24,262.24,444.24,173.24,10.42,18.95,Low,Low Stock
P1994,2026-09-21,S9,67,85,4,83,Yes,Low,No,340,117.73,457.73,1052.73,985.73,0.79,8.2,Low,Critical - Reorder Now
P1995,2026-09-22,S3,354,86,8,64,No,Low,Yes,688,181.08,869.08,1471.08,1117.08,4.12,18.4,Low,Critical - Reorder Now
P1996,2026-09-23,S20,251,117,4,64,No,High,No,468,128.04,596.04,1415.04,1164.04,2.15,32.86,Low,Critical - Reorder Now
P1997,2026-09-24,S11,47,45,14,76,No,Medium,No,630,227.36,857.36,1172.36,1125.36,1.04,23.54,Low,Critical - Reorder Now
P1998,2026-09-25,S6,183,78,12,89,No,Medium,No,936,198.28,1134.28,1680.28,1497.28,2.35,27.82,Low,Critical - Reorder Now
P1999,2026-09-26,S2,319,14,6,68,Yes,Medium,No,84,154.16,238.16,336.16,17.16,22.79,14.13,Low,Low Stock
P2000,2026-09-27,S7,186,61,5,65,No,Low,No,305,142.55,447.55,874.55,688.55,3.05,40.98,Medium,Critical - Reorder Now
P2001,2026-09-28,S18,89,11,11,84,No,High,No,121,194.34,315.34,392.34,303.34,8.09,21.74,Low,Critical - Reorder Now
P2002,2026-09-29,S2,445,116,14,78,No,Low,No,1624,225.33,1849.33,2661.33,2216.33,3.84,16.15,Low,Critical - Reorder Now
P2003,2026-09-30,S17,331,54,2,75,Yes,High,Yes,108,86.32,194.32,572.32,241.32,6.13,23.79,Low,Low Stock
P2004,2026-10-01,S11,138,106,11,80,No,High,No,1166,197.94,1363.94,2105.94,1967.94,1.3,10.08,Low,Critical - Reorder Now
P2005,2026-10-02,S12,356,95,13,61,Yes,Low,No,1235,233.76,1468.76,2133.76,1777.76,3.75,10.92,Low,Critical - Reorder Now
P2006,2026-10-03,S19,88,56,12,69,No,Low,No,672,217.08,889.08,1281.08,1193.08,1.57,31.41,Low,Critical - Reorder Now
P2007,2026-10-04,S7,273,37,14,75,Yes,High,No,518,228.38,746.38,1005.38,732.38,7.38,21.0,Low,Critical - Reorder Now
P2008,2026-10-05,S20,18,5,8,96,No,Low,No,40,156.53,196.53,231.53,213.53,3.6,49.43,Medium,Critical - Reorder Now
P2009,2026-10-06,S6,470,112,2,74,No,Low,No,224,86.7,310.7,1094.7,624.7,4.2,21.49,Low,Low Stock
P2010,2026-10-07,S1,310,57,9,72,Yes,High,No,513,185.55,698.55,1097.55,787.55,5.44,46.91,Medium,Critical - Reorder Now
P2011,2026-10-08,S17,357,64,9,72,Yes,High,No,576,185.55,761.55,1209.55,852.55,5.58,26.69,Low,Critical - Reorder Now
P2012,2026-10-09,S11,373,38,3,91,No,Medium,No,114,98.2,212.2,478.2,105.2,9.82,18.04,Low,Low Stock
P2013,2026-10-10,S18,465,8,4,67,Yes,Low,No,32,126.41,158.41,214.41,0.0,58.12,27.68,Low,Overstock
P2014,2026-10-11,S17,153,21,8,77,No,High,No,168,171.1,339.1,486.1,333.1,7.29,24.17,Low,Critical - Reorder Now
P2015,2026-10-12,S7,389,8,9,95,No,Low,No,72,166.83,238.83,294.83,0.0,48.62,13.46,Low,Overstock
P2016,2026-10-13,S17,259,47,3,85,No,Low,No,141,101.02,242.02,571.02,312.02,5.51,25.66,Low,Low Stock
P2017,2026-10-14,S20,107,94,5,69,No,High,Yes,470,140.12,610.12,1268.12,1161.12,1.14,62.93,Medium,Critical - Reorder Now
P2018,2026-10-15,S9,370,8,11,90,Yes,Medium,No,88,188.94,276.94,332.94,0.0,46.25,26.05,Low,Healthy
P2019,2026-10-16,S17,284,5,8,92,Yes,High,No,40,159.59,199.59,234.59,0.0,56.8,29.87,Low,Overstock
P2020,2026-10-17,S20,58,75,3,88,Yes,High,No,225,99.61,324.61,849.61,791.61,0.77,26.53,Low,Critical - Reorder Now
P2021,2026-10-18,S8,124,98,7,64,No,Low,No,686,169.38,855.38,1541.38,1417.38,1.27,23.92,Low,Critical - Reorder Now
P2022,2026-10-19,S17,353,54,11,72,No,Medium,No,594,205.14,799.14,1177.14,824.14,6.54,26.54,Low,Critical - Reorder Now
P2023,2026-10-20,S7,272,77,8,60,No,High,No,616,184.15,800.15,1339.15,1067.15,3.53,44.69,Medium,Critical - Reorder Now
P2024,2026-10-21,S1,106,65,10,82,Yes,Low,No,650,187.01,837.01,1292.01,1186.01,1.63,11.21,Low,Critical - Reorder Now
P2025,2026-10-22,S13,298,39,11,99,No,High,No,429,180.84,609.84,882.84,584.84,7.64,10.17,Low,Critical - Reorder Now
P2026,2026-10-23,S19,244,12,14,62,No,Low,No,168,241.57,409.57,493.57,249.57,20.33,23.5,Low,Critical - Reorder Now
P2027,2026-10-24,S19,335,28,3,62,No,High,Yes,84,111.83,195.83,391.83,56.83,11.96,60.28,Medium,Low Stock
P2028,2026-10-25,S17,449,87,2,66,No,Medium,No,174,89.77,263.77,872.77,423.77,5.16,10.75,Low,Low Stock
P2029,2026-10-26,S13,417,40,10,95,No,High,Yes,400,175.86,575.86,855.86,438.86,10.42,58.32,Medium,Critical - Reorder Now
P2030,2026-10-27,S16,246,54,13,94,Yes,Low,No,702,201.49,903.49,1281.49,1035.49,4.56,17.08,Low,Critical - Reorder Now
P2031,2026-10-28,S8,7,47,7,74,No,High,No,329,162.21,491.21,820.21,813.21,0.15,41.12,Medium,Critical - Reorder Now
P2032,2026-10-29,S19,140,31,12,99,No,Medium,No,372,188.88,560.88,777.88,637.88,4.52,5.05,Low,Critical - Reorder Now
P2033,2026-10-30,S18,361,36,9,62,No,Medium,Yes,324,193.69,517.69,769.69,408.69,10.03,48.01,Medium,Critical - Reorder Now
P2034,2026-10-31,S1,7,82,1,88,No,Medium,Yes,82,57.51,139.51,713.51,706.51,0.09,25.69,Low,Critical - Reorder Now
P2035,2026-11-01,S14,477,22,3,89,Yes,Medium,No,66,99.14,165.14,319.14,0.0,21.68,23.44,Low,Overstock
P2036,2026-11-02,S19,351,32,5,98,No,Low,No,160,122.53,282.53,506.53,155.53,10.97,9.08,Low,Low Stock
P2037,2026-11-03,S15,483,33,3,77,No,High,No,99,104.78,203.78,434.78,0.0,14.64,16.42,Low,Healthy
P2038,2026-11-04,S18,494,20,1,70,Yes,Medium,Yes,20,62.39,82.39,222.39,0.0,24.7,58.63,Medium,Overstock
P2039,2026-11-05,S2,93,103,7,97,No,High,Yes,721,145.7,866.7,1587.7,1494.7,0.9,78.09,High,Critical - Reorder Now
P2040,2026-11-06,S17,320,51,7,99,No,Low,No,357,144.26,501.26,858.26,538.26,6.27,15.06,Low,Critical - Reorder Now
P2041,2026-11-07,S18,426,63,10,60,No,High,Yes,630,205.88,835.88,1276.88,850.88,6.76,25.78,Low,Critical - Reorder Now
P2042,2026-11-08,S6,38,35,12,88,No,High,No,420,199.22,619.22,864.22,826.22,1.09,42.42,Medium,Critical - Reorder Now
P2043,2026-11-09,S19,80,8,8,69,No,Medium,No,64,177.24,241.24,297.24,217.24,10.0,31.37,Low,Critical - Reorder Now
P2044,2026-11-10,S4,186,41,5,87,Yes,Medium,Yes,205,129.2,334.2,621.2,435.2,4.54,66.91,Medium,Critical - Reorder Now
P2045,2026-11-11,S1,83,21,10,90,No,Low,Yes,210,180.15,390.15,537.15,454.15,3.95,74.12,High,Critical - Reorder Now
P2046,2026-11-12,S8,87,43,12,78,No,High,Yes,516,208.62,724.62,1025.62,938.62,2.02,71.97,High,Critical - Reorder Now
P2047,2026-11-13,S7,241,52,5,62,No,Low,No,260,144.37,404.37,768.37,527.37,4.63,32.19,Low,Critical - Reorder Now
P2048,2026-11-14,S3,341,50,5,95,No,Low,No,250,124.35,374.35,724.35,383.35,6.82,25.82,Low,Critical - Reorder Now
P2049,2026-11-15,S10,92,94,1,74,No,Low,No,94,61.31,155.31,813.31,721.31,0.98,57.2,Medium,Critical - Reorder Now
P2050,2026-11-16,S10,85,52,10,92,Yes,Medium,No,520,178.43,698.43,1062.43,977.43,1.63,36.01,Low,Critical - Reorder Now
P2051,2026-11-17,S19,43,43,5,85,Yes,Medium,No,215,130.42,345.42,646.42,603.42,1.0,19.22,Low,Critical - Reorder Now
P2052,2026-11-18,S14,136,109,6,75,No,High,Yes,654,149.51,803.51,1566.51,1430.51,1.25,59.7,Medium,Critical - Reorder Now
P2053,2026-11-19,S2,420,8,13,95,No,High,No,104,200.51,304.51,360.51,0.0,52.5,6.05,Low,Healthy
P2054,2026-11-20,S1,73,34,12,92,No,High,No,408,195.46,603.46,841.46,768.46,2.15,40.54,Medium,Critical - Reorder Now
P2055,2026-11-21,S18,35,34,1,79,No,Medium,No,34,59.95,93.95,331.95,296.95,1.03,28.73,Low,Critical - Reorder Now
P2056,2026-11-22,S7,100,26,11,72,No,Medium,No,286,205.14,491.14,673.14,573.14,3.85,15.99,Low,Critical - Reorder Now
P2057,2026-11-23,S8,475,79,7,92,No,Low,No,553,149.29,702.29,1255.29,780.29,6.01,24.83,Low,Critical - Reorder Now
P2058,2026-11-24,S1,155,70,1,64,No,Medium,Yes,70,64.02,134.02,624.02,469.02,2.21,25.17,Low,Low Stock
P2059,2026-11-25,S3,425,112,11,96,No,Low,No,1232,183.54,1415.54,2199.54,1774.54,3.79,13.81,Low,Critical - Reorder Now
P2060,2026-11-26,S8,254,16,2,73,No,Low,No,32,87.09,119.09,231.09,0.0,15.88,13.66,Low,Healthy
P2061,2026-11-27,S15,170,98,2,86,No,Medium,No,196,82.1,278.1,964.1,794.1,1.73,16.17,Low,Critical - Reorder Now
P2062,2026-11-28,S5,468,40,5,82,Yes,Low,No,200,132.24,332.24,612.24,144.24,11.7,51.76,Medium,Low Stock
P2063,2026-11-29,S3,215,22,14,73,No,Low,No,308,230.41,538.41,692.41,477.41,9.77,9.3,Low,Critical - Reorder Now
P2064,2026-11-30,S19,169,94,10,99,Yes,High,No,940,172.43,1112.43,1770.43,1601.43,1.8,5.89,Low,Critical - Reorder Now
P2065,2026-12-01,S1,251,57,13,63,Yes,Low,No,741,231.81,972.81,1371.81,1120.81,4.4,27.56,Low,Critical - Reorder Now
P2066,2026-12-02,S15,359,75,7,98,Yes,Medium,No,525,144.98,669.98,1194.98,835.98,4.79,35.93,Low,Critical - Reorder Now
P2067,2026-12-03,S8,321,5,1,78,Yes,Medium,No,5,60.22,65.22,100.22,0.0,64.2,21.6,Low,Overstock
P2068,2026-12-04,S2,54,62,10,63,No,Low,No,620,203.31,823.31,1257.31,1203.31,0.87,13.36,Low,Critical - Reorder Now
P2069,2026-12-05,S3,455,94,1,89,Yes,High,No,94,57.24,151.24,809.24,354.24,4.84,32.49,Low,Low Stock
P2070,2026-12-06,S14,431,91,1,78,Yes,Medium,No,91,60.22,151.22,788.22,357.22,4.74,20.11,Low,Low Stock
P2071,2026-12-07,S14,90,94,6,90,No,Medium,No,564,139.54,703.54,1361.54,1271.54,0.96,14.28,Low,Critical - Reorder Now
P2072,2026-12-08,S11,277,113,2,90,No,High,No,226,80.56,306.56,1097.56,820.56,2.45,39.35,Low,Critical - Reorder Now
P2073,2026-12-09,S16,100,10,1,68,Yes,Low,No,10,62.94,72.94,142.94,42.94,10.0,38.85,Low,Low Stock
P2074,2026-12-10,S4,154,74,6,72,No,Medium,No,444,151.5,595.5,1113.5,959.5,2.08,30.8,Low,Critical - Reorder Now
P2075,2026-12-11,S20,376,48,14,73,No,Low,No,672,230.41,902.41,1238.41,862.41,7.83,16.29,Low,Critical - Reorder Now
P2076,2026-12-12,S5,348,76,2,69,No,Low,Yes,152,88.62,240.62,772.62,424.62,4.58,62.76,Medium,Low Stock
P2077,2026-12-13,S14,450,28,6,90,No,Low,No,168,139.54,307.54,503.54,53.54,16.07,39.69,Low,Low Stock
P2078,2026-12-14,S16,363,90,10,96,Yes,Low,No,900,175.0,1075.0,1705.0,1342.0,4.03,22.96,Low,Critical - Reorder Now
P2079,2026-12-15,S18,140,23,8,82,No,Medium,No,184,167.27,351.27,512.27,372.27,6.09,16.17,Low,Critical - Reorder Now
P2080,2026-12-16,S7,172,105,2,86,No,High,No,210,82.1,292.1,1027.1,855.1,1.64,14.2,Low,Critical - Reorder Now
P2081,2026-12-17,S10,9,22,11,65,Yes,Medium,Yes,242,211.43,453.43,607.43,598.43,0.41,65.64,Medium,Critical - Reorder Now
P2082,2026-12-18,S7,227,99,9,85,No,High,No,891,174.97,1065.97,1758.97,1531.97,2.29,32.06,Low,Critical - Reorder Now
P2083,2026-12-19,S1,264,105,8,61,No,Low,Yes,840,183.38,1023.38,1758.38,1494.38,2.51,65.18,Medium,Critical - Reorder Now
P2084,2026-12-20,S19,437,34,12,72,No,High,No,408,214.26,622.26,860.26,423.26,12.85,12.17,Low,Critical - Reorder Now
P2085,2026-12-21,S16,247,46,10,78,No,Low,No,460,190.44,650.44,972.44,725.44,5.37,23.09,Low,Critical - Reorder Now
P2086,2026-12-22,S19,246,37,1,60,No,Medium,No,37,65.11,102.11,361.11,115.11,6.65,14.09,Low,Low Stock
P2087,2026-12-23,S4,154,78,7,99,No,Medium,No,546,144.26,690.26,1236.26,1082.26,1.97,25.33,Low,Critical - Reorder Now
P2088,2026-12-24,S18,33,105,14,91,No,High,No,1470,212.14,1682.14,2417.14,2384.14,0.31,36.37,Low,Critical - Reorder Now
P2089,2026-12-25,S2,498,16,13,81,No,Low,No,208,214.2,422.2,534.2,36.2,31.12,10.57,Low,Low Stock
P2090,2026-12-26,S1,128,98,10,88,No,Low,Yes,980,181.86,1161.86,1847.86,1719.86,1.31,66.76,Medium,Critical - Reorder Now
P2091,2026-12-27,S15,159,31,6,61,No,High,No,186,158.81,344.81,561.81,402.81,5.13,31.88,Low,Critical - Reorder Now
P2092,2026-12-28,S5,88,43,14,99,No,Low,No,602,204.02,806.02,1107.02,1019.02,2.05,5.82,Low,Critical - Reorder Now
P2093,2026-12-29,S20,92,13,6,97,No,Low,Yes,78,134.89,212.89,303.89,211.89,7.08,28.25,Low,Critical - Reorder Now
P2094,2026-12-30,S11,326,25,6,70,No,Low,No,150,152.83,302.83,477.83,151.83,13.04,12.25,Low,Low Stock
P2095,2026-12-31,S10,240,80,6,76,No,Medium,No,480,148.84,628.84,1188.84,948.84,3.0,19.55,Low,Critical - Reorder Now
P2096,2027-01-01,S2,322,33,10,67,No,Medium,Yes,330,199.88,529.88,760.88,438.88,9.76,74.99,High,Critical - Reorder Now
P2097,2027-01-02,S3,467,37,7,81,Yes,Medium,No,259,157.18,416.18,675.18,208.18,12.62,18.87,Low,Low Stock
P2098,2027-01-03,S12,403,111,12,63,No,Low,Yes,1332,222.71,1554.71,2331.71,1928.71,3.63,6.22,Low,Critical - Reorder Now
P2099,2027-01-04,S20,116,66,3,70,Yes,Medium,No,198,108.07,306.07,768.07,652.07,1.76,22.96,Low,Critical - Reorder Now
P2100,2027-01-05,S5,93,19,14,67,Yes,Low,No,266,236.5,502.5,635.5,542.5,4.89,28.94,Low,Critical - Reorder Now
P2101,2027-01-06,S5,162,6,6,68,Yes,Low,No,36,154.16,190.16,232.16,70.16,27.0,29.88,Low,Critical - Reorder Now
P2102,2027-01-07,S6,98,56,3,85,No,High,No,168,101.02,269.02,661.02,563.02,1.75,20.21,Low,Critical - Reorder Now
P2103,2027-01-08,S9,112,107,7,61,No,Low,Yes,749,171.54,920.54,1669.54,1557.54,1.05,50.98,Medium,Critical - Reorder Now
P2104,2027-01-09,S2,358,48,7,75,No,Medium,No,336,161.49,497.49,833.49,475.49,7.46,38.96,Low,Critical - Reorder Now
P2105,2027-01-10,S12,90,58,8,90,No,Medium,No,464,161.13,625.13,1031.13,941.13,1.55,44.86,Medium,Critical - Reorder Now
P2106,2027-01-11,S3,345,22,2,65,No,Low,Yes,44,90.16,134.16,288.16,0.0,15.68,66.46,Medium,Healthy
P2107,2027-01-12,S20,205,7,9,80,No,Medium,No,63,179.04,242.04,291.04,86.04,29.29,26.06,Low,Critical - Reorder Now
P2108,2027-01-13,S12,16,11,13,85,No,Low,Yes,143,210.29,353.29,430.29,414.29,1.45,58.47,Medium,Critical - Reorder Now
P2109,2027-01-14,S17,273,47,5,78,No,High,No,235,134.66,369.66,698.66,425.66,5.81,39.62,Low,Critical - Reorder Now
P2110,2027-01-15,S10,172,86,9,87,No,Low,No,774,173.34,947.34,1549.34,1377.34,2.0,18.62,Low,Critical - Reorder Now
P2111,2027-01-16,S14,115,112,10,67,No,Low,Yes,1120,199.88,1319.88,2103.88,1988.88,1.03,67.77,Medium,Critical - Reorder Now
P2112,2027-01-17,S17,348,42,5,73,No,High,No,210,137.7,347.7,641.7,293.7,8.29,32.15,Low,Low Stock
P2113,2027-01-18,S18,467,41,7,83,No,Medium,No,287,155.75,442.75,729.75,262.75,11.39,22.03,Low,Low Stock
P2114,2027-01-19,S19,180,62,11,96,No,High,No,682,183.54,865.54,1299.54,1119.54,2.9,9.03,Low,Critical - Reorder Now
P2115,2027-01-20,S17,90,37,9,85,Yes,High,No,333,174.97,507.97,766.97,676.97,2.43,20.91,Low,Critical - Reorder Now
P2116,2027-01-21,S14,81,112,4,90,Yes,Low,Yes,448,113.94,561.94,1345.94,1264.94,0.72,70.53,High,Critical - Reorder Now
P2117,2027-01-22,S9,323,63,2,91,No,Low,No,126,80.18,206.18,647.18,324.18,5.13,25.81,Low,Low Stock
P2118,2027-01-23,S8,448,99,9,61,Yes,High,No,891,194.5,1085.5,1778.5,1330.5,4.53,19.2,Low,Critical - Reorder Now
P2119,2027-01-24,S2,113,15,13,84,No,Medium,Yes,195,211.27,406.27,511.27,398.27,7.53,64.3,Medium,Critical - Reorder Now
P2120,2027-01-25,S13,256,72,2,61,Yes,High,No,144,91.69,235.69,739.69,483.69,3.56,14.33,Low,Low Stock
P2121,2027-01-26,S7,57,86,3,60,No,Medium,No,258,112.77,370.77,972.77,915.77,0.66,14.96,Low,Critical - Reorder Now
P2122,2027-01-27,S9,153,72,10,95,Yes,High,Yes,720,175.86,895.86,1399.86,1246.86,2.12,34.91,Low,Critical - Reorder Now
P2123,2027-01-28,S11,364,117,2,71,No,High,No,234,87.85,321.85,1140.85,776.85,3.11,29.16,Low,Low Stock
P2124,2027-01-29,S14,403,102,3,68,No,Medium,No,306,109.01,415.01,1129.01,726.01,3.95,13.71,Low,Critical - Reorder Now
P2125,2027-01-30,S4,115,97,6,95,Yes,High,Yes,582,136.22,718.22,1397.22,1282.22,1.19,43.91,Medium,Critical - Reorder Now
P2126,2027-01-31,S13,342,92,3,87,No,Low,No,276,100.08,376.08,1020.08,678.08,3.72,15.13,Low,Critical - Reorder Now
P2127,2027-02-01,S2,265,26,10,97,Yes,High,No,260,174.14,434.14,616.14,351.14,10.19,21.18,Low,Critical - Reorder Now
P2128,2027-02-02,S5,314,70,8,92,No,Low,Yes,560,159.59,719.59,1209.59,895.59,4.49,35.91,Low,Critical - Reorder Now
P2129,2027-02-03,S11,202,48,11,81,No,Medium,No,528,197.04,725.04,1061.04,859.04,4.21,22.74,Low,Critical - Reorder Now
P2130,2027-02-04,S6,40,10,6,84,Yes,Medium,No,60,143.53,203.53,273.53,233.53,4.0,12.55,Low,Critical - Reorder Now
P2131,2027-02-05,S18,104,46,7,77,No,Low,No,322,160.05,482.05,804.05,700.05,2.26,18.11,Low,Critical - Reorder Now
P2132,2027-02-06,S10,388,29,1,65,No,High,No,29,63.75,92.75,295.75,0.0,13.38,11.44,Low,Overstock
P2133,2027-02-07,S4,377,61,3,77,No,Low,No,183,104.78,287.78,714.78,337.78,6.18,19.36,Low,Low Stock
P2134,2027-02-08,S9,192,89,3,75,No,Low,Yes,267,105.72,372.72,995.72,803.72,2.16,64.85,Medium,Critical - Reorder Now
P2135,2027-02-09,S6,400,59,2,74,Yes,Medium,No,118,86.7,204.7,617.7,217.7,6.78,14.54,Low,Low Stock
P2136,2027-02-10,S2,277,20,7,67,No,Low,Yes,140,167.23,307.23,447.23,170.23,13.85,58.72,Medium,Critical - Reorder Now
P2137,2027-02-11,S17,353,99,9,72,Yes,High,No,891,185.55,1076.55,1769.55,1416.55,3.57,17.94,Low,Critical - Reorder Now
P2138,2027-02-12,S5,236,18,4,66,Yes,Low,Yes,72,126.96,198.96,324.96,88.96,13.11,28.53,Low,Low Stock
P2139,2027-02-13,S6,424,43,12,76,Yes,Medium,No,516,210.5,726.5,1027.5,603.5,9.86,24.32,Low,Critical - Reorder Now
P2140,2027-02-14,S12,220,32,5,91,Yes,High,No,160,126.78,286.78,510.78,290.78,6.88,18.27,Low,Critical - Reorder Now
P2141,2027-02-15,S10,67,100,3,81,No,Medium,No,300,102.9,402.9,1102.9,1035.9,0.67,16.3,Low,Critical - Reorder Now
P2142,2027-02-16,S6,196,96,11,72,No,Low,No,1056,205.14,1261.14,1933.14,1737.14,2.04,28.11,Low,Critical - Reorder Now
P2143,2027-02-17,S8,255,55,9,82,No,Low,Yes,495,177.41,672.41,1057.41,802.41,4.64,56.22,Medium,Critical - Reorder Now
P2144,2027-02-18,S2,138,53,14,88,Yes,Medium,No,742,215.18,957.18,1328.18,1190.18,2.6,42.46,Medium,Critical - Reorder Now
P2145,2027-02-19,S12,311,13,4,81,No,Medium,No,52,118.82,170.82,261.82,0.0,23.92,18.01,Low,Healthy
P2146,2027-02-20,S13,434,62,5,60,No,High,No,310,145.58,455.58,889.58,455.58,7.0,30.3,Low,Critical - Reorder Now
P2147,2027-02-21,S7,148,49,1,88,Yes,Medium,No,49,57.51,106.51,449.51,301.51,3.02,38.27,Low,Low Stock
P2148,2027-02-22,S10,98,26,11,64,No,Medium,No,286,212.33,498.33,680.33,582.33,3.77,22.2,Low,Critical - Reorder Now
P2149,2027-02-23,S13,75,36,12,94,No,Low,Yes,432,193.58,625.58,877.58,802.58,2.08,26.74,Low,Critical - Reorder Now
P2150,2027-02-24,S17,281,73,13,69,No,Low,No,949,225.94,1174.94,1685.94,1404.94,3.85,25.12,Low,Critical - Reorder Now
P2151,2027-02-25,S14,370,91,2,78,No,Medium,No,182,85.17,267.17,904.17,534.17,4.07,8.38,Low,Low Stock
P2152,2027-02-26,S2,402,73,12,96,No,Medium,No,876,191.7,1067.7,1578.7,1176.7,5.51,21.72,Low,Critical - Reorder Now
P2153,2027-02-27,S11,108,46,13,66,No,Low,No,598,228.87,826.87,1148.87,1040.87,2.35,29.86,Low,Critical - Reorder Now
P2154,2027-02-28,S1,187,57,9,94,Yes,High,No,513,167.65,680.65,1079.65,892.65,3.28,10.35,Low,Critical - Reorder Now
P2155,2027-03-01,S19,198,100,2,72,No,High,No,200,87.47,287.47,987.47,789.47,1.98,15.03,Low,Critical - Reorder Now
P2156,2027-03-02,S4,302,63,5,69,Yes,High,Yes,315,140.12,455.12,896.12,594.12,4.79,67.46,Medium,Critical - Reorder Now
P2157,2027-03-03,S19,326,78,13,61,No,High,Yes,1014,233.76,1247.76,1793.76,1467.76,4.18,66.95,Medium,Critical - Reorder Now
P2158,2027-03-04,S11,153,43,8,65,No,Low,No,344,180.31,524.31,825.31,672.31,3.56,59.39,Medium,Critical - Reorder Now
P2159,2027-03-05,S8,39,19,3,67,No,Medium,Yes,57,109.48,166.48,299.48,260.48,2.05,64.26,Medium,Critical - Reorder Now
P2160,2027-03-06,S11,132,75,6,95,No,High,No,450,136.22,586.22,1111.22,979.22,1.76,26.6,Low,Critical - Reorder Now
P2161,2027-03-07,S4,404,33,4,84,No,Low,Yes,132,117.19,249.19,480.19,76.19,12.24,69.09,Medium,Low Stock
P2162,2027-03-08,S17,461,115,11,99,No,Medium,Yes,1265,180.84,1445.84,2250.84,1789.84,4.01,34.2,Low,Critical - Reorder Now
P2163,2027-03-09,S7,131,7,7,66,No,High,No,49,167.95,216.95,265.95,134.95,18.71,27.93,Low,Critical - Reorder Now
P2164,2027-03-10,S8,278,87,10,82,No,Medium,No,870,187.01,1057.01,1666.01,1388.01,3.2,31.28,Low,Critical - Reorder Now
P2165,2027-03-11,S3,361,14,14,78,No,High,No,196,225.33,421.33,519.33,158.33,25.79,8.91,Low,Critical - Reorder Now
P2166,2027-03-12,S2,83,96,13,81,Yes,Medium,No,1248,214.2,1462.2,2134.2,2051.2,0.86,24.02,Low,Critical - Reorder Now
P2167,2027-03-13,S15,398,33,3,72,No,High,No,99,107.13,206.13,437.13,39.13,12.06,7.23,Low,Low Stock
P2168,2027-03-14,S5,241,83,6,80,No,High,No,498,146.19,644.19,1225.19,984.19,2.9,28.74,Low,Critical - Reorder Now
P2169,2027-03-15,S1,115,39,12,60,Yes,Medium,No,468,225.53,693.53,966.53,851.53,2.95,33.79,Low,Critical - Reorder Now
P2170,2027-03-16,S4,108,10,10,78,No,Medium,No,100,190.44,290.44,360.44,252.44,10.8,28.89,Low,Critical - Reorder Now
P2171,2027-03-17,S15,220,16,9,92,No,Medium,No,144,169.28,313.28,425.28,205.28,13.75,42.59,Medium,Critical - Reorder Now
P2172,2027-03-18,S20,391,115,11,63,No,Low,No,1265,213.23,1478.23,2283.23,1892.23,3.4,13.33,Low,Critical - Reorder Now
P2173,2027-03-19,S19,40,42,10,62,No,Low,Yes,420,204.17,624.17,918.17,878.17,0.95,61.43,Medium,Critical - Reorder Now
P2174,2027-03-20,S3,367,81,1,86,No,Medium,Yes,81,58.05,139.05,706.05,339.05,4.53,14.06,Low,Low Stock
P2175,2027-03-21,S20,146,97,3,94,No,Low,No,291,96.79,387.79,1066.79,920.79,1.51,29.92,Low,Critical - Reorder Now
P2176,2027-03-22,S11,111,23,2,87,No,High,No,46,81.72,127.72,288.72,177.72,4.83,23.46,Low,Critical - Reorder Now
P2177,2027-03-23,S17,102,71,8,65,Yes,Medium,No,568,180.31,748.31,1245.31,1143.31,1.44,26.72,Low,Critical - Reorder Now
P2178,2027-03-24,S13,45,12,7,65,Yes,Low,No,84,168.67,252.67,336.67,291.67,3.75,19.0,Low,Critical - Reorder Now
P2179,2027-03-25,S11,411,12,2,82,No,Medium,No,24,83.63,107.63,191.63,0.0,34.25,17.27,Low,Overstock
P2180,2027-03-26,S2,493,88,6,92,No,High,No,528,138.21,666.21,1282.21,789.21,5.6,35.77,Low,Critical - Reorder Now
P2181,2027-03-27,S9,474,51,3,75,Yes,High,No,153,105.72,258.72,615.72,141.72,9.29,15.37,Low,Low Stock
P2182,2027-03-28,S2,323,8,8,83,No,Low,No,64,166.5,230.5,286.5,0.0,40.38,12.85,Low,Healthy
P2183,2027-03-29,S9,377,55,10,64,Yes,High,No,550,202.45,752.45,1137.45,760.45,6.85,22.26,Low,Critical - Reorder Now
P2184,2027-03-30,S9,270,89,13,72,No,Medium,Yes,1157,223.01,1380.01,2003.01,1733.01,3.03,62.9,Medium,Critical - Reorder Now
P2185,2027-03-31,S8,482,71,3,71,Yes,Low,No,213,107.6,320.6,817.6,335.6,6.79,17.83,Low,Low Stock
P2186,2027-04-01,S17,420,49,10,64,Yes,Medium,No,490,202.45,692.45,1035.45,615.45,8.57,13.85,Low,Critical - Reorder Now
P2187,2027-04-02,S1,384,12,14,96,Yes,Medium,No,168,207.06,375.06,459.06,75.06,32.0,13.91,Low,Low Stock
P2188,2027-04-03,S11,194,91,9,90,No,Medium,No,819,170.9,989.9,1626.9,1432.9,2.13,13.5,Low,Critical - Reorder Now
P2189,2027-04-04,S8,366,20,1,87,No,High,No,20,57.78,77.78,217.78,0.0,18.3,11.12,Low,Overstock
P2190,2027-04-05,S10,279,81,5,87,Yes,Medium,Yes,405,129.2,534.2,1101.2,822.2,3.44,45.59,Medium,Critical - Reorder Now
P2191,2027-04-06,S7,282,71,3,89,No,High,No,213,99.14,312.14,809.14,527.14,3.97,30.74,Low,Critical - Reorder Now
P2192,2027-04-07,S3,39,116,6,77,Yes,Medium,No,696,148.18,844.18,1656.18,1617.18,0.34,18.51,Low,Critical - Reorder Now
P2193,2027-04-08,S3,446,13,10,86,No,High,Yes,130,183.58,313.58,404.58,0.0,34.31,34.69,Low,Healthy
P2194,2027-04-09,S18,188,64,2,94,No,High,No,128,79.03,207.03,655.03,467.03,2.94,8.32,Low,Critical - Reorder Now
P2195,2027-04-10,S5,163,82,9,85,No,High,No,738,174.97,912.97,1486.97,1323.97,1.99,22.59,Low,Critical - Reorder Now
P2196,2027-04-11,S12,481,81,6,98,No,Medium,No,486,134.23,620.23,1187.23,706.23,5.94,29.04,Low,Critical - Reorder Now
P2197,2027-04-12,S12,476,75,7,77,Yes,Medium,No,525,160.05,685.05,1210.05,734.05,6.35,11.83,Low,Critical - Reorder Now
P2198,2027-04-13,S19,23,19,5,92,No,High,Yes,95,126.17,221.17,354.17,331.17,1.21,36.02,Low,Critical - Reorder Now
P2199,2027-04-14,S6,23,75,9,84,No,Medium,No,675,175.79,850.79,1375.79,1352.79,0.31,25.86,Low,Critical - Reorder Now
P2200,2027-04-15,S2,489,106,1,90,No,High,No,106,56.97,162.97,904.97,415.97,4.61,26.75,Low,Low Stock
P2201,2027-04-16,S12,3,102,5,96,Yes,Medium,No,510,123.74,633.74,1347.74,1344.74,0.03,31.69,Low,Critical - Reorder Now
P2202,2027-04-17,S19,322,45,11,61,No,High,No,495,215.03,710.03,1025.03,703.03,7.16,35.13,Low,Critical - Reorder Now
P2203,2027-04-18,S5,289,26,10,92,No,High,No,260,178.43,438.43,620.43,331.43,11.12,25.0,Low,Critical - Reorder Now
P2204,2027-04-19,S12,440,28,11,98,No,Low,No,308,181.74,489.74,685.74,245.74,15.71,7.18,Low,Critical - Reorder Now
P2205,2027-04-20,S17,432,117,6,91,Yes,Medium,No,702,138.88,840.88,1659.88,1227.88,3.69,29.39,Low,Critical - Reorder Now
P2206,2027-04-21,S17,470,105,7,77,No,Medium,No,735,160.05,895.05,1630.05,1160.05,4.48,44.47,Medium,Critical - Reorder Now
P2207,2027-04-22,S10,180,48,12,76,Yes,Low,No,576,210.5,786.5,1122.5,942.5,3.75,18.42,Low,Critical - Reorder Now
P2208,2027-04-23,S17,247,5,4,93,No,High,No,20,112.31,132.31,167.31,0.0,49.4,16.33,Low,Overstock
P2209,2027-04-24,S15,115,14,12,98,Yes,High,No,168,189.82,357.82,455.82,340.82,8.21,9.65,Low,Critical - Reorder Now
P2210,2027-04-25,S12,278,111,13,66,No,Low,No,1443,228.87,1671.87,2448.87,2170.87,2.5,15.09,Low,Critical - Reorder Now
P2211,2027-04-26,S16,364,84,1,94,No,Low,No,84,55.88,139.88,727.88,363.88,4.33,12.01,Low,Low Stock
P2212,2027-04-27,S19,68,114,11,89,Yes,High,Yes,1254,189.84,1443.84,2241.84,2173.84,0.6,44.78,Medium,Critical - Reorder Now
P2213,2027-04-28,S8,350,76,8,71,Yes,Medium,No,608,175.71,783.71,1315.71,965.71,4.61,19.71,Low,Critical - Reorder Now
P2214,2027-04-29,S17,253,60,10,94,Yes,Low,No,600,176.72,776.72,1196.72,943.72,4.22,15.22,Low,Critical - Reorder Now
P2215,2027-04-30,S5,180,117,4,70,No,Low,No,468,124.79,592.79,1411.79,1231.79,1.54,20.83,Low,Critical - Reorder Now
P2216,2027-05-01,S16,317,93,3,63,No,Low,No,279,111.36,390.36,1041.36,724.36,3.41,20.13,Low,Critical - Reorder Now
P2217,2027-05-02,S6,168,54,12,84,No,Low,No,648,202.98,850.98,1228.98,1060.98,3.11,22.52,Low,Critical - Reorder Now
P2218,2027-05-03,S8,312,16,7,91,Yes,Low,No,112,150.0,262.0,374.0,62.0,19.5,32.25,Low,Low Stock
P2219,2027-05-04,S18,248,93,12,79,No,Low,Yes,1116,207.68,1323.68,1974.68,1726.68,2.67,60.33,Medium,Critical - Reorder Now
P2220,2027-05-05,S12,187,85,2,90,No,High,No,170,80.56,250.56,845.56,658.56,2.2,13.66,Low,Critical - Reorder Now
P2221,2027-05-06,S15,53,64,8,63,No,High,No,512,181.85,693.85,1141.85,1088.85,0.83,10.42,Low,Critical - Reorder Now
P2222,2027-05-07,S9,325,30,14,97,No,Low,No,420,206.05,626.05,836.05,511.05,10.83,11.15,Low,Critical - Reorder Now
P2223,2027-05-08,S13,356,114,6,60,No,High,No,684,159.48,843.48,1641.48,1285.48,3.12,28.14,Low,Critical - Reorder Now
P2224,2027-05-09,S15,312,116,7,62,No,Medium,No,812,170.82,982.82,1794.82,1482.82,2.69,30.47,Low,Critical - Reorder Now
P2225,2027-05-10,S10,137,82,14,96,No,Medium,No,1148,207.06,1355.06,1929.06,1792.06,1.67,26.88,Low,Critical - Reorder Now
P2226,2027-05-11,S16,167,45,5,81,Yes,Low,Yes,225,132.84,357.84,672.84,505.84,3.71,66.42,Medium,Critical - Reorder Now
P2227,2027-05-12,S7,390,40,9,76,Yes,Medium,No,360,182.3,542.3,822.3,432.3,9.75,31.72,Low,Critical - Reorder Now
P2228,2027-05-13,S17,102,27,5,73,No,Medium,No,135,137.7,272.7,461.7,359.7,3.78,17.01,Low,Critical - Reorder Now
P2229,2027-05-14,S7,421,47,11,94,No,High,No,517,185.34,702.34,1031.34,610.34,8.96,30.76,Low,Critical - Reorder Now
P2230,2027-05-15,S14,84,10,5,72,Yes,High,Yes,50,138.3,188.3,258.3,174.3,8.4,77.98,High,Critical - Reorder Now
P2231,2027-05-16,S15,316,115,3,94,Yes,High,No,345,96.79,441.79,1246.79,930.79,2.75,29.23,Low,Critical - Reorder Now
P2232,2027-05-17,S7,211,73,11,61,No,High,No,803,215.03,1018.03,1529.03,1318.03,2.89,24.03,Low,Critical - Reorder Now
P2233,2027-05-18,S9,2,47,1,72,No,Medium,Yes,47,61.85,108.85,437.85,435.85,0.04,71.07,High,Critical - Reorder Now
P2234,2027-05-19,S19,383,29,2,75,Yes,Low,No,58,86.32,144.32,347.32,0.0,13.21,15.38,Low,Healthy
P2235,2027-05-20,S16,178,22,8,77,No,High,Yes,176,171.1,347.1,501.1,323.1,8.09,54.76,Medium,Critical - Reorder Now
P2236,2027-05-21,S8,341,66,1,66,No,Medium,No,66,63.48,129.48,591.48,250.48,5.17,6.98,Low,Low Stock
P2237,2027-05-22,S18,302,17,7,95,No,High,No,119,147.13,266.13,385.13,83.13,17.76,17.88,Low,Low Stock
P2238,2027-05-23,S18,451,47,14,89,Yes,Medium,No,658,214.17,872.17,1201.17,750.17,9.6,36.76,Low,Critical - Reorder Now
P2239,2027-05-24,S20,475,82,14,66,No,High,No,1148,237.51,1385.51,1959.51,1484.51,5.79,21.7,Low,Critical - Reorder Now
P2240,2027-05-25,S7,331,32,5,74,No,Low,No,160,137.09,297.09,521.09,190.09,10.34,13.44,Low,Low Stock
P2241,2027-05-26,S3,37,22,3,99,Yes,High,No,66,94.44,160.44,314.44,277.44,1.68,9.86,Low,Critical - Reorder Now
P2242,2027-05-27,S18,498,63,12,78,No,Low,No,756,208.62,964.62,1405.62,907.62,7.9,28.5,Low,Critical - Reorder Now
P2243,2027-05-28,S10,419,64,12,96,No,High,No,768,191.7,959.7,1407.7,988.7,6.55,13.84,Low,Critical - Reorder Now
P2244,2027-05-29,S7,238,67,11,61,Yes,High,No,737,215.03,952.03,1421.03,1183.03,3.55,15.26,Low,Critical - Reorder Now
P2245,2027-05-30,S17,168,61,7,72,No,High,No,427,163.64,590.64,1017.64,849.64,2.75,29.53,Low,Critical - Reorder Now
P2246,2027-05-31,S14,452,96,9,99,Yes,Medium,No,864,163.58,1027.58,1699.58,1247.58,4.71,20.61,Low,Critical - Reorder Now
P2247,2027-06-01,S3,396,55,2,90,Yes,Medium,Yes,110,80.56,190.56,575.56,179.56,7.2,42.72,Medium,Low Stock
P2248,2027-06-02,S12,342,60,8,75,No,Low,Yes,480,172.64,652.64,1072.64,730.64,5.7,33.09,Low,Critical - Reorder Now
P2249,2027-06-03,S13,313,31,9,65,Yes,Low,No,279,191.25,470.25,687.25,374.25,10.1,21.44,Low,Critical - Reorder Now
P2250,2027-06-04,S2,305,36,11,87,No,Medium,No,396,191.64,587.64,839.64,534.64,8.47,15.08,Low,Critical - Reorder Now
P2251,2027-06-05,S3,29,115,3,91,No,Low,No,345,98.2,443.2,1248.2,1219.2,0.25,30.16,Low,Critical - Reorder Now
P2252,2027-06-06,S5,189,13,2,69,Yes,Low,No,26,88.62,114.62,205.62,16.62,14.54,18.25,Low,Low Stock
P2253,2027-06-07,S11,356,108,7,77,Yes,Medium,No,756,160.05,916.05,1672.05,1316.05,3.3,13.4,Low,Critical - Reorder Now
P2254,2027-06-08,S8,24,100,5,63,No,Medium,No,500,143.76,643.76,1343.76,1319.76,0.24,22.36,Low,Critical - Reorder Now
P2255,2027-06-09,S12,111,88,5,68,No,Medium,Yes,440,140.73,580.73,1196.73,1085.73,1.26,65.19,Medium,Critical - Reorder Now
P2256,2027-06-10,S7,410,96,10,66,Yes,Medium,No,960,200.74,1160.74,1832.74,1422.74,4.27,5.73,Low,Critical - Reorder Now
P2257,2027-06-11,S15,434,101,5,67,Yes,High,Yes,505,141.34,646.34,1353.34,919.34,4.3,67.06,Medium,Critical - Reorder Now
P2258,2027-06-12,S17,205,72,4,66,No,Medium,No,288,126.96,414.96,918.96,713.96,2.85,12.5,Low,Critical - Reorder Now
P2259,2027-06-13,S4,184,50,13,99,Yes,Low,No,650,196.6,846.6,1196.6,1012.6,3.68,7.64,Low,Critical - Reorder Now
P2260,2027-06-14,S13,381,102,5,62,No,High,No,510,144.37,654.37,1368.37,987.37,3.74,34.4,Low,Critical - Reorder Now
P2261,2027-06-15,S18,495,116,13,76,No,High,No,1508,219.09,1727.09,2539.09,2044.09,4.27,33.2,Low,Critical - Reorder Now
P2262,2027-06-16,S1,378,71,4,61,No,Low,Yes,284,129.67,413.67,910.67,532.67,5.32,67.13,Medium,Critical - Reorder Now
P2263,2027-06-17,S16,46,30,13,74,Yes,High,No,390,221.05,611.05,821.05,775.05,1.53,30.66,Low,Critical - Reorder Now
P2264,2027-06-18,S13,373,12,6,88,Yes,Low,No,72,140.87,212.87,296.87,0.0,31.08,31.69,Low,Overstock
P2265,2027-06-19,S10,227,10,4,81,No,High,No,40,118.82,158.82,228.82,1.82,22.7,10.72,Low,Low Stock
P2266,2027-06-20,S12,38,84,2,63,Yes,High,No,168,90.92,258.92,846.92,808.92,0.45,13.63,Low,Critical - Reorder Now
P2267,2027-06-21,S2,15,28,9,65,Yes,Low,No,252,191.25,443.25,639.25,624.25,0.54,16.67,Low,Critical - Reorder Now
P2268,2027-06-22,S3,21,52,2,97,No,Low,No,104,77.88,181.88,545.88,524.88,0.4,19.0,Low,Critical - Reorder Now
P2269,2027-06-23,S10,212,107,9,85,Yes,Low,Yes,963,174.97,1137.97,1886.97,1674.97,1.98,62.01,Medium,Critical - Reorder Now
P2270,2027-06-24,S2,309,98,10,70,No,Low,Yes,980,197.3,1177.3,1863.3,1554.3,3.15,55.72,Medium,Critical - Reorder Now
P2271,2027-06-25,S13,148,49,6,85,No,Medium,Yes,294,142.86,436.86,779.86,631.86,3.02,61.08,Medium,Critical - Reorder Now
P2272,2027-06-26,S13,455,17,9,76,No,Medium,No,153,182.3,335.3,454.3,0.0,26.76,50.84,Medium,Healthy
P2273,2027-06-27,S18,240,73,9,83,No,Low,No,657,176.6,833.6,1344.6,1104.6,3.29,60.44,Medium,Critical - Reorder Now
P2274,2027-06-28,S3,271,29,3,87,No,Medium,No,87,100.08,187.08,390.08,119.08,9.34,19.1,Low,Low Stock
P2275,2027-06-29,S7,58,24,1,94,Yes,Low,No,24,55.88,79.88,247.88,189.88,2.42,44.25,Medium,Critical - Reorder Now
P2276,2027-06-30,S14,286,86,1,90,No,Low,Yes,86,56.97,142.97,744.97,458.97,3.33,60.2,Medium,Low Stock
P2277,2027-07-01,S20,425,115,3,72,No,High,Yes,345,107.13,452.13,1257.13,832.13,3.7,30.38,Low,Critical - Reorder Now
P2278,2027-07-02,S17,201,86,5,94,No,Low,No,430,124.96,554.96,1156.96,955.96,2.34,15.96,Low,Critical - Reorder Now
P2279,2027-07-03,S12,31,70,13,75,Yes,Low,Yes,910,220.07,1130.07,1620.07,1589.07,0.44,27.87,Low,Critical - Reorder Now
P2280,2027-07-04,S16,442,78,3,74,No,Low,No,234,106.19,340.19,886.19,444.19,5.67,43.97,Medium,Low Stock
P2281,2027-07-05,S12,161,49,12,77,No,Low,No,588,209.56,797.56,1140.56,979.56,3.29,28.94,Low,Critical - Reorder Now
P2282,2027-07-06,S15,254,118,9,96,No,High,No,1062,166.02,1228.02,2054.02,1800.02,2.15,43.28,Medium,Critical - Reorder Now
P2283,2027-07-07,S10,253,51,9,86,No,Low,No,459,174.16,633.16,990.16,737.16,4.96,37.13,Low,Critical - Reorder Now
P2284,2027-07-08,S7,8,67,3,94,No,High,No,201,96.79,297.79,766.79,758.79,0.12,18.13,Low,Critical - Reorder Now
P2285,2027-07-09,S20,464,80,3,94,No,Low,No,240,96.79,336.79,896.79,432.79,5.8,18.1,Low,Low Stock
P2286,2027-07-10,S5,138,115,12,87,No,High,Yes,1380,200.16,1580.16,2385.16,2247.16,1.2,56.56,Medium,Critical - Reorder Now
P2287,2027-07-11,S1,479,81,14,98,Yes,Medium,No,1134,205.03,1339.03,1906.03,1427.03,5.91,23.71,Low,Critical - Reorder Now
P2288,2027-07-12,S17,9,118,5,97,Yes,High,Yes,590,123.14,713.14,1539.14,1530.14,0.08,63.37,Medium,Critical - Reorder Now
P2289,2027-07-13,S3,213,115,2,68,No,High,Yes,230,89.0,319.0,1124.0,911.0,1.85,36.34,Low,Critical - Reorder Now
P2290,2027-07-14,S13,272,59,6,71,No,Low,No,354,152.17,506.17,919.17,647.17,4.61,27.37,Low,Critical - Reorder Now
P2291,2027-07-15,S14,323,79,7,74,No,High,No,553,162.21,715.21,1268.21,945.21,4.09,24.1,Low,Critical - Reorder Now
P2292,2027-07-16,S18,47,23,13,80,Yes,High,Yes,299,215.18,514.18,675.18,628.18,2.04,60.19,Medium,Critical - Reorder Now
P2293,2027-07-17,S4,435,39,9,94,Yes,Low,Yes,351,167.65,518.65,791.65,356.65,11.15,49.74,Medium,Critical - Reorder Now
P2294,2027-07-18,S18,110,107,6,92,Yes,Medium,Yes,642,138.21,780.21,1529.21,1419.21,1.03,74.85,High,Critical - Reorder Now
P2295,2027-07-19,S5,152,57,3,78,No,Medium,No,171,104.31,275.31,674.31,522.31,2.67,21.76,Low,Critical - Reorder Now
P2296,2027-07-20,S16,122,30,12,82,No,Medium,No,360,204.86,564.86,774.86,652.86,4.07,22.47,Low,Critical - Reorder Now
P2297,2027-07-21,S1,404,114,5,72,Yes,High,Yes,570,138.3,708.3,1506.3,1102.3,3.54,35.36,Low,Critical - Reorder Now
P2298,2027-07-22,S14,356,18,4,60,No,Low,No,72,130.21,202.21,328.21,0.0,19.78,29.49,Low,Healthy
P2299,2027-07-23,S15,101,49,5,88,No,Medium,No,245,128.6,373.6,716.6,615.6,2.06,39.26,Low,Critical - Reorder Now
P2300,2027-07-24,S9,240,48,8,83,Yes,Medium,No,384,166.5,550.5,886.5,646.5,5.0,48.69,Medium,Critical - Reorder Now
P2301,2027-07-25,S15,320,92,8,75,No,Medium,No,736,172.64,908.64,1552.64,1232.64,3.48,17.54,Low,Critical - Reorder Now
P2302,2027-07-26,S17,190,109,6,84,No,Medium,No,654,143.53,797.53,1560.53,1370.53,1.74,16.14,Low,Critical - Reorder Now
P2303,2027-07-27,S4,216,69,1,82,Yes,Low,No,69,59.14,128.14,611.14,395.14,3.13,43.42,Medium,Low Stock
P2304,2027-07-28,S12,50,55,8,87,Yes,Medium,No,440,163.43,603.43,988.43,938.43,0.91,20.8,Low,Critical - Reorder Now
P2305,2027-07-29,S5,291,47,8,75,Yes,High,Yes,376,172.64,548.64,877.64,586.64,6.19,67.41,Medium,Critical - Reorder Now
P2306,2027-07-30,S5,80,90,2,97,No,High,No,180,77.88,257.88,887.88,807.88,0.89,16.38,Low,Critical - Reorder Now
P2307,2027-07-31,S11,488,27,4,70,No,Low,No,108,124.79,232.79,421.79,0.0,18.07,28.58,Low,Healthy
P2308,2027-08-01,S6,382,60,12,62,No,Medium,Yes,720,223.65,943.65,1363.65,981.65,6.37,54.88,Medium,Critical - Reorder Now
P2309,2027-08-02,S7,87,23,2,74,Yes,Medium,No,46,86.7,132.7,293.7,206.7,3.78,23.91,Low,Critical - Reorder Now
P2310,2027-08-03,S14,193,86,4,60,No,High,Yes,344,130.21,474.21,1076.21,883.21,2.24,17.24,Low,Critical - Reorder Now
P2311,2027-08-04,S11,103,80,12,66,No,Low,No,960,219.9,1179.9,1739.9,1636.9,1.29,39.44,Low,Critical - Reorder Now
P2312,2027-08-05,S13,270,59,13,60,No,High,Yes,767,234.74,1001.74,1414.74,1144.74,4.58,66.37,Medium,Critical - Reorder Now
P2313,2027-08-06,S2,95,96,13,91,No,Low,No,1248,204.42,1452.42,2124.42,2029.42,0.99,38.61,Low,Critical - Reorder Now
P2314,2027-08-07,S7,422,96,10,68,No,Low,No,960,199.02,1159.02,1831.02,1409.02,4.4,12.3,Low,Critical - Reorder Now
P2315,2027-08-08,S20,378,64,7,88,No,Low,No,448,152.16,600.16,1048.16,670.16,5.91,12.24,Low,Critical - Reorder Now
P2316,2027-08-09,S4,197,63,9,85,No,High,No,567,174.97,741.97,1182.97,985.97,3.13,10.33,Low,Critical - Reorder Now
P2317,2027-08-10,S8,0,37,14,82,No,Low,No,518,221.27,739.27,998.27,998.27,0.0,22.16,Low,Critical - Reorder Now
P2318,2027-08-11,S20,494,23,14,88,Yes,High,Yes,322,215.18,537.18,698.18,204.18,21.48,70.97,High,Critical - Reorder Now
P2319,2027-08-12,S19,406,32,8,97,No,High,No,256,155.76,411.76,635.76,229.76,12.69,14.13,Low,Critical - Reorder Now
P2320,2027-08-13,S13,377,56,12,92,No,Medium,Yes,672,195.46,867.46,1259.46,882.46,6.73,28.71,Low,Critical - Reorder Now
P2321,2027-08-14,S14,166,53,9,66,No,High,No,477,190.43,667.43,1038.43,872.43,3.13,21.31,Low,Critical - Reorder Now
P2322,2027-08-15,S10,125,41,8,71,Yes,High,No,328,175.71,503.71,790.71,665.71,3.05,22.98,Low,Critical - Reorder Now
P2323,2027-08-16,S11,312,30,2,90,Yes,Medium,No,60,80.56,140.56,350.56,38.56,10.4,19.65,Low,Low Stock
P2324,2027-08-17,S2,80,103,7,91,Yes,Medium,No,721,150.0,871.0,1592.0,1512.0,0.78,44.18,Medium,Critical - Reorder Now
P2325,2027-08-18,S9,417,102,2,79,Yes,Medium,Yes,204,84.78,288.78,1002.78,585.78,4.09,58.06,Medium,Low Stock
P2326,2027-08-19,S17,250,103,13,76,No,Low,No,1339,219.09,1558.09,2279.09,2029.09,2.43,32.72,Low,Critical - Reorder Now
P2327,2027-08-20,S3,168,44,12,95,No,Low,No,528,192.64,720.64,1028.64,860.64,3.82,13.44,Low,Critical - Reorder Now
P2328,2027-08-21,S6,476,84,11,62,Yes,Medium,Yes,924,214.13,1138.13,1726.13,1250.13,5.67,18.35,Low,Critical - Reorder Now
P2329,2027-08-22,S5,72,42,2,60,Yes,Low,No,84,92.07,176.07,470.07,398.07,1.71,19.7,Low,Critical - Reorder Now
P2330,2027-08-23,S5,140,81,4,86,No,Medium,No,324,116.11,440.11,1007.11,867.11,1.73,11.93,Low,Critical - Reorder Now
P2331,2027-08-24,S15,69,91,1,99,Yes,Low,No,91,54.53,145.53,782.53,713.53,0.76,14.41,Low,Critical - Reorder Now
P2332,2027-08-25,S17,261,58,5,92,No,High,No,290,126.17,416.17,822.17,561.17,4.5,21.58,Low,Critical - Reorder Now
P2333,2027-08-26,S9,339,26,6,79,Yes,Low,Yes,156,146.85,302.85,484.85,145.85,13.04,59.54,Medium,Low Stock
P2334,2027-08-27,S3,307,20,9,73,Yes,Low,No,180,184.74,364.74,504.74,197.74,15.35,20.51,Low,Critical - Reorder Now
P2335,2027-08-28,S20,244,32,10,95,Yes,High,No,320,175.86,495.86,719.86,475.86,7.62,12.22,Low,Critical - Reorder Now
P2336,2027-08-29,S17,2,116,8,64,Yes,Medium,Yes,928,181.08,1109.08,1921.08,1919.08,0.02,66.02,Medium,Critical - Reorder Now
P2337,2027-08-30,S10,336,39,2,82,No,Low,No,78,83.63,161.63,434.63,98.63,8.62,15.68,Low,Low Stock
P2338,2027-08-31,S3,62,64,1,74,Yes,Low,Yes,64,61.31,125.31,573.31,511.31,0.97,72.73,High,Critical - Reorder Now
P2339,2027-09-01,S18,48,49,2,65,No,High,No,98,90.16,188.16,531.16,483.16,0.98,16.74,Low,Critical - Reorder Now
P2340,2027-09-02,S18,75,50,7,92,No,High,Yes,350,149.29,499.29,849.29,774.29,1.5,74.87,High,Critical - Reorder Now
P2341,2027-09-03,S17,367,76,4,78,Yes,High,No,304,120.45,424.45,956.45,589.45,4.83,6.74,Low,Critical - Reorder Now
P2342,2027-09-04,S3,174,112,10,72,Yes,High,No,1120,195.59,1315.59,2099.59,1925.59,1.55,47.65,Medium,Critical - Reorder Now
P2343,2027-09-05,S3,108,59,5,88,No,Medium,No,295,128.6,423.6,836.6,728.6,1.83,26.02,Low,Critical - Reorder Now
P2344,2027-09-06,S6,182,90,12,65,No,Low,Yes,1080,220.84,1300.84,1930.84,1748.84,2.02,41.76,Medium,Critical - Reorder Now
P2345,2027-09-07,S13,191,89,7,74,No,Low,No,623,162.21,785.21,1408.21,1217.21,2.15,21.12,Low,Critical - Reorder Now
P2346,2027-09-08,S15,64,30,3,75,Yes,Low,No,90,105.72,195.72,405.72,341.72,2.13,18.53,Low,Critical - Reorder Now
P2347,2027-09-09,S9,336,108,10,83,Yes,Low,No,1080,186.15,1266.15,2022.15,1686.15,3.11,27.55,Low,Critical - Reorder Now
P2348,2027-09-10,S4,450,89,2,82,Yes,Medium,No,178,83.63,261.63,884.63,434.63,5.06,21.76,Low,Low Stock
P2349,2027-09-11,S14,473,29,13,69,No,Low,No,377,225.94,602.94,805.94,332.94,16.31,20.7,Low,Critical - Reorder Now
P2350,2027-09-12,S5,270,109,7,76,No,Medium,No,763,160.77,923.77,1686.77,1416.77,2.48,20.17,Low,Critical - Reorder Now
P2351,2027-09-13,S2,99,69,5,89,No,Medium,Yes,345,127.99,472.99,955.99,856.99,1.43,20.59,Low,Critical - Reorder Now
P2352,2027-09-14,S11,31,10,14,69,No,High,No,140,234.47,374.47,444.47,413.47,3.1,12.32,Low,Critical - Reorder Now
P2353,2027-09-15,S9,351,27,1,78,Yes,High,Yes,27,60.22,87.22,276.22,0.0,13.0,20.31,Low,Overstock
P2354,2027-09-16,S3,127,119,1,88,No,Low,No,119,57.51,176.51,1009.51,882.51,1.07,58.32,Medium,Critical - Reorder Now
P2355,2027-09-17,S9,451,68,9,61,No,Medium,Yes,612,194.5,806.5,1282.5,831.5,6.63,29.54,Low,Critical - Reorder Now
P2356,2027-09-18,S3,401,91,5,95,Yes,High,No,455,124.35,579.35,1216.35,815.35,4.41,33.53,Low,Critical - Reorder Now
P2357,2027-09-19,S2,368,47,1,78,No,Medium,No,47,60.22,107.22,436.22,68.22,7.83,6.88,Low,Low Stock
P2358,2027-09-20,S12,338,111,7,66,No,High,Yes,777,167.95,944.95,1721.95,1383.95,3.05,20.08,Low,Critical - Reorder Now
P2359,2027-09-21,S10,42,27,9,85,No,Medium,No,243,174.97,417.97,606.97,564.97,1.56,18.98,Low,Critical - Reorder Now
P2360,2027-09-22,S9,371,100,11,74,No,Low,No,1100,203.34,1303.34,2003.34,1632.34,3.71,26.56,Low,Critical - Reorder Now
P2361,2027-09-23,S15,418,34,1,97,Yes,Low,Yes,34,55.07,89.07,327.07,0.0,12.29,54.64,Medium,Overstock
P2362,2027-09-24,S8,487,81,10,62,No,Medium,No,810,204.17,1014.17,1581.17,1094.17,6.01,38.23,Low,Critical - Reorder Now
P2363,2027-09-25,S5,77,111,14,97,Yes,High,No,1554,206.05,1760.05,2537.05,2460.05,0.69,28.85,Low,Critical - Reorder Now
P2364,2027-09-26,S11,313,22,13,75,No,High,No,286,220.07,506.07,660.07,347.07,14.23,14.84,Low,Critical - Reorder Now
P2365,2027-09-27,S2,288,91,4,61,Yes,Low,No,364,129.67,493.67,1130.67,842.67,3.16,26.05,Low,Critical - Reorder Now
P2366,2027-09-28,S15,269,83,14,90,No,Low,No,1162,213.15,1375.15,1956.15,1687.15,3.24,26.89,Low,Critical - Reorder Now
P2367,2027-09-29,S6,161,101,3,87,No,Low,No,303,100.08,403.08,1110.08,949.08,1.59,29.18,Low,Critical - Reorder Now
P2368,2027-09-30,S8,188,25,5,66,No,High,No,125,141.94,266.94,441.94,253.94,7.52,15.83,Low,Critical - Reorder Now
P2369,2027-10-01,S5,246,61,7,89,Yes,High,No,427,151.44,578.44,1005.44,759.44,4.03,28.63,Low,Critical - Reorder Now
P2370,2027-10-02,S16,387,107,8,66,Yes,Low,No,856,179.54,1035.54,1784.54,1397.54,3.62,4.47,Low,Critical - Reorder Now
P2371,2027-10-03,S18,215,27,13,95,No,Medium,No,351,200.51,551.51,740.51,525.51,7.96,14.62,Low,Critical - Reorder Now
P2372,2027-10-04,S6,314,95,2,88,No,High,No,190,81.33,271.33,936.33,622.33,3.31,20.73,Low,Low Stock
P2373,2027-10-05,S5,412,49,7,83,No,Low,No,343,155.75,498.75,841.75,429.75,8.41,32.9,Low,Critical - Reorder Now
P2374,2027-10-06,S16,338,48,14,98,Yes,Medium,Yes,672,205.03,877.03,1213.03,875.03,7.04,61.77,Medium,Critical - Reorder Now
P2375,2027-10-07,S13,389,86,14,63,No,High,Yes,1204,240.56,1444.56,2046.56,1657.56,4.52,26.42,Low,Critical - Reorder Now
P2376,2027-10-08,S5,376,92,1,88,No,Medium,No,92,57.51,149.51,793.51,417.51,4.09,11.81,Low,Low Stock
P2377,2027-10-09,S13,480,119,7,64,No,Medium,Yes,833,169.38,1002.38,1835.38,1355.38,4.03,66.14,Medium,Critical - Reorder Now
P2378,2027-10-10,S17,432,51,8,88,No,High,No,408,162.66,570.66,927.66,495.66,8.47,27.08,Low,Critical - Reorder Now
P2379,2027-10-11,S18,167,44,2,89,No,Low,Yes,88,80.95,168.95,476.95,309.95,3.8,29.26,Low,Critical - Reorder Now
P2380,2027-10-12,S8,338,55,9,88,Yes,Medium,Yes,495,172.53,667.53,1052.53,714.53,6.15,39.17,Low,Critical - Reorder Now
P2381,2027-10-13,S13,192,46,1,85,Yes,Low,Yes,46,58.32,104.32,426.32,234.32,4.17,71.56,High,High Risk
P2382,2027-10-14,S19,452,11,13,78,No,High,No,143,217.14,360.14,437.14,0.0,41.09,16.84,Low,Healthy
P2383,2027-10-15,S3,282,54,6,85,Yes,Medium,Yes,324,142.86,466.86,844.86,562.86,5.22,48.06,Medium,Critical - Reorder Now
P2384,2027-10-16,S8,335,52,1,96,No,Medium,No,52,55.34,107.34,471.34,136.34,6.44,9.57,Low,Low Stock
P2385,2027-10-17,S2,389,88,3,86,No,Medium,No,264,100.55,364.55,980.55,591.55,4.42,4.31,Low,Low Stock
P2386,2027-10-18,S8,487,95,11,89,No,Medium,No,1045,189.84,1234.84,1899.84,1412.84,5.13,20.0,Low,Critical - Reorder Now
P2387,2027-10-19,S13,12,10,6,89,No,Medium,No,60,140.21,200.21,270.21,258.21,1.2,10.05,Low,Critical - Reorder Now
P2388,2027-10-20,S13,239,95,3,62,Yes,High,No,285,111.83,396.83,1061.83,822.83,2.52,8.61,Low,Critical - Reorder Now
P2389,2027-10-21,S1,319,13,8,66,Yes,Medium,No,104,179.54,283.54,374.54,55.54,24.54,8.55,Low,Low Stock
P2390,2027-10-22,S6,445,113,5,68,No,High,No,565,140.73,705.73,1496.73,1051.73,3.94,23.81,Low,Critical - Reorder Now
P2391,2027-10-23,S19,482,61,2,72,Yes,Low,No,122,87.47,209.47,636.47,154.47,7.9,29.76,Low,Low Stock
P2392,2027-10-24,S16,146,35,4,74,No,High,No,140,122.62,262.62,507.62,361.62,4.17,20.47,Low,Critical - Reorder Now
P2393,2027-10-25,S8,203,25,9,64,No,Medium,No,225,192.06,417.06,592.06,389.06,8.12,24.12,Low,Critical - Reorder Now
P2394,2027-10-26,S1,79,94,4,88,Yes,Low,No,376,115.02,491.02,1149.02,1070.02,0.84,13.6,Low,Critical - Reorder Now
P2395,2027-10-27,S16,378,44,10,94,Yes,High,No,440,176.72,616.72,924.72,546.72,8.59,26.08,Low,Critical - Reorder Now
P2396,2027-10-28,S9,42,116,10,86,No,High,No,1160,183.58,1343.58,2155.58,2113.58,0.36,26.07,Low,Critical - Reorder Now
P2397,2027-10-29,S13,457,49,8,86,No,High,Yes,392,164.2,556.2,899.2,442.2,9.33,48.12,Medium,Critical - Reorder Now
P2398,2027-10-30,S11,88,81,5,67,Yes,Medium,No,405,141.34,546.34,1113.34,1025.34,1.09,18.7,Low,Critical - Reorder Now
P2399,2027-10-31,S13,147,53,11,91,No,Medium,No,583,188.04,771.04,1142.04,995.04,2.77,31.29,Low,Critical - Reorder Now
P2400,2027-11-01,S10,94,91,11,79,No,High,No,1001,198.84,1199.84,1836.84,1742.84,1.03,11.36,Low,Critical - Reorder Now
P2401,2027-11-02,S4,451,24,10,69,No,High,No,240,198.16,438.16,606.16,155.16,18.79,16.47,Low,Low Stock
P2402,2027-11-03,S6,427,105,13,72,Yes,Low,No,1365,223.01,1588.01,2323.01,1896.01,4.07,16.17,Low,Critical - Reorder Now
P2403,2027-11-04,S7,150,96,13,88,Yes,Medium,No,1248,207.36,1455.36,2127.36,1977.36,1.56,30.05,Low,Critical - Reorder Now
P2404,2027-11-05,S5,1,21,14,94,No,Medium,No,294,209.09,503.09,650.09,649.09,0.05,21.74,Low,Critical - Reorder Now
P2405,2027-11-06,S11,375,32,1,67,No,Low,No,32,63.21,95.21,319.21,0.0,11.72,31.66,Low,Healthy
P2406,2027-11-07,S13,21,45,7,88,No,High,No,315,152.16,467.16,782.16,761.16,0.47,22.22,Low,Critical - Reorder Now
P2407,2027-11-08,S19,370,70,3,90,No,High,No,210,98.67,308.67,798.67,428.67,5.29,29.83,Low,Low Stock
P2408,2027-11-09,S10,312,29,10,89,No,Low,No,290,181.01,471.01,674.01,362.01,10.76,24.89,Low,Critical - Reorder Now
P2409,2027-11-10,S10,484,62,8,81,Yes,High,Yes,496,168.03,664.03,1098.03,614.03,7.81,58.04,Medium,Critical - Reorder Now
P2410,2027-11-11,S11,327,118,14,80,No,High,No,1652,223.3,1875.3,2701.3,2374.3,2.77,14.93,Low,Critical - Reorder Now
P2411,2027-11-12,S7,6,45,12,71,No,Low,No,540,215.2,755.2,1070.2,1064.2,0.13,36.73,Low,Critical - Reorder Now
P2412,2027-11-13,S18,205,10,3,70,No,Low,No,30,108.07,138.07,208.07,3.07,20.5,11.2,Low,Low Stock
P2413,2027-11-14,S4,439,79,1,61,Yes,Low,No,79,64.83,143.83,696.83,257.83,5.56,18.28,Low,Low Stock
P2414,2027-11-15,S2,374,42,5,61,No,High,Yes,210,144.97,354.97,648.97,274.97,8.9,62.58,Medium,Low Stock
P2415,2027-11-16,S14,450,10,2,93,Yes,Low,No,20,79.41,99.41,169.41,0.0,45.0,47.62,Medium,Overstock
P2416,2027-11-17,S13,113,49,11,62,Yes,High,No,539,214.13,753.13,1096.13,983.13,2.31,39.87,Low,Critical - Reorder Now
P2417,2027-11-18,S12,271,79,4,75,No,Medium,No,316,122.07,438.07,991.07,720.07,3.43,32.44,Low,Critical - Reorder Now
P2418,2027-11-19,S7,82,18,1,63,No,Medium,Yes,18,64.29,82.29,208.29,126.29,4.56,73.93,High,Critical - Reorder Now
P2419,2027-11-20,S2,178,70,9,82,No,Low,Yes,630,177.41,807.41,1297.41,1119.41,2.54,69.36,Medium,Critical - Reorder Now
P2420,2027-11-21,S13,209,44,6,79,No,High,Yes,264,146.85,410.85,718.85,509.85,4.75,71.39,High,Critical - Reorder Now
P2421,2027-11-22,S14,499,7,8,84,Yes,High,No,56,165.73,221.73,270.73,0.0,71.29,39.97,Low,Overstock
P2422,2027-11-23,S17,463,103,11,89,Yes,High,No,1133,189.84,1322.84,2043.84,1580.84,4.5,29.42,Low,Critical - Reorder Now
P2423,2027-11-24,S9,327,101,4,77,Yes,Low,Yes,404,120.99,524.99,1231.99,904.99,3.24,63.8,Medium,Critical - Reorder Now
P2424,2027-11-25,S17,123,28,9,70,Yes,High,Yes,252,187.18,439.18,635.18,512.18,4.39,17.48,Low,Critical - Reorder Now
P2425,2027-11-26,S8,480,23,2,88,No,High,No,46,81.33,127.33,288.33,0.0,20.87,17.94,Low,Overstock
P2426,2027-11-27,S2,112,22,9,76,No,High,No,198,182.3,380.3,534.3,422.3,5.09,21.9,Low,Critical - Reorder Now
P2427,2027-11-28,S13,11,68,12,85,No,Medium,No,816,202.04,1018.04,1494.04,1483.04,0.16,36.63,Low,Critical - Reorder Now
P2428,2027-11-29,S3,125,117,5,82,Yes,High,No,585,132.24,717.24,1536.24,1411.24,1.07,31.48,Low,Critical - Reorder Now
P2429,2027-11-30,S16,52,92,13,79,No,Medium,No,1196,216.16,1412.16,2056.16,2004.16,0.57,18.68,Low,Critical - Reorder Now
P2430,2027-12-01,S6,330,113,6,61,No,High,No,678,158.81,836.81,1627.81,1297.81,2.92,32.48,Low,Critical - Reorder Now
P2431,2027-12-02,S19,388,39,3,83,No,High,No,117,101.96,218.96,491.96,103.96,9.95,22.34,Low,Low Stock
P2432,2027-12-03,S7,282,66,4,90,Yes,High,No,264,113.94,377.94,839.94,557.94,4.27,47.03,Medium,Critical - Reorder Now
P2433,2027-12-04,S10,139,5,6,86,No,Medium,Yes,30,142.2,172.2,207.2,68.2,27.8,37.45,Low,Critical - Reorder Now
P2434,2027-12-05,S9,400,104,7,61,Yes,High,Yes,728,171.54,899.54,1627.54,1227.54,3.85,60.33,Medium,Critical - Reorder Now
P2435,2027-12-06,S2,389,29,1,73,No,Low,Yes,29,61.58,90.58,293.58,0.0,13.41,21.19,Low,Overstock
P2436,2027-12-07,S15,96,49,7,63,No,High,No,343,170.1,513.1,856.1,760.1,1.96,34.02,Low,Critical - Reorder Now
P2437,2027-12-08,S5,4,53,1,72,Yes,Medium,Yes,53,61.85,114.85,485.85,481.85,0.08,78.75,High,Critical - Reorder Now
P2438,2027-12-09,S4,56,111,5,95,No,Medium,Yes,555,124.35,679.35,1456.35,1400.35,0.5,82.6,High,Critical - Reorder Now
P2439,2027-12-10,S20,411,102,6,94,Yes,Low,No,612,136.88,748.88,1462.88,1051.88,4.03,28.01,Low,Critical - Reorder Now
P2440,2027-12-11,S4,333,93,13,67,Yes,Low,No,1209,227.9,1436.9,2087.9,1754.9,3.58,10.27,Low,Critical - Reorder Now
P2441,2027-12-12,S18,68,20,2,61,Yes,Low,Yes,40,91.69,131.69,271.69,203.69,3.4,61.89,Medium,Critical - Reorder Now
P2442,2027-12-13,S4,117,102,13,65,No,Medium,No,1326,229.85,1555.85,2269.85,2152.85,1.15,16.26,Low,Critical - Reorder Now
P2443,2027-12-14,S17,375,97,10,90,No,High,Yes,970,180.15,1150.15,1829.15,1454.15,3.87,72.56,High,Critical - Reorder Now
P2444,2027-12-15,S12,58,23,9,69,No,High,No,207,187.99,394.99,555.99,497.99,2.52,17.09,Low,Critical - Reorder Now
P2445,2027-12-16,S17,32,27,14,80,No,Low,No,378,223.3,601.3,790.3,758.3,1.19,21.69,Low,Critical - Reorder Now
P2446,2027-12-17,S10,317,87,10,69,No,Low,No,870,198.16,1068.16,1677.16,1360.16,3.64,25.84,Low,Critical - Reorder Now
P2447,2027-12-18,S1,49,29,6,82,No,High,No,174,144.86,318.86,521.86,472.86,1.69,13.24,Low,Critical - Reorder Now
P2448,2027-12-19,S18,367,20,7,62,Yes,Low,No,140,170.82,310.82,450.82,83.82,18.35,21.68,Low,Low Stock
P2449,2027-12-20,S18,488,58,14,91,Yes,High,Yes,812,212.14,1024.14,1430.14,942.14,8.41,73.19,High,Critical - Reorder Now
P2450,2027-12-21,S14,18,119,10,79,Yes,High,No,1190,189.58,1379.58,2212.58,2194.58,0.15,30.74,Low,Critical - Reorder Now
P2451,2027-12-22,S15,213,77,8,69,No,High,Yes,616,177.24,793.24,1332.24,1119.24,2.77,70.4,High,Critical - Reorder Now
P2452,2027-12-23,S12,196,5,11,88,Yes,High,No,55,190.74,245.74,280.74,84.74,39.2,45.46,Medium,Critical - Reorder Now
P2453,2027-12-24,S4,378,46,13,93,Yes,Medium,No,598,202.47,800.47,1122.47,744.47,8.22,22.64,Low,Critical - Reorder Now
P2454,2027-12-25,S3,449,23,10,96,Yes,High,No,230,175.0,405.0,566.0,117.0,19.52,18.26,Low,Low Stock
P2455,2027-12-26,S20,477,101,1,79,No,Low,No,101,59.95,160.95,867.95,390.95,4.72,8.88,Low,Low Stock
P2456,2027-12-27,S12,46,38,14,67,No,Low,No,532,236.5,768.5,1034.5,988.5,1.21,13.33,Low,Critical - Reorder Now
P2457,2027-12-28,S7,166,84,8,66,No,Low,No,672,179.54,851.54,1439.54,1273.54,1.98,19.0,Low,Critical - Reorder Now
P2458,2027-12-29,S11,451,112,4,65,Yes,Low,No,448,127.5,575.5,1359.5,908.5,4.03,10.75,Low,Critical - Reorder Now
P2459,2027-12-30,S1,288,108,10,70,Yes,Medium,Yes,1080,197.3,1277.3,2033.3,1745.3,2.67,67.16,Medium,Critical - Reorder Now
P2460,2027-12-31,S6,140,59,8,77,No,High,No,472,171.1,643.1,1056.1,916.1,2.37,13.36,Low,Critical - Reorder Now
P2461,2028-01-01,S15,83,22,13,88,No,High,Yes,286,207.36,493.36,647.36,564.36,3.77,78.74,High,Critical - Reorder Now
P2462,2028-01-02,S15,181,38,6,84,Yes,Low,No,228,143.53,371.53,637.53,456.53,4.76,27.19,Low,Critical - Reorder Now
P2463,2028-01-03,S19,390,93,11,80,No,Low,No,1023,197.94,1220.94,1871.94,1481.94,4.19,12.41,Low,Critical - Reorder Now
P2464,2028-01-04,S11,78,49,9,62,No,Low,No,441,193.69,634.69,977.69,899.69,1.59,41.84,Medium,Critical - Reorder Now
P2465,2028-01-05,S2,214,10,11,77,Yes,High,No,110,200.64,310.64,380.64,166.64,21.4,24.74,Low,Critical - Reorder Now
P2466,2028-01-06,S14,13,25,4,83,Yes,Medium,No,100,117.73,217.73,392.73,379.73,0.52,9.16,Low,Critical - Reorder Now
P2467,2028-01-07,S2,214,74,2,97,Yes,Medium,No,148,77.88,225.88,743.88,529.88,2.89,26.12,Low,Critical - Reorder Now
P2468,2028-01-08,S4,402,100,14,69,No,Medium,No,1400,234.47,1634.47,2334.47,1932.47,4.02,16.19,Low,Critical - Reorder Now
P2469,2028-01-09,S17,127,109,2,86,No,Medium,No,218,82.1,300.1,1063.1,936.1,1.17,17.77,Low,Critical - Reorder Now
P2470,2028-01-10,S3,309,52,5,71,No,Low,No,260,138.91,398.91,762.91,453.91,5.94,33.9,Low,Critical - Reorder Now
P2471,2028-01-11,S13,476,111,10,66,No,High,No,1110,200.74,1310.74,2087.74,1611.74,4.29,32.49,Low,Critical - Reorder Now
P2472,2028-01-12,S9,247,43,9,76,No,Low,No,387,182.3,569.3,870.3,623.3,5.74,15.12,Low,Critical - Reorder Now
P2473,2028-01-13,S7,403,35,12,60,No,Medium,No,420,225.53,645.53,890.53,487.53,11.51,16.09,Low,Critical - Reorder Now
P2474,2028-01-14,S15,28,110,3,85,Yes,Low,No,330,101.02,431.02,1201.02,1173.02,0.25,28.16,Low,Critical - Reorder Now
P2475,2028-01-15,S11,279,14,8,74,Yes,Medium,No,112,173.41,285.41,383.41,104.41,19.93,14.02,Low,Critical - Reorder Now
P2476,2028-01-16,S20,337,34,4,92,Yes,High,No,136,112.85,248.85,486.85,149.85,9.91,34.2,Low,Low Stock
P2477,2028-01-17,S2,318,22,6,96,No,Medium,No,132,135.55,267.55,421.55,103.55,14.45,12.04,Low,Low Stock
P2478,2028-01-18,S15,201,64,10,90,Yes,Low,No,640,180.15,820.15,1268.15,1067.15,3.14,18.57,Low,Critical - Reorder Now
P2479,2028-01-19,S14,360,92,6,94,No,High,Yes,552,136.88,688.88,1332.88,972.88,3.91,34.46,Low,Critical - Reorder Now
P2480,2028-01-20,S20,56,77,3,60,Yes,Medium,No,231,112.77,343.77,882.77,826.77,0.73,12.0,Low,Critical - Reorder Now
P2481,2028-01-21,S11,391,99,14,67,No,Medium,No,1386,236.5,1622.5,2315.5,1924.5,3.95,7.41,Low,Critical - Reorder Now
P2482,2028-01-22,S3,217,19,5,71,Yes,High,No,95,138.91,233.91,366.91,149.91,11.42,44.14,Medium,Critical - Reorder Now
P2483,2028-01-23,S17,61,8,12,78,Yes,Low,Yes,96,208.62,304.62,360.62,299.62,7.62,31.53,Low,Critical - Reorder Now
P2484,2028-01-24,S12,156,67,3,84,No,High,No,201,101.49,302.49,771.49,615.49,2.33,9.25,Low,Critical - Reorder Now
P2485,2028-01-25,S15,201,44,11,91,No,Low,No,484,188.04,672.04,980.04,779.04,4.57,23.59,Low,Critical - Reorder Now
P2486,2028-01-26,S16,16,13,11,71,No,Medium,No,143,206.04,349.04,440.04,424.04,1.23,20.8,Low,Critical - Reorder Now
P2487,2028-01-27,S5,321,113,1,72,Yes,Medium,No,113,61.85,174.85,965.85,644.85,2.84,18.27,Low,Low Stock
P2488,2028-01-28,S20,5,13,7,87,Yes,High,No,91,152.88,243.88,334.88,329.88,0.38,22.01,Low,Critical - Reorder Now
P2489,2028-01-29,S6,57,30,4,60,No,Medium,No,120,130.21,250.21,460.21,403.21,1.9,15.25,Low,Critical - Reorder Now
P2490,2028-01-30,S19,324,8,14,65,No,High,No,112,238.53,350.53,406.53,82.53,40.5,6.27,Low,Critical - Reorder Now
P2491,2028-01-31,S5,411,85,7,67,Yes,Medium,No,595,167.23,762.23,1357.23,946.23,4.84,5.87,Low,Critical - Reorder Now
P2492,2028-02-01,S3,317,20,3,63,No,Medium,No,60,111.36,171.36,311.36,0.0,15.85,29.09,Low,Healthy
P2493,2028-02-02,S1,168,19,12,64,No,Low,Yes,228,221.77,449.77,582.77,414.77,8.84,70.01,High,Critical - Reorder Now
P2494,2028-02-03,S6,452,103,11,84,No,High,No,1133,194.34,1327.34,2048.34,1596.34,4.39,45.62,Medium,Critical - Reorder Now
P2495,2028-02-04,S15,81,56,5,81,No,High,No,280,132.84,412.84,804.84,723.84,1.45,14.99,Low,Critical - Reorder Now
P2496,2028-02-05,S2,473,73,5,87,Yes,Medium,No,365,129.2,494.2,1005.2,532.2,6.48,23.09,Low,Critical - Reorder Now
P2497,2028-02-06,S3,467,9,13,98,No,Low,No,117,197.58,314.58,377.58,0.0,51.89,13.54,Low,Overstock
P2498,2028-02-07,S17,424,24,2,82,No,Low,No,48,83.63,131.63,299.63,0.0,17.67,17.08,Low,Overstock
P2499,2028-02-08,S12,432,83,11,63,No,High,Yes,913,213.23,1126.23,1707.23,1275.23,5.2,14.49,Low,Critical - Reorder Now
P2500,2028-02-09,S18,218,22,10,63,Yes,High,Yes,220,203.31,423.31,577.31,359.31,9.91,72.31,High,Critical - Reorder Now
P2501,2028-02-10,S15,176,115,12,80,Yes,Medium,No,1380,206.74,1586.74,2391.74,2215.74,1.53,23.41,Low,Critical - Reorder Now
P2502,2028-02-11,S12,203,6,2,96,No,High,No,12,78.26,90.26,132.26,0.0,33.83,15.63,Low,Overstock
P2503,2028-02-12,S16,70,97,4,61,Yes,Medium,No,388,129.67,517.67,1196.67,1126.67,0.72,19.31,Low,Critical - Reorder Now
P2504,2028-02-13,S8,386,17,4,66,No,Low,No,68,126.96,194.96,313.96,0.0,22.71,41.86,Medium,Overstock
P2505,2028-02-14,S14,265,8,4,75,Yes,High,No,32,122.07,154.07,210.07,0.0,33.12,16.84,Low,Overstock
P2506,2028-02-15,S17,97,46,6,76,No,Low,No,276,148.84,424.84,746.84,649.84,2.11,18.57,Low,Critical - Reorder Now
P2507,2028-02-16,S8,344,113,2,79,Yes,Low,Yes,226,84.78,310.78,1101.78,757.78,3.04,22.97,Low,Low Stock
P2508,2028-02-17,S15,290,78,6,82,No,Medium,No,468,144.86,612.86,1158.86,868.86,3.72,28.76,Low,Critical - Reorder Now
P2509,2028-02-18,S14,207,65,7,93,No,Low,No,455,148.57,603.57,1058.57,851.57,3.18,25.93,Low,Critical - Reorder Now
P2510,2028-02-19,S18,1,99,11,70,No,Medium,Yes,1089,206.93,1295.93,1988.93,1987.93,0.01,73.15,High,Critical - Reorder Now
P2511,2028-02-20,S20,123,109,10,93,No,Medium,No,1090,177.57,1267.57,2030.57,1907.57,1.13,29.75,Low,Critical - Reorder Now
P2512,2028-02-21,S7,279,12,3,92,Yes,Low,Yes,36,97.73,133.73,217.73,0.0,23.25,57.92,Medium,Overstock
P2513,2028-02-22,S3,73,71,11,85,No,Low,No,781,193.44,974.44,1471.44,1398.44,1.03,14.36,Low,Critical - Reorder Now
P2514,2028-02-23,S12,165,116,12,61,No,Medium,No,1392,224.59,1616.59,2428.59,2263.59,1.42,27.94,Low,Critical - Reorder Now
P2515,2028-02-24,S3,21,67,8,82,No,Medium,No,536,167.27,703.27,1172.27,1151.27,0.31,31.87,Low,Critical - Reorder Now
P2516,2028-02-25,S20,153,114,2,81,No,Low,No,228,84.02,312.02,1110.02,957.02,1.34,50.06,Medium,Critical - Reorder Now
P2517,2028-02-26,S14,426,13,11,93,No,Medium,No,143,186.24,329.24,420.24,0.0,32.77,4.78,Low,Healthy
P2518,2028-02-27,S15,438,98,8,74,No,Medium,Yes,784,173.41,957.41,1643.41,1205.41,4.47,30.8,Low,Critical - Reorder Now
P2519,2028-02-28,S14,294,15,13,69,Yes,High,No,195,225.94,420.94,525.94,231.94,19.6,17.94,Low,Critical - Reorder Now
P2520,2028-02-29,S7,218,103,11,74,No,High,No,1133,203.34,1336.34,2057.34,1839.34,2.12,19.8,Low,Critical - Reorder Now
P2521,2028-03-01,S17,156,105,5,88,No,High,No,525,128.6,653.6,1388.6,1232.6,1.49,23.58,Low,Critical - Reorder Now
P2522,2028-03-02,S12,494,46,2,82,Yes,High,No,92,83.63,175.63,497.63,3.63,10.74,38.48,Low,Low Stock
P2523,2028-03-03,S20,229,17,7,76,No,High,No,119,160.77,279.77,398.77,169.77,13.47,11.66,Low,Critical - Reorder Now
P2524,2028-03-04,S4,19,40,14,68,Yes,Medium,No,560,235.48,795.48,1075.48,1056.48,0.48,42.23,Medium,Critical - Reorder Now
P2525,2028-03-05,S9,474,17,2,95,No,Medium,No,34,78.65,112.65,231.65,0.0,27.88,18.72,Low,Overstock
P2526,2028-03-06,S6,40,16,14,68,No,High,No,224,235.48,459.48,571.48,531.48,2.5,13.14,Low,Critical - Reorder Now
P2527,2028-03-07,S16,437,41,6,75,No,Low,No,246,149.51,395.51,682.51,245.51,10.66,36.91,Low,Low Stock
P2528,2028-03-08,S2,147,78,10,95,No,High,Yes,780,175.86,955.86,1501.86,1354.86,1.88,67.01,Medium,Critical - Reorder Now
P2529,2028-03-09,S8,107,77,3,92,No,Low,No,231,97.73,328.73,867.73,760.73,1.39,39.72,Low,Critical - Reorder Now
P2530,2028-03-10,S11,402,56,9,90,No,Medium,Yes,504,170.9,674.9,1066.9,664.9,7.18,62.18,Medium,Critical - Reorder Now
P2531,2028-03-11,S13,83,75,3,65,Yes,Low,No,225,110.42,335.42,860.42,777.42,1.11,21.28,Low,Critical - Reorder Now
P2532,2028-03-12,S17,482,6,11,69,No,Medium,No,66,207.83,273.83,315.83,0.0,80.33,26.79,Low,Overstock
P2533,2028-03-13,S8,366,60,12,75,No,Low,No,720,211.44,931.44,1351.44,985.44,6.1,31.0,Low,Critical - Reorder Now
P2534,2028-03-14,S18,321,64,12,63,No,Medium,No,768,222.71,990.71,1438.71,1117.71,5.02,19.92,Low,Critical - Reorder Now
P2535,2028-03-15,S18,413,27,3,81,Yes,Medium,No,81,102.9,183.9,372.9,0.0,15.3,21.44,Low,Healthy
P2536,2028-03-16,S14,308,107,5,72,No,High,No,535,138.3,673.3,1422.3,1114.3,2.88,14.05,Low,Critical - Reorder Now
P2537,2028-03-17,S15,289,44,7,75,Yes,Medium,No,308,161.49,469.49,777.49,488.49,6.57,42.96,Medium,Critical - Reorder Now
P2538,2028-03-18,S6,405,68,14,88,No,High,Yes,952,215.18,1167.18,1643.18,1238.18,5.96,63.45,Medium,Critical - Reorder Now
P2539,2028-03-19,S11,322,107,8,65,No,High,No,856,180.31,1036.31,1785.31,1463.31,3.01,10.37,Low,Critical - Reorder Now
P2540,2028-03-20,S13,133,89,12,85,No,High,No,1068,202.04,1270.04,1893.04,1760.04,1.49,17.13,Low,Critical - Reorder Now
P2541,2028-03-21,S1,206,27,11,70,No,Low,No,297,206.93,503.93,692.93,486.93,7.63,24.64,Low,Critical - Reorder Now
P2542,2028-03-22,S6,282,33,7,83,No,Low,No,231,155.75,386.75,617.75,335.75,8.55,50.85,Medium,Critical - Reorder Now
P2543,2028-03-23,S9,265,82,9,88,No,Medium,No,738,172.53,910.53,1484.53,1219.53,3.23,9.17,Low,Critical - Reorder Now
P2544,2028-03-24,S8,72,94,5,62,No,High,No,470,144.37,614.37,1272.37,1200.37,0.77,22.3,Low,Critical - Reorder Now
P2545,2028-03-25,S11,480,55,10,69,No,High,Yes,550,198.16,748.16,1133.16,653.16,8.73,38.35,Low,Critical - Reorder Now
P2546,2028-03-26,S19,351,73,11,60,Yes,Medium,No,803,215.93,1018.93,1529.93,1178.93,4.81,16.05,Low,Critical - Reorder Now
P2547,2028-03-27,S9,47,99,3,85,Yes,High,No,297,101.02,398.02,1091.02,1044.02,0.47,30.3,Low,Critical - Reorder Now
P2548,2028-03-28,S17,325,93,6,71,No,Medium,No,558,152.17,710.17,1361.17,1036.17,3.49,14.17,Low,Critical - Reorder Now
P2549,2028-03-29,S12,232,35,5,73,No,High,No,175,137.7,312.7,557.7,325.7,6.63,19.61,Low,Critical - Reorder Now
P2550,2028-03-30,S14,442,54,12,84,Yes,Low,Yes,648,202.98,850.98,1228.98,786.98,8.19,71.21,High,Critical - Reorder Now
P2551,2028-03-31,S15,99,24,4,67,No,Medium,No,96,126.41,222.41,390.41,291.41,4.12,20.35,Low,Critical - Reorder Now
P2552,2028-04-01,S16,58,112,12,63,Yes,Medium,No,1344,222.71,1566.71,2350.71,2292.71,0.52,40.72,Medium,Critical - Reorder Now
P2553,2028-04-02,S20,257,59,2,87,Yes,Low,No,118,81.72,199.72,612.72,355.72,4.36,23.52,Low,Low Stock
P2554,2028-04-03,S1,412,85,7,66,No,Medium,No,595,167.95,762.95,1357.95,945.95,4.85,5.29,Low,Critical - Reorder Now
P2555,2028-04-04,S10,451,113,13,69,No,Low,No,1469,225.94,1694.94,2485.94,2034.94,3.99,22.79,Low,Critical - Reorder Now
P2556,2028-04-05,S8,64,6,5,95,No,High,Yes,30,124.35,154.35,196.35,132.35,10.67,70.81,High,Critical - Reorder Now
P2557,2028-04-06,S18,82,29,4,61,No,Low,No,116,129.67,245.67,448.67,366.67,2.83,40.47,Medium,Critical - Reorder Now
P2558,2028-04-07,S1,153,17,12,85,No,Low,No,204,202.04,406.04,525.04,372.04,9.0,49.12,Medium,Critical - Reorder Now
P2559,2028-04-08,S2,472,107,14,73,No,Medium,Yes,1498,230.41,1728.41,2477.41,2005.41,4.41,62.83,Medium,Critical - Reorder Now
P2560,2028-04-09,S1,265,96,8,75,Yes,High,No,768,172.64,940.64,1612.64,1347.64,2.76,22.82,Low,Critical - Reorder Now
P2561,2028-04-10,S1,308,110,9,76,No,Low,No,990,182.3,1172.3,1942.3,1634.3,2.8,15.28,Low,Critical - Reorder Now
P2562,2028-04-11,S9,78,74,9,81,Yes,High,No,666,178.23,844.23,1362.23,1284.23,1.05,18.87,Low,Critical - Reorder Now
P2563,2028-04-12,S13,314,71,3,63,No,Low,No,213,111.36,324.36,821.36,507.36,4.42,17.02,Low,Critical - Reorder Now
P2564,2028-04-13,S1,149,62,3,78,Yes,Medium,No,186,104.31,290.31,724.31,575.31,2.4,27.16,Low,Critical - Reorder Now
P2565,2028-04-14,S13,434,103,5,61,No,Low,Yes,515,144.97,659.97,1380.97,946.97,4.21,64.2,Medium,Critical - Reorder Now
P2566,2028-04-15,S20,47,86,5,98,Yes,Low,No,430,122.53,552.53,1154.53,1107.53,0.55,9.53,Low,Critical - Reorder Now
P2567,2028-04-16,S7,404,79,10,68,No,High,No,790,199.02,989.02,1542.02,1138.02,5.11,18.64,Low,Critical - Reorder Now
P2568,2028-04-17,S2,378,88,2,78,Yes,Low,No,176,85.17,261.17,877.17,499.17,4.3,10.32,Low,Low Stock
P2569,2028-04-18,S6,247,68,1,75,No,Medium,No,68,61.04,129.04,605.04,358.04,3.63,18.56,Low,Low Stock
P2570,2028-04-19,S7,277,73,8,84,Yes,Medium,Yes,584,165.73,749.73,1260.73,983.73,3.79,64.54,Medium,Critical - Reorder Now
P2571,2028-04-20,S14,355,87,3,77,Yes,Low,No,261,104.78,365.78,974.78,619.78,4.08,15.63,Low,Critical - Reorder Now
P2572,2028-04-21,S18,97,90,1,82,Yes,Low,No,90,59.14,149.14,779.14,682.14,1.08,22.18,Low,Critical - Reorder Now
P2573,2028-04-22,S15,413,63,1,80,No,High,No,63,59.68,122.68,563.68,150.68,6.56,20.77,Low,Low Stock
P2574,2028-04-23,S2,24,64,11,70,No,High,No,704,206.93,910.93,1358.93,1334.93,0.38,24.64,Low,Critical - Reorder Now
P2575,2028-04-24,S10,492,87,2,98,Yes,Medium,Yes,174,77.5,251.5,860.5,368.5,5.66,52.25,Medium,Low Stock
P2576,2028-04-25,S12,283,115,6,63,Yes,High,Yes,690,157.48,847.48,1652.48,1369.48,2.46,67.19,Medium,Critical - Reorder Now
P2577,2028-04-26,S17,448,66,6,84,No,Low,Yes,396,143.53,539.53,1001.53,553.53,6.79,65.14,Medium,Critical - Reorder Now
P2578,2028-04-27,S8,368,20,14,91,Yes,Medium,No,280,212.14,492.14,632.14,264.14,18.4,19.28,Low,Critical - Reorder Now
P2579,2028-04-28,S11,300,92,3,89,Yes,High,Yes,276,99.14,375.14,1019.14,719.14,3.26,67.26,Medium,Critical - Reorder Now
P2580,2028-04-29,S3,67,109,12,85,Yes,Medium,Yes,1308,202.04,1510.04,2273.04,2206.04,0.61,65.54,Medium,Critical - Reorder Now
P2581,2028-04-30,S6,6,72,4,95,Yes,Low,No,288,111.22,399.22,903.22,897.22,0.08,24.42,Low,Critical - Reorder Now
P2582,2028-05-01,S9,304,19,12,93,Yes,High,No,228,194.52,422.52,555.52,251.52,16.0,11.64,Low,Critical - Reorder Now
P2583,2028-05-02,S6,136,93,13,68,Yes,Low,No,1209,226.92,1435.92,2086.92,1950.92,1.46,19.53,Low,Critical - Reorder Now
P2584,2028-05-03,S9,163,112,2,71,No,Low,Yes,224,87.85,311.85,1095.85,932.85,1.46,70.85,High,Critical - Reorder Now
P2585,2028-05-04,S7,82,59,2,61,No,Medium,No,118,91.69,209.69,622.69,540.69,1.39,25.3,Low,Critical - Reorder Now
P2586,2028-05-05,S9,384,39,7,97,Yes,Medium,Yes,273,145.7,418.7,691.7,307.7,9.85,71.0,High,Critical - Reorder Now
P2587,2028-05-06,S18,137,59,13,64,No,Medium,No,767,230.83,997.83,1410.83,1273.83,2.32,28.4,Low,Critical - Reorder Now
P2588,2028-05-07,S12,419,18,1,64,Yes,High,No,18,64.02,82.02,208.02,0.0,23.28,22.66,Low,Overstock
P2589,2028-05-08,S8,72,53,7,81,No,High,No,371,157.18,528.18,899.18,827.18,1.36,18.35,Low,Critical - Reorder Now
P2590,2028-05-09,S8,236,87,14,64,Yes,Medium,Yes,1218,239.54,1457.54,2066.54,1830.54,2.71,68.42,Medium,Critical - Reorder Now
P2591,2028-05-10,S18,45,106,12,63,No,High,No,1272,222.71,1494.71,2236.71,2191.71,0.42,19.91,Low,Critical - Reorder Now
P2592,2028-05-11,S20,105,104,14,68,Yes,High,No,1456,235.48,1691.48,2419.48,2314.48,1.01,26.15,Low,Critical - Reorder Now
P2593,2028-05-12,S15,415,11,12,88,No,Medium,No,132,199.22,331.22,408.22,0.0,37.73,16.88,Low,Healthy
P2594,2028-05-13,S7,287,34,14,81,Yes,Low,No,476,222.29,698.29,936.29,649.29,8.44,18.48,Low,Critical - Reorder Now
P2595,2028-05-14,S11,261,87,1,86,No,High,No,87,58.05,145.05,754.05,493.05,3.0,19.95,Low,Low Stock
P2596,2028-05-15,S20,175,53,14,69,No,High,No,742,234.47,976.47,1347.47,1172.47,3.3,19.76,Low,Critical - Reorder Now
P2597,2028-05-16,S16,165,93,6,75,No,Low,No,558,149.51,707.51,1358.51,1193.51,1.77,29.15,Low,Critical - Reorder Now
P2598,2028-05-17,S4,144,20,3,69,No,Low,No,60,108.54,168.54,308.54,164.54,7.2,26.55,Low,Critical - Reorder Now
P2599,2028-05-18,S6,329,115,8,65,No,Low,No,920,180.31,1100.31,1905.31,1576.31,2.86,7.88,Low,Critical - Reorder Now
P2600,2028-05-19,S3,369,108,6,64,Yes,Medium,No,648,156.82,804.82,1560.82,1191.82,3.42,8.01,Low,Critical - Reorder Now
P2601,2028-05-20,S9,282,55,11,65,Yes,Low,Yes,605,211.43,816.43,1201.43,919.43,5.13,68.01,Medium,Critical - Reorder Now
P2602,2028-05-21,S10,53,76,2,84,No,Medium,No,152,82.87,234.87,766.87,713.87,0.7,29.69,Low,Critical - Reorder Now
P2603,2028-05-22,S14,177,86,8,63,Yes,Low,Yes,688,181.85,869.85,1471.85,1294.85,2.06,20.11,Low,Critical - Reorder Now
P2604,2028-05-23,S11,418,96,5,99,No,Low,No,480,121.92,601.92,1273.92,855.92,4.35,23.43,Low,Critical - Reorder Now
P2605,2028-05-24,S18,243,84,8,91,Yes,Medium,No,672,160.36,832.36,1420.36,1177.36,2.89,17.56,Low,Critical - Reorder Now
P2606,2028-05-25,S12,340,87,8,94,No,Medium,No,696,158.06,854.06,1463.06,1123.06,3.91,7.59,Low,Critical - Reorder Now
P2607,2028-05-26,S12,126,46,6,69,No,Low,No,276,153.5,429.5,751.5,625.5,2.74,24.94,Low,Critical - Reorder Now
P2608,2028-05-27,S13,408,21,2,93,No,Low,No,42,79.41,121.41,268.41,0.0,19.43,12.73,Low,Overstock
P2609,2028-05-28,S13,411,67,8,95,No,Low,No,536,157.29,693.29,1162.29,751.29,6.13,12.48,Low,Critical - Reorder Now
P2610,2028-05-29,S19,366,49,11,65,Yes,High,No,539,211.43,750.43,1093.43,727.43,7.47,13.47,Low,Critical - Reorder Now
P2611,2028-05-30,S19,270,81,6,75,No,Low,No,486,149.51,635.51,1202.51,932.51,3.33,15.53,Low,Critical - Reorder Now
P2612,2028-05-31,S14,131,11,6,78,Yes,Medium,Yes,66,147.52,213.52,290.52,159.52,11.91,59.87,Medium,Critical - Reorder Now
P2613,2028-06-01,S4,92,31,8,93,No,High,No,248,158.83,406.83,623.83,531.83,2.97,45.77,Medium,Critical - Reorder Now
P2614,2028-06-02,S13,378,14,1,84,No,Medium,No,14,58.6,72.6,170.6,0.0,27.0,16.39,Low,Overstock
P2615,2028-06-03,S8,72,38,2,90,No,High,No,76,80.56,156.56,422.56,350.56,1.89,12.65,Low,Critical - Reorder Now
P2616,2028-06-04,S19,410,40,12,76,No,High,No,480,210.5,690.5,970.5,560.5,10.25,29.5,Low,Critical - Reorder Now
P2617,2028-06-05,S12,409,29,12,89,Yes,Medium,No,348,198.28,546.28,749.28,340.28,14.1,16.14,Low,Critical - Reorder Now
P2618,2028-06-06,S18,402,10,9,98,No,High,No,90,164.39,254.39,324.39,0.0,40.2,4.29,Low,Overstock
P2619,2028-06-07,S6,247,28,11,90,No,Medium,No,308,188.94,496.94,692.94,445.94,8.82,27.56,Low,Critical - Reorder Now
P2620,2028-06-08,S18,347,22,12,78,No,Low,No,264,208.62,472.62,626.62,279.62,15.77,28.04,Low,Critical - Reorder Now
P2621,2028-06-09,S19,272,91,8,94,Yes,High,Yes,728,158.06,886.06,1523.06,1251.06,2.99,65.61,Medium,Critical - Reorder Now
P2622,2028-06-10,S5,42,10,12,88,No,Medium,No,120,199.22,319.22,389.22,347.22,4.2,9.69,Low,Critical - Reorder Now
P2623,2028-06-11,S9,376,33,7,60,Yes,High,No,231,172.25,403.25,634.25,258.25,11.39,26.38,Low,Critical - Reorder Now
P2624,2028-06-12,S3,40,29,7,63,No,Medium,No,203,170.1,373.1,576.1,536.1,1.38,20.21,Low,Critical - Reorder Now
P2625,2028-06-13,S10,169,59,5,87,Yes,Low,No,295,129.2,424.2,837.2,668.2,2.86,24.01,Low,Critical - Reorder Now
P2626,2028-06-14,S19,433,85,2,77,No,Low,Yes,170,85.55,255.55,850.55,417.55,5.09,61.12,Medium,Low Stock
P2627,2028-06-15,S3,211,50,11,85,Yes,High,No,550,193.44,743.44,1093.44,882.44,4.22,45.76,Medium,Critical - Reorder Now
P2628,2028-06-16,S15,492,28,6,99,No,High,No,168,133.56,301.56,497.56,5.56,17.57,18.72,Low,Low Stock
P2629,2028-06-17,S1,167,79,10,78,Yes,Medium,Yes,790,190.44,980.44,1533.44,1366.44,2.11,66.12,Medium,Critical - Reorder Now
P2630,2028-06-18,S7,38,30,3,65,No,Medium,No,90,110.42,200.42,410.42,372.42,1.27,20.26,Low,Critical - Reorder Now
P2631,2028-06-19,S12,368,119,4,60,Yes,High,No,476,130.21,606.21,1439.21,1071.21,3.09,31.99,Low,Critical - Reorder Now
P2632,2028-06-20,S17,244,102,13,67,No,Medium,No,1326,227.9,1553.9,2267.9,2023.9,2.39,23.1,Low,Critical - Reorder Now
P2633,2028-06-21,S20,150,32,10,92,Yes,Medium,Yes,320,178.43,498.43,722.43,572.43,4.69,65.28,Medium,Critical - Reorder Now
P2634,2028-06-22,S5,110,7,12,80,No,Medium,Yes,84,206.74,290.74,339.74,229.74,15.71,36.84,Low,Critical - Reorder Now
P2635,2028-06-23,S4,479,79,11,83,Yes,High,No,869,195.24,1064.24,1617.24,1138.24,6.06,12.79,Low,Critical - Reorder Now
P2636,2028-06-24,S12,435,42,2,84,Yes,Low,No,84,82.87,166.87,460.87,25.87,10.36,28.66,Low,Low Stock
P2637,2028-06-25,S20,46,65,14,78,No,Low,No,910,225.33,1135.33,1590.33,1544.33,0.71,10.14,Low,Critical - Reorder Now
P2638,2028-06-26,S18,62,82,2,88,Yes,Medium,Yes,164,81.33,245.33,819.33,757.33,0.76,43.85,Medium,Critical - Reorder Now
P2639,2028-06-27,S17,224,55,12,69,Yes,High,No,660,217.08,877.08,1262.08,1038.08,4.07,32.89,Low,Critical - Reorder Now
P2640,2028-06-28,S19,365,94,8,71,No,Medium,No,752,175.71,927.71,1585.71,1220.71,3.88,15.34,Low,Critical - Reorder Now
P2641,2028-06-29,S9,68,52,8,92,No,Low,Yes,416,159.59,575.59,939.59,871.59,1.31,72.99,High,Critical - Reorder Now
P2642,2028-06-30,S4,298,25,10,66,No,Medium,No,250,200.74,450.74,625.74,327.74,11.92,24.69,Low,Critical - Reorder Now
P2643,2028-07-01,S2,431,58,6,76,Yes,Low,No,348,148.84,496.84,902.84,471.84,7.43,33.58,Low,Critical - Reorder Now
P2644,2028-07-02,S4,289,60,13,69,Yes,High,Yes,780,225.94,1005.94,1425.94,1136.94,4.82,72.81,High,Critical - Reorder Now
P2645,2028-07-03,S2,295,107,5,90,No,Medium,Yes,535,127.38,662.38,1411.38,1116.38,2.76,62.78,Medium,Critical - Reorder Now
P2646,2028-07-04,S15,202,98,8,65,Yes,High,No,784,180.31,964.31,1650.31,1448.31,2.06,19.75,Low,Critical - Reorder Now
P2647,2028-07-05,S2,60,63,4,76,No,Medium,Yes,252,121.53,373.53,814.53,754.53,0.95,59.8,Medium,Critical - Reorder Now
P2648,2028-07-06,S4,433,76,11,96,Yes,Medium,Yes,836,183.54,1019.54,1551.54,1118.54,5.7,64.62,Medium,Critical - Reorder Now
P2649,2028-07-07,S6,450,55,4,77,No,Medium,No,220,120.99,340.99,725.99,275.99,8.18,36.16,Low,Low Stock
P2650,2028-07-08,S7,317,24,5,85,No,Medium,Yes,120,130.42,250.42,418.42,101.42,13.21,68.78,Medium,Low Stock
P2651,2028-07-09,S10,313,116,1,75,No,Medium,No,116,61.04,177.04,989.04,676.04,2.7,25.8,Low,Low Stock
P2652,2028-07-10,S19,160,100,1,67,Yes,High,Yes,100,63.21,163.21,863.21,703.21,1.6,55.43,Medium,Critical - Reorder Now
P2653,2028-07-11,S19,330,90,2,83,No,High,No,180,83.25,263.25,893.25,563.25,3.67,11.31,Low,Low Stock
P2654,2028-07-12,S12,15,63,14,72,Yes,Low,No,882,231.42,1113.42,1554.42,1539.42,0.24,14.2,Low,Critical - Reorder Now
P2655,2028-07-13,S3,337,75,8,88,No,Medium,No,600,162.66,762.66,1287.66,950.66,4.49,21.18,Low,Critical - Reorder Now
P2656,2028-07-14,S13,93,13,7,91,No,Low,No,91,150.0,241.0,332.0,239.0,7.15,27.67,Low,Critical - Reorder Now
P2657,2028-07-15,S18,303,113,10,83,Yes,High,Yes,1130,186.15,1316.15,2107.15,1804.15,2.68,69.73,Medium,Critical - Reorder Now
P2658,2028-07-16,S8,137,5,9,75,No,Low,No,45,183.11,228.11,263.11,126.11,27.4,29.82,Low,Critical - Reorder Now
P2659,2028-07-17,S15,337,33,5,70,No,High,Yes,165,139.52,304.52,535.52,198.52,10.21,58.92,Medium,Low Stock
P2660,2028-07-18,S1,37,67,2,91,Yes,Medium,Yes,134,80.18,214.18,683.18,646.18,0.55,33.01,Low,Critical - Reorder Now
P2661,2028-07-19,S3,126,76,7,65,No,Low,No,532,168.67,700.67,1232.67,1106.67,1.66,15.9,Low,Critical - Reorder Now
P2662,2028-07-20,S8,274,60,8,94,Yes,Low,No,480,158.06,638.06,1058.06,784.06,4.57,29.47,Low,Critical - Reorder Now
P2663,2028-07-21,S4,163,72,12,92,No,Low,No,864,195.46,1059.46,1563.46,1400.46,2.26,18.52,Low,Critical - Reorder Now
P2664,2028-07-22,S16,442,39,7,77,No,Low,Yes,273,160.05,433.05,706.05,264.05,11.33,67.56,Medium,Low Stock
P2665,2028-07-23,S10,318,7,14,96,No,Medium,No,98,207.06,305.06,354.06,36.06,45.43,4.7,Low,Low Stock
P2666,2028-07-24,S12,76,113,7,72,Yes,High,Yes,791,163.64,954.64,1745.64,1669.64,0.67,41.16,Medium,Critical - Reorder Now
P2667,2028-07-25,S14,173,108,12,69,No,High,No,1296,217.08,1513.08,2269.08,2096.08,1.6,27.66,Low,Critical - Reorder Now
P2668,2028-07-26,S14,386,11,14,96,No,Medium,No,154,207.06,361.06,438.06,52.06,35.09,6.16,Low,Low Stock
P2669,2028-07-27,S2,457,31,5,85,No,High,No,155,130.42,285.42,502.42,45.42,14.74,39.96,Low,Low Stock
P2670,2028-07-28,S5,357,5,2,76,No,Low,No,10,85.94,95.94,130.94,0.0,71.4,19.97,Low,Overstock
P2671,2028-07-29,S5,320,95,6,60,No,Medium,No,570,159.48,729.48,1394.48,1074.48,3.37,23.09,Low,Critical - Reorder Now
P2672,2028-07-30,S6,375,84,4,84,No,High,No,336,117.19,453.19,1041.19,666.19,4.46,16.55,Low,Critical - Reorder Now
P2673,2028-07-31,S13,90,106,10,93,No,Medium,No,1060,177.57,1237.57,1979.57,1889.57,0.85,48.62,Medium,Critical - Reorder Now
P2674,2028-08-01,S9,237,75,2,98,Yes,Medium,No,150,77.5,227.5,752.5,515.5,3.16,17.51,Low,Low Stock
P2675,2028-08-02,S15,263,48,12,69,No,High,No,576,217.08,793.08,1129.08,866.08,5.48,29.96,Low,Critical - Reorder Now
P2676,2028-08-03,S14,178,91,9,79,Yes,High,No,819,179.86,998.86,1635.86,1457.86,1.96,34.51,Low,Critical - Reorder Now
P2677,2028-08-04,S7,493,45,7,66,Yes,Medium,No,315,167.95,482.95,797.95,304.95,10.96,20.85,Low,Low Stock
P2678,2028-08-05,S20,489,79,6,75,No,Medium,Yes,474,149.51,623.51,1176.51,687.51,6.19,29.46,Low,Critical - Reorder Now
P2679,2028-08-06,S2,208,46,12,96,No,High,No,552,191.7,743.7,1065.7,857.7,4.52,8.6,Low,Critical - Reorder Now
P2680,2028-08-07,S7,72,37,5,88,No,Medium,No,185,128.6,313.6,572.6,500.6,1.95,27.16,Low,Critical - Reorder Now
P2681,2028-08-08,S6,389,54,3,71,No,High,No,162,107.6,269.6,647.6,258.6,7.2,13.46,Low,Low Stock
P2682,2028-08-09,S17,106,67,12,76,No,Medium,Yes,804,210.5,1014.5,1483.5,1377.5,1.58,65.41,Medium,Critical - Reorder Now
P2683,2028-08-10,S2,344,104,10,79,No,Medium,Yes,1040,189.58,1229.58,1957.58,1613.58,3.31,75.59,High,Critical - Reorder Now
P2684,2028-08-11,S3,294,41,10,85,No,Medium,No,410,184.44,594.44,881.44,587.44,7.17,28.8,Low,Critical - Reorder Now
P2685,2028-08-12,S5,368,109,4,78,Yes,High,No,436,120.45,556.45,1319.45,951.45,3.38,20.25,Low,Critical - Reorder Now
P2686,2028-08-13,S5,443,63,3,71,Yes,Low,No,189,107.6,296.6,737.6,294.6,7.03,30.02,Low,Low Stock
P2687,2028-08-14,S1,283,85,12,80,Yes,High,Yes,1020,206.74,1226.74,1821.74,1538.74,3.33,68.37,Medium,Critical - Reorder Now
P2688,2028-08-15,S8,352,103,11,93,No,Medium,No,1133,186.24,1319.24,2040.24,1688.24,3.42,29.42,Low,Critical - Reorder Now
P2689,2028-08-16,S12,181,52,8,66,No,Low,Yes,416,179.54,595.54,959.54,778.54,3.48,69.73,Medium,Critical - Reorder Now
P2690,2028-08-17,S4,36,9,3,94,Yes,Low,Yes,27,96.79,123.79,186.79,150.79,4.0,31.96,Low,Critical - Reorder Now
P2691,2028-08-18,S13,136,52,7,74,No,Medium,Yes,364,162.21,526.21,890.21,754.21,2.62,68.36,Medium,Critical - Reorder Now
P2692,2028-08-19,S15,337,100,7,60,Yes,High,No,700,172.25,872.25,1572.25,1235.25,3.37,35.66,Low,Critical - Reorder Now
P2693,2028-08-20,S11,55,7,7,85,Yes,Low,No,49,154.31,203.31,252.31,197.31,7.86,24.91,Low,Critical - Reorder Now
P2694,2028-08-21,S10,186,51,13,94,No,Low,No,663,201.49,864.49,1221.49,1035.49,3.65,3.69,Low,Critical - Reorder Now
P2695,2028-08-22,S3,340,66,7,84,No,High,No,462,155.03,617.03,1079.03,739.03,5.15,17.07,Low,Critical - Reorder Now
P2696,2028-08-23,S14,257,103,14,74,Yes,High,No,1442,229.39,1671.39,2392.39,2135.39,2.5,18.29,Low,Critical - Reorder Now
P2697,2028-08-24,S16,444,18,2,81,No,Low,No,36,84.02,120.02,246.02,0.0,24.67,12.53,Low,Overstock
P2698,2028-08-25,S10,57,67,10,65,No,High,No,670,201.59,871.59,1340.59,1283.59,0.85,8.07,Low,Critical - Reorder Now
P2699,2028-08-26,S10,362,116,3,74,No,Low,No,348,106.19,454.19,1266.19,904.19,3.12,10.71,Low,Critical - Reorder Now
P2700,2028-08-27,S12,122,65,10,83,Yes,Medium,No,650,186.15,836.15,1291.15,1169.15,1.88,23.06,Low,Critical - Reorder Now
P2701,2028-08-28,S9,187,35,9,80,No,High,No,315,179.04,494.04,739.04,552.04,5.34,31.42,Low,Critical - Reorder Now
P2702,2028-08-29,S1,229,99,3,66,Yes,Low,No,297,109.95,406.95,1099.95,870.95,2.31,26.97,Low,Critical - Reorder Now
P2703,2028-08-30,S5,167,21,2,88,No,High,No,42,81.33,123.33,270.33,103.33,7.95,19.42,Low,Low Stock
P2704,2028-08-31,S20,419,28,9,91,No,High,No,252,170.09,422.09,618.09,199.09,14.96,25.44,Low,Critical - Reorder Now
P2705,2028-09-01,S8,113,27,13,91,No,Low,Yes,351,204.42,555.42,744.42,631.42,4.19,39.81,Low,Critical - Reorder Now
P2706,2028-09-02,S11,251,86,10,64,Yes,Medium,No,860,202.45,1062.45,1664.45,1413.45,2.92,36.15,Low,Critical - Reorder Now
P2707,2028-09-03,S12,106,54,9,63,Yes,Low,No,486,192.88,678.88,1056.88,950.88,1.96,7.97,Low,Critical - Reorder Now
P2708,2028-09-04,S1,36,82,4,81,Yes,High,Yes,328,118.82,446.82,1020.82,984.82,0.44,10.24,Low,Critical - Reorder Now
P2709,2028-09-05,S20,334,118,14,77,No,Low,No,1652,226.35,1878.35,2704.35,2370.35,2.83,12.41,Low,Critical - Reorder Now
P2710,2028-09-06,S11,91,83,12,94,Yes,High,No,996,193.58,1189.58,1770.58,1679.58,1.1,33.14,Low,Critical - Reorder Now
P2711,2028-09-07,S5,17,83,9,76,Yes,Low,No,747,182.3,929.3,1510.3,1493.3,0.2,16.21,Low,Critical - Reorder Now
P2712,2028-09-08,S15,353,74,3,83,No,Medium,No,222,101.96,323.96,841.96,488.96,4.77,10.82,Low,Low Stock
P2713,2028-09-09,S5,62,31,7,61,No,Medium,No,217,171.54,388.54,605.54,543.54,2.0,25.9,Low,Critical - Reorder Now
P2714,2028-09-10,S12,149,19,7,72,No,Medium,Yes,133,163.64,296.64,429.64,280.64,7.84,74.11,High,Critical - Reorder Now
P2715,2028-09-11,S5,138,54,11,74,Yes,Medium,No,594,203.34,797.34,1175.34,1037.34,2.56,25.67,Low,Critical - Reorder Now
P2716,2028-09-12,S17,185,40,8,64,No,Low,Yes,320,181.08,501.08,781.08,596.08,4.62,78.62,High,Critical - Reorder Now
P2717,2028-09-13,S17,184,12,10,62,No,Medium,Yes,120,204.17,324.17,408.17,224.17,15.33,65.73,Medium,Critical - Reorder Now
P2718,2028-09-14,S12,204,83,4,96,No,Low,Yes,332,110.68,442.68,1023.68,819.68,2.46,17.72,Low,Critical - Reorder Now
P2719,2028-09-15,S15,259,7,3,96,Yes,High,Yes,21,95.85,116.85,165.85,0.0,37.0,55.45,Medium,Overstock
P2720,2028-09-16,S15,213,66,3,96,No,High,No,198,95.85,293.85,755.85,542.85,3.23,8.72,Low,Critical - Reorder Now
P2721,2028-09-17,S6,255,51,12,62,No,High,No,612,223.65,835.65,1192.65,937.65,5.0,19.59,Low,Critical - Reorder Now
P2722,2028-09-18,S12,134,81,5,94,No,Medium,No,405,124.96,529.96,1096.96,962.96,1.65,17.24,Low,Critical - Reorder Now
P2723,2028-09-19,S20,60,109,11,82,No,Medium,No,1199,196.14,1395.14,2158.14,2098.14,0.55,14.03,Low,Critical - Reorder Now
P2724,2028-09-20,S18,362,102,14,87,Yes,Medium,No,1428,216.2,1644.2,2358.2,1996.2,3.55,43.82,Medium,Critical - Reorder Now
P2725,2028-09-21,S14,309,92,1,89,Yes,High,No,92,57.24,149.24,793.24,484.24,3.36,52.78,Medium,Low Stock
P2726,2028-09-22,S2,87,108,10,77,No,High,No,1080,191.3,1271.3,2027.3,1940.3,0.81,20.93,Low,Critical - Reorder Now
P2727,2028-09-23,S9,323,100,3,95,No,High,No,300,96.32,396.32,1096.32,773.32,3.23,33.38,Low,Critical - Reorder Now
P2728,2028-09-24,S5,475,65,14,92,No,High,No,910,211.12,1121.12,1576.12,1101.12,7.31,55.67,Medium,Critical - Reorder Now
P2729,2028-09-25,S20,206,36,6,85,No,Low,Yes,216,142.86,358.86,610.86,404.86,5.72,78.09,High,Critical - Reorder Now
P2730,2028-09-26,S1,128,98,3,99,No,Low,No,294,94.44,388.44,1074.44,946.44,1.31,22.79,Low,Critical - Reorder Now
P2731,2028-09-27,S3,310,117,5,76,No,Medium,No,585,135.88,720.88,1539.88,1229.88,2.65,30.03,Low,Critical - Reorder Now
P2732,2028-09-28,S6,2,17,9,99,Yes,Medium,No,153,163.58,316.58,435.58,433.58,0.12,23.48,Low,Critical - Reorder Now
P2733,2028-09-29,S5,461,5,2,66,No,High,No,10,89.77,99.77,134.77,0.0,92.2,12.71,Low,Overstock
P2734,2028-09-30,S5,421,38,11,67,Yes,Low,Yes,418,209.63,627.63,893.63,472.63,11.08,62.79,Medium,Critical - Reorder Now
P2735,2028-10-01,S1,241,66,2,90,Yes,Low,Yes,132,80.56,212.56,674.56,433.56,3.65,64.48,Medium,Low Stock
P2736,2028-10-02,S17,120,83,12,71,No,Medium,No,996,215.2,1211.2,1792.2,1672.2,1.45,44.96,Medium,Critical - Reorder Now
P2737,2028-10-03,S19,384,112,6,90,No,Low,No,672,139.54,811.54,1595.54,1211.54,3.43,18.64,Low,Critical - Reorder Now
P2738,2028-10-04,S14,101,82,6,78,No,Medium,No,492,147.52,639.52,1213.52,1112.52,1.23,4.72,Low,Critical - Reorder Now
P2739,2028-10-05,S12,37,97,11,69,No,High,No,1067,207.83,1274.83,1953.83,1916.83,0.38,22.86,Low,Critical - Reorder Now
P2740,2028-10-06,S10,340,102,11,98,No,High,Yes,1122,181.74,1303.74,2017.74,1677.74,3.33,57.45,Medium,Critical - Reorder Now
P2741,2028-10-07,S20,495,86,8,71,Yes,Medium,No,688,175.71,863.71,1465.71,970.71,5.76,16.42,Low,Critical - Reorder Now
P2742,2028-10-08,S18,412,75,12,79,No,High,No,900,207.68,1107.68,1632.68,1220.68,5.49,19.18,Low,Critical - Reorder Now
P2743,2028-10-09,S11,132,97,13,96,No,High,No,1261,199.53,1460.53,2139.53,2007.53,1.36,30.45,Low,Critical - Reorder Now
P2744,2028-10-10,S2,496,35,11,66,No,Low,Yes,385,210.53,595.53,840.53,344.53,14.17,69.3,Medium,Critical - Reorder Now
P2745,2028-10-11,S18,201,68,14,73,Yes,Low,No,952,230.41,1182.41,1658.41,1457.41,2.96,17.97,Low,Critical - Reorder Now
P2746,2028-10-12,S7,347,29,2,70,Yes,Low,No,58,88.24,146.24,349.24,2.24,11.97,26.95,Low,Low Stock
P2747,2028-10-13,S15,20,42,9,66,No,Low,Yes,378,190.43,568.43,862.43,842.43,0.48,38.24,Low,Critical - Reorder Now
P2748,2028-10-14,S11,241,18,2,88,No,Low,No,36,81.33,117.33,243.33,2.33,13.39,12.65,Low,Low Stock
P2749,2028-10-15,S18,454,12,13,69,No,Medium,No,156,225.94,381.94,465.94,11.94,37.83,14.07,Low,Low Stock
P2750,2028-10-16,S12,450,95,1,88,No,Medium,No,95,57.51,152.51,817.51,367.51,4.74,13.86,Low,Low Stock
P2751,2028-10-17,S6,108,58,10,68,No,Low,No,580,199.02,779.02,1185.02,1077.02,1.86,33.29,Low,Critical - Reorder Now
P2752,2028-10-18,S20,302,6,2,95,No,High,No,12,78.65,90.65,132.65,0.0,50.33,14.94,Low,Overstock
P2753,2028-10-19,S13,83,85,12,69,No,High,No,1020,217.08,1237.08,1832.08,1749.08,0.98,19.96,Low,Critical - Reorder Now
P2754,2028-10-20,S20,82,105,7,78,No,Medium,No,735,159.34,894.34,1629.34,1547.34,0.78,14.28,Low,Critical - Reorder Now
P2755,2028-10-21,S16,290,82,8,90,Yes,Medium,No,656,161.13,817.13,1391.13,1101.13,3.54,25.26,Low,Critical - Reorder Now
P2756,2028-10-22,S18,451,93,5,76,No,Medium,Yes,465,135.88,600.88,1251.88,800.88,4.85,46.27,Medium,Critical - Reorder Now
P2757,2028-10-23,S10,68,60,6,68,No,High,No,360,154.16,514.16,934.16,866.16,1.13,15.34,Low,Critical - Reorder Now
P2758,2028-10-24,S8,128,98,12,92,No,Medium,No,1176,195.46,1371.46,2057.46,1929.46,1.31,27.95,Low,Critical - Reorder Now
P2759,2028-10-25,S18,195,97,1,93,Yes,High,Yes,97,56.15,153.15,832.15,637.15,2.01,36.17,Low,Low Stock
P2760,2028-10-26,S1,139,88,6,83,No,Medium,No,528,144.19,672.19,1288.19,1149.19,1.58,8.61,Low,Critical - Reorder Now
P2761,2028-10-27,S8,443,89,12,68,No,High,No,1068,218.02,1286.02,1909.02,1466.02,4.98,9.42,Low,Critical - Reorder Now
P2762,2028-10-28,S6,282,65,8,66,No,Medium,No,520,179.54,699.54,1154.54,872.54,4.34,18.56,Low,Critical - Reorder Now
P2763,2028-10-29,S5,311,26,13,75,Yes,Medium,No,338,220.07,558.07,740.07,429.07,11.96,18.78,Low,Critical - Reorder Now
P2764,2028-10-30,S15,233,39,3,78,No,High,No,117,104.31,221.31,494.31,261.31,5.97,12.57,Low,Low Stock
P2765,2028-10-31,S15,22,105,11,98,No,Medium,No,1155,181.74,1336.74,2071.74,2049.74,0.21,31.13,Low,Critical - Reorder Now
P2766,2028-11-01,S2,152,20,1,65,No,Low,No,20,63.75,83.75,223.75,71.75,7.6,62.57,Medium,Low Stock
P2767,2028-11-02,S1,276,54,11,70,Yes,High,Yes,594,206.93,800.93,1178.93,902.93,5.11,57.95,Medium,Critical - Reorder Now
P2768,2028-11-03,S11,60,117,4,71,No,Medium,Yes,468,124.24,592.24,1411.24,1351.24,0.51,72.58,High,Critical - Reorder Now
P2769,2028-11-04,S10,318,47,1,72,Yes,High,Yes,47,61.85,108.85,437.85,119.85,6.77,66.63,Medium,Low Stock
P2770,2028-11-05,S18,377,21,14,71,Yes,Medium,No,294,232.44,526.44,673.44,296.44,17.95,18.15,Low,Critical - Reorder Now
P2771,2028-11-06,S18,51,84,8,80,No,Low,No,672,168.8,840.8,1428.8,1377.8,0.61,14.33,Low,Critical - Reorder Now
P2772,2028-11-07,S17,343,62,5,69,No,Medium,No,310,140.12,450.12,884.12,541.12,5.53,25.89,Low,Critical - Reorder Now
P2773,2028-11-08,S8,152,6,1,79,No,Medium,No,6,59.95,65.95,107.95,0.0,25.33,18.68,Low,Overstock
P2774,2028-11-09,S15,236,8,14,95,No,Low,No,112,208.08,320.08,376.08,140.08,29.5,5.64,Low,Critical - Reorder Now
P2775,2028-11-10,S8,310,89,8,87,Yes,High,No,712,163.43,875.43,1498.43,1188.43,3.48,27.89,Low,Critical - Reorder Now
P2776,2028-11-11,S17,301,43,9,83,No,Medium,No,387,176.6,563.6,864.6,563.6,7.0,30.6,Low,Critical - Reorder Now
P2777,2028-11-12,S12,31,102,10,64,Yes,Medium,No,1020,202.45,1222.45,1936.45,1905.45,0.3,24.42,Low,Critical - Reorder Now
P2778,2028-11-13,S8,54,98,2,96,No,Low,No,196,78.26,274.26,960.26,906.26,0.55,25.24,Low,Critical - Reorder Now
P2779,2028-11-14,S14,351,10,9,71,No,High,No,90,186.37,276.37,346.37,0.0,35.1,11.29,Low,Healthy
P2780,2028-11-15,S4,388,85,8,94,No,High,No,680,158.06,838.06,1433.06,1045.06,4.56,18.38,Low,Critical - Reorder Now
P2781,2028-11-16,S1,35,107,7,99,No,Low,No,749,144.26,893.26,1642.26,1607.26,0.33,27.17,Low,Critical - Reorder Now
P2782,2028-11-17,S1,109,93,3,61,No,Low,Yes,279,112.3,391.3,1042.3,933.3,1.17,26.08,Low,Critical - Reorder Now
P2783,2028-11-18,S19,489,73,2,98,No,Medium,Yes,146,77.5,223.5,734.5,245.5,6.7,33.48,Low,Low Stock
P2784,2028-11-19,S16,176,73,7,68,Yes,Low,No,511,166.51,677.51,1188.51,1012.51,2.41,12.98,Low,Critical - Reorder Now
P2785,2028-11-20,S14,361,24,5,81,Yes,Low,No,120,132.84,252.84,420.84,59.84,15.04,23.18,Low,Low Stock
P2786,2028-11-21,S16,313,68,6,64,No,Low,No,408,156.82,564.82,1040.82,727.82,4.6,12.3,Low,Critical - Reorder Now
P2787,2028-11-22,S5,294,20,4,71,No,High,No,80,124.24,204.24,344.24,50.24,14.7,9.34,Low,Low Stock
P2788,2028-11-23,S9,335,55,2,60,Yes,Low,No,110,92.07,202.07,587.07,252.07,6.09,13.34,Low,Low Stock
P2789,2028-11-24,S2,96,109,9,81,Yes,Medium,No,981,178.23,1159.23,1922.23,1826.23,0.88,15.76,Low,Critical - Reorder Now
P2790,2028-11-25,S18,368,41,3,97,No,Medium,No,123,95.38,218.38,505.38,137.38,8.98,18.87,Low,Low Stock
P2791,2028-11-26,S6,212,108,12,78,No,Medium,No,1296,208.62,1504.62,2260.62,2048.62,1.96,8.07,Low,Critical - Reorder Now
P2792,2028-11-27,S9,316,77,14,75,Yes,Low,No,1078,228.38,1306.38,1845.38,1529.38,4.1,34.45,Low,Critical - Reorder Now
P2793,2028-11-28,S1,136,73,7,90,Yes,High,Yes,511,150.72,661.72,1172.72,1036.72,1.86,66.79,Medium,Critical - Reorder Now
P2794,2028-11-29,S9,5,46,14,62,No,Low,No,644,241.57,885.57,1207.57,1202.57,0.11,29.37,Low,Critical - Reorder Now
P2795,2028-11-30,S16,498,61,8,82,No,Low,No,488,167.27,655.27,1082.27,584.27,8.16,42.65,Medium,Critical - Reorder Now
P2796,2028-12-01,S13,108,70,2,77,Yes,Medium,Yes,140,85.55,225.55,715.55,607.55,1.54,66.14,Medium,Critical - Reorder Now
P2797,2028-12-02,S9,34,13,14,85,Yes,Low,No,182,218.23,400.23,491.23,457.23,2.62,36.68,Low,Critical - Reorder Now
P2798,2028-12-03,S13,38,111,6,72,No,High,No,666,151.5,817.5,1594.5,1556.5,0.34,27.82,Low,Critical - Reorder Now
P2799,2028-12-04,S9,149,104,11,77,No,Medium,Yes,1144,200.64,1344.64,2072.64,1923.64,1.43,26.04,Low,Critical - Reorder Now
P2800,2028-12-05,S11,424,90,8,62,No,High,Yes,720,182.61,902.61,1532.61,1108.61,4.71,16.0,Low,Critical - Reorder Now
P2801,2028-12-06,S4,117,68,7,82,No,High,No,476,156.46,632.46,1108.46,991.46,1.72,13.7,Low,Critical - Reorder Now
P2802,2028-12-07,S2,260,90,11,62,Yes,High,No,990,214.13,1204.13,1834.13,1574.13,2.89,20.77,Low,Critical - Reorder Now
P2803,2028-12-08,S6,425,26,3,84,No,Low,No,78,101.49,179.49,361.49,0.0,16.35,22.37,Low,Healthy
P2804,2028-12-09,S14,86,38,1,86,No,Low,Yes,38,58.05,96.05,362.05,276.05,2.26,80.87,High,Critical - Reorder Now
P2805,2028-12-10,S4,464,59,14,86,Yes,Low,No,826,217.21,1043.21,1456.21,992.21,7.86,41.99,Medium,Critical - Reorder Now
P2806,2028-12-11,S6,75,33,6,98,No,Low,No,198,134.23,332.23,563.23,488.23,2.27,11.6,Low,Critical - Reorder Now
P2807,2028-12-12,S19,470,42,8,84,No,Medium,No,336,165.73,501.73,795.73,325.73,11.19,19.81,Low,Critical - Reorder Now
P2808,2028-12-13,S6,463,114,6,83,Yes,Low,No,684,144.19,828.19,1626.19,1163.19,4.06,25.37,Low,Critical - Reorder Now
P2809,2028-12-14,S2,450,101,5,67,Yes,Medium,Yes,505,141.34,646.34,1353.34,903.34,4.46,37.42,Low,Critical - Reorder Now
P2810,2028-12-15,S18,413,22,11,68,Yes,High,No,242,208.73,450.73,604.73,191.73,18.77,18.54,Low,Critical - Reorder Now
P2811,2028-12-16,S13,312,75,12,96,Yes,Medium,Yes,900,191.7,1091.7,1616.7,1304.7,4.16,42.56,Medium,Critical - Reorder Now
P2812,2028-12-17,S9,382,69,8,89,No,Low,No,552,161.9,713.9,1196.9,814.9,5.54,12.17,Low,Critical - Reorder Now
P2813,2028-12-18,S19,213,101,2,78,No,Medium,No,202,85.17,287.17,994.17,781.17,2.11,22.18,Low,Critical - Reorder Now
P2814,2028-12-19,S13,456,5,12,75,No,Low,No,60,211.44,271.44,306.44,0.0,91.2,27.78,Low,Overstock
P2815,2028-12-20,S11,284,92,1,83,Yes,Low,No,92,58.87,150.87,794.87,510.87,3.09,10.21,Low,Low Stock
P2816,2028-12-21,S1,238,8,1,80,No,Medium,No,8,59.68,67.68,123.68,0.0,29.75,10.4,Low,Overstock
P2817,2028-12-22,S7,164,8,14,95,No,Medium,No,112,208.08,320.08,376.08,212.08,20.5,6.93,Low,Critical - Reorder Now
P2818,2028-12-23,S15,86,86,4,99,No,High,No,344,109.05,453.05,1055.05,969.05,1.0,15.06,Low,Critical - Reorder Now
P2819,2028-12-24,S1,140,31,6,98,Yes,High,No,186,134.23,320.23,537.23,397.23,4.52,10.15,Low,Critical - Reorder Now
P2820,2028-12-25,S12,159,47,13,65,Yes,High,No,611,229.85,840.85,1169.85,1010.85,3.38,44.86,Medium,Critical - Reorder Now
P2821,2028-12-26,S7,45,63,9,64,Yes,High,Yes,567,192.06,759.06,1200.06,1155.06,0.71,14.8,Low,Critical - Reorder Now
P2822,2028-12-27,S15,371,36,1,73,No,High,Yes,36,61.58,97.58,349.58,0.0,10.31,5.27,Low,Healthy
P2823,2028-12-28,S19,494,37,12,63,No,Medium,No,444,222.71,666.71,925.71,431.71,13.35,24.13,Low,Critical - Reorder Now
P2824,2028-12-29,S1,111,32,1,67,No,High,Yes,32,63.21,95.21,319.21,208.21,3.47,29.76,Low,Low Stock
P2825,2028-12-30,S17,406,110,13,83,No,Medium,No,1430,212.25,1642.25,2412.25,2006.25,3.69,20.53,Low,Critical - Reorder Now
P2826,2028-12-31,S17,44,109,13,70,No,High,Yes,1417,224.96,1641.96,2404.96,2360.96,0.4,29.22,Low,Critical - Reorder Now
P2827,2029-01-01,S3,400,59,5,76,No,Low,No,295,135.88,430.88,843.88,443.88,6.78,22.17,Low,Critical - Reorder Now
P2828,2029-01-02,S12,246,104,10,80,No,High,No,1040,188.73,1228.73,1956.73,1710.73,2.37,36.24,Low,Critical - Reorder Now
P2829,2029-01-03,S6,103,64,5,85,No,Low,Yes,320,130.42,450.42,898.42,795.42,1.61,71.59,High,Critical - Reorder Now
P2830,2029-01-04,S11,84,74,5,86,Yes,Medium,No,370,129.81,499.81,1017.81,933.81,1.14,28.48,Low,Critical - Reorder Now
P2831,2029-01-05,S3,449,66,10,75,No,High,No,660,193.02,853.02,1315.02,866.02,6.8,32.71,Low,Critical - Reorder Now
P2832,2029-01-06,S8,484,84,6,85,Yes,Medium,No,504,142.86,646.86,1234.86,750.86,5.76,15.68,Low,Critical - Reorder Now
P2833,2029-01-07,S14,133,38,8,92,Yes,High,No,304,159.59,463.59,729.59,596.59,3.5,20.31,Low,Critical - Reorder Now
P2834,2029-01-08,S14,107,91,3,90,No,Medium,No,273,98.67,371.67,1008.67,901.67,1.18,14.81,Low,Critical - Reorder Now
P2835,2029-01-09,S10,17,118,9,65,No,High,Yes,1062,191.25,1253.25,2079.25,2062.25,0.14,29.67,Low,Critical - Reorder Now
P2836,2029-01-10,S2,93,110,13,67,Yes,High,Yes,1430,227.9,1657.9,2427.9,2334.9,0.85,38.01,Low,Critical - Reorder Now
P2837,2029-01-11,S14,149,92,1,66,No,Low,Yes,92,63.48,155.48,799.48,650.48,1.62,71.41,High,Critical - Reorder Now
P2838,2029-01-12,S9,245,60,4,93,No,Medium,No,240,112.31,352.31,772.31,527.31,4.08,16.41,Low,Critical - Reorder Now
P2839,2029-01-13,S3,288,117,9,73,No,Medium,No,1053,184.74,1237.74,2056.74,1768.74,2.46,32.54,Low,Critical - Reorder Now
P2840,2029-01-14,S8,413,17,14,75,No,Medium,Yes,238,228.38,466.38,585.38,172.38,24.29,67.93,Medium,Critical - Reorder Now
P2841,2029-01-15,S16,208,60,8,68,No,Medium,No,480,178.01,658.01,1078.01,870.01,3.47,20.08,Low,Critical - Reorder Now
P2842,2029-01-16,S2,125,22,10,69,No,Medium,No,220,198.16,418.16,572.16,447.16,5.68,16.01,Low,Critical - Reorder Now
P2843,2029-01-17,S6,234,58,9,76,No,Low,No,522,182.3,704.3,1110.3,876.3,4.03,24.66,Low,Critical - Reorder Now
P2844,2029-01-18,S12,415,81,1,71,No,High,No,81,62.12,143.12,710.12,295.12,5.12,13.07,Low,Low Stock
P2845,2029-01-19,S5,425,117,9,65,Yes,Low,No,1053,191.25,1244.25,2063.25,1638.25,3.63,10.96,Low,Critical - Reorder Now
P2846,2029-01-20,S2,498,105,3,78,No,Medium,No,315,104.31,419.31,1154.31,656.31,4.74,32.76,Low,Low Stock
P2847,2029-01-21,S16,461,47,11,88,Yes,Medium,No,517,190.74,707.74,1036.74,575.74,9.81,29.75,Low,Critical - Reorder Now
P2848,2029-01-22,S5,121,43,12,65,No,High,No,516,220.84,736.84,1037.84,916.84,2.81,28.18,Low,Critical - Reorder Now
P2849,2029-01-23,S15,137,65,10,84,Yes,Low,No,650,185.29,835.29,1290.29,1153.29,2.11,9.59,Low,Critical - Reorder Now
P2850,2029-01-24,S12,494,46,9,83,No,High,No,414,176.6,590.6,912.6,418.6,10.74,48.53,Medium,Critical - Reorder Now
P2851,2029-01-25,S4,114,85,1,84,No,High,No,85,58.6,143.6,738.6,624.6,1.34,13.0,Low,Critical - Reorder Now
P2852,2029-01-26,S15,419,83,1,75,Yes,Low,No,83,61.04,144.04,725.04,306.04,5.05,27.17,Low,Low Stock
P2853,2029-01-27,S11,161,22,9,75,No,High,No,198,183.11,381.11,535.11,374.11,7.32,21.23,Low,Critical - Reorder Now
P2854,2029-01-28,S16,200,27,11,65,Yes,Low,No,297,211.43,508.43,697.43,497.43,7.41,48.58,Medium,Critical - Reorder Now
P2855,2029-01-29,S6,233,58,14,96,No,Low,No,812,207.06,1019.06,1425.06,1192.06,4.02,8.03,Low,Critical - Reorder Now
P2856,2029-01-30,S14,27,119,6,80,No,Medium,No,714,146.19,860.19,1693.19,1666.19,0.23,17.67,Low,Critical - Reorder Now
P2857,2029-01-31,S18,10,34,4,63,Yes,High,No,136,128.58,264.58,502.58,492.58,0.29,19.11,Low,Critical - Reorder Now
P2858,2029-02-01,S12,205,102,7,93,No,Medium,No,714,148.57,862.57,1576.57,1371.57,2.01,38.36,Low,Critical - Reorder Now
P2859,2029-02-02,S11,166,62,5,87,Yes,High,No,310,129.2,439.2,873.2,707.2,2.68,32.43,Low,Critical - Reorder Now
P2860,2029-02-03,S13,246,72,10,97,No,High,No,720,174.14,894.14,1398.14,1152.14,3.42,25.94,Low,Critical - Reorder Now
P2861,2029-02-04,S11,46,71,14,87,No,Medium,No,994,216.2,1210.2,1707.2,1661.2,0.65,35.21,Low,Critical - Reorder Now
P2862,2029-02-05,S16,245,75,7,76,Yes,Medium,No,525,160.77,685.77,1210.77,965.77,3.27,47.9,Medium,Critical - Reorder Now
P2863,2029-02-06,S15,126,22,8,73,No,Medium,No,176,174.17,350.17,504.17,378.17,5.73,18.69,Low,Critical - Reorder Now
P2864,2029-02-07,S15,146,110,8,66,No,Low,No,880,179.54,1059.54,1829.54,1683.54,1.33,29.28,Low,Critical - Reorder Now
P2865,2029-02-08,S4,117,11,1,81,No,High,Yes,11,59.41,70.41,147.41,30.41,10.64,60.66,Medium,Low Stock
P2866,2029-02-09,S11,398,44,8,60,Yes,Low,No,352,184.15,536.15,844.15,446.15,9.05,17.88,Low,Critical - Reorder Now
P2867,2029-02-10,S19,381,74,6,88,No,High,Yes,444,140.87,584.87,1102.87,721.87,5.15,64.01,Medium,Critical - Reorder Now
P2868,2029-02-11,S15,411,90,4,90,Yes,High,No,360,113.94,473.94,1103.94,692.94,4.57,23.71,Low,Critical - Reorder Now
P2869,2029-02-12,S4,151,69,13,89,No,Low,No,897,206.38,1103.38,1586.38,1435.38,2.19,12.06,Low,Critical - Reorder Now
P2870,2029-02-13,S13,71,72,14,74,Yes,Low,No,1008,229.39,1237.39,1741.39,1670.39,0.99,13.93,Low,Critical - Reorder Now
P2871,2029-02-14,S19,362,114,12,77,No,High,Yes,1368,209.56,1577.56,2375.56,2013.56,3.18,75.3,High,Critical - Reorder Now
P2872,2029-02-15,S2,136,53,8,94,Yes,Medium,No,424,158.06,582.06,953.06,817.06,2.57,13.83,Low,Critical - Reorder Now
P2873,2029-02-16,S14,174,56,3,89,No,Medium,No,168,99.14,267.14,659.14,485.14,3.11,17.05,Low,Critical - Reorder Now
P2874,2029-02-17,S4,288,118,13,93,No,Medium,Yes,1534,202.47,1736.47,2562.47,2274.47,2.44,12.09,Low,Critical - Reorder Now
P2875,2029-02-18,S16,445,111,4,70,No,Medium,No,444,124.79,568.79,1345.79,900.79,4.01,32.16,Low,Critical - Reorder Now
P2876,2029-02-19,S20,480,33,6,86,No,High,Yes,198,142.2,340.2,571.2,91.2,14.55,59.8,Medium,Low Stock
P2877,2029-02-20,S14,18,25,11,83,No,Medium,No,275,195.24,470.24,645.24,627.24,0.72,11.18,Low,Critical - Reorder Now
P2878,2029-02-21,S15,194,94,7,94,No,Medium,No,658,147.85,805.85,1463.85,1269.85,2.06,13.16,Low,Critical - Reorder Now
P2879,2029-02-22,S3,329,82,4,98,No,Medium,No,328,109.6,437.6,1011.6,682.6,4.01,20.68,Low,Critical - Reorder Now
P2880,2029-02-23,S8,423,13,4,67,No,High,No,52,126.41,178.41,269.41,0.0,32.54,9.39,Low,Overstock
P2881,2029-02-24,S16,174,51,7,77,No,Low,No,357,160.05,517.05,874.05,700.05,3.41,23.93,Low,Critical - Reorder Now
P2882,2029-02-25,S10,489,80,6,72,No,Medium,No,480,151.5,631.5,1191.5,702.5,6.11,28.37,Low,Critical - Reorder Now
P2883,2029-02-26,S4,448,46,13,83,Yes,High,No,598,212.25,810.25,1132.25,684.25,9.74,34.32,Low,Critical - Reorder Now
P2884,2029-02-27,S18,412,55,11,82,No,High,Yes,605,196.14,801.14,1186.14,774.14,7.49,67.7,Medium,Critical - Reorder Now
P2885,2029-02-28,S2,433,60,8,71,Yes,Medium,No,480,175.71,655.71,1075.71,642.71,7.22,27.3,Low,Critical - Reorder Now
P2886,2029-03-01,S17,353,55,1,89,No,Low,No,55,57.24,112.24,497.24,144.24,6.42,16.18,Low,Low Stock
P2887,2029-03-02,S13,498,74,10,90,No,Low,Yes,740,180.15,920.15,1438.15,940.15,6.73,60.66,Medium,Critical - Reorder Now
P2888,2029-03-03,S4,140,24,13,87,No,Low,Yes,312,208.33,520.33,688.33,548.33,5.83,23.02,Low,Critical - Reorder Now
P2889,2029-03-04,S11,245,92,11,81,Yes,High,Yes,1012,197.04,1209.04,1853.04,1608.04,2.66,37.75,Low,Critical - Reorder Now
P2890,2029-03-05,S7,384,31,7,87,Yes,Medium,No,217,152.88,369.88,586.88,202.88,12.39,25.86,Low,Low Stock
P2891,2029-03-06,S12,417,42,12,72,No,Medium,No,504,214.26,718.26,1012.26,595.26,9.93,18.09,Low,Critical - Reorder Now
P2892,2029-03-07,S10,92,76,7,84,No,High,No,532,155.03,687.03,1219.03,1127.03,1.21,25.97,Low,Critical - Reorder Now
P2893,2029-03-08,S7,431,69,11,66,No,Medium,No,759,210.53,969.53,1452.53,1021.53,6.25,17.19,Low,Critical - Reorder Now
P2894,2029-03-09,S13,238,58,7,65,No,Medium,No,406,168.67,574.67,980.67,742.67,4.1,14.04,Low,Critical - Reorder Now
P2895,2029-03-10,S7,204,117,7,83,No,Low,No,819,155.75,974.75,1793.75,1589.75,1.74,16.91,Low,Critical - Reorder Now
P2896,2029-03-11,S17,47,117,10,78,Yes,Medium,No,1170,190.44,1360.44,2179.44,2132.44,0.4,19.04,Low,Critical - Reorder Now
P2897,2029-03-12,S10,432,28,14,78,No,Medium,No,392,225.33,617.33,813.33,381.33,15.43,37.86,Low,Critical - Reorder Now
P2898,2029-03-13,S10,244,51,10,95,Yes,High,No,510,175.86,685.86,1042.86,798.86,4.78,12.99,Low,Critical - Reorder Now
P2899,2029-03-14,S4,319,75,8,68,No,High,No,600,178.01,778.01,1303.01,984.01,4.25,25.9,Low,Critical - Reorder Now
P2900,2029-03-15,S20,316,87,9,95,Yes,Low,Yes,783,166.83,949.83,1558.83,1242.83,3.63,59.93,Medium,Critical - Reorder Now
P2901,2029-03-16,S4,412,90,9,97,No,High,No,810,165.21,975.21,1605.21,1193.21,4.58,20.36,Low,Critical - Reorder Now
P2902,2029-03-17,S7,294,67,2,99,Yes,Low,No,134,77.11,211.11,680.11,386.11,4.39,20.54,Low,Low Stock
P2903,2029-03-18,S1,127,61,13,88,No,Low,No,793,207.36,1000.36,1427.36,1300.36,2.08,14.8,Low,Critical - Reorder Now
P2904,2029-03-19,S12,343,59,13,83,Yes,Medium,No,767,212.25,979.25,1392.25,1049.25,5.81,27.44,Low,Critical - Reorder Now
P2905,2029-03-20,S13,281,64,7,64,No,Low,No,448,169.38,617.38,1065.38,784.38,4.39,21.91,Low,Critical - Reorder Now
P2906,2029-03-21,S10,16,103,7,85,No,Medium,No,721,154.31,875.31,1596.31,1580.31,0.16,28.29,Low,Critical - Reorder Now
P2907,2029-03-22,S15,70,66,4,73,Yes,Low,No,264,123.16,387.16,849.16,779.16,1.06,28.47,Low,Critical - Reorder Now
P2908,2029-03-23,S13,268,34,9,98,No,High,No,306,164.39,470.39,708.39,440.39,7.88,7.52,Low,Critical - Reorder Now
P2909,2029-03-24,S9,324,97,8,88,No,High,No,776,162.66,938.66,1617.66,1293.66,3.34,26.12,Low,Critical - Reorder Now
P2910,2029-03-25,S9,281,26,12,65,Yes,High,No,312,220.84,532.84,714.84,433.84,10.81,24.8,Low,Critical - Reorder Now
P2911,2029-03-26,S15,304,79,1,66,Yes,Low,No,79,63.48,142.48,695.48,391.48,3.85,19.21,Low,Low Stock
P2912,2029-03-27,S10,450,88,2,96,No,Low,No,176,78.26,254.26,870.26,420.26,5.11,25.52,Low,Low Stock
P2913,2029-03-28,S10,6,33,13,77,Yes,Medium,Yes,429,218.12,647.12,878.12,872.12,0.18,38.84,Low,Critical - Reorder Now
P2914,2029-03-29,S8,313,119,13,82,Yes,Medium,Yes,1547,213.22,1760.22,2593.22,2280.22,2.63,60.89,Medium,Critical - Reorder Now
P2915,2029-03-30,S16,304,45,2,97,Yes,Medium,No,90,77.88,167.88,482.88,178.88,6.76,23.54,Low,Low Stock
P2916,2029-03-31,S17,102,46,12,60,No,Medium,Yes,552,225.53,777.53,1099.53,997.53,2.22,53.3,Medium,Critical - Reorder Now
P2917,2029-04-01,S5,308,102,12,63,No,Low,No,1224,222.71,1446.71,2160.71,1852.71,3.02,15.12,Low,Critical - Reorder Now
P2918,2029-04-02,S4,192,69,11,94,Yes,Low,No,759,185.34,944.34,1427.34,1235.34,2.78,14.41,Low,Critical - Reorder Now
P2919,2029-04-03,S18,240,35,8,82,No,Medium,No,280,167.27,447.27,692.27,452.27,6.86,29.81,Low,Critical - Reorder Now
P2920,2029-04-04,S19,61,34,1,86,No,Low,Yes,34,58.05,92.05,330.05,269.05,1.79,83.34,High,Critical - Reorder Now
P2921,2029-04-05,S4,16,116,4,85,Yes,Low,No,464,116.65,580.65,1392.65,1376.65,0.14,41.34,Medium,Critical - Reorder Now
P2922,2029-04-06,S7,170,22,10,67,Yes,Low,No,220,199.88,419.88,573.88,403.88,7.73,17.82,Low,Critical - Reorder Now
P2923,2029-04-07,S10,24,21,12,75,No,Low,No,252,211.44,463.44,610.44,586.44,1.14,28.43,Low,Critical - Reorder Now
P2924,2029-04-08,S18,250,42,5,62,No,Medium,No,210,144.37,354.37,648.37,398.37,5.95,27.54,Low,Critical - Reorder Now
P2925,2029-04-09,S19,252,18,9,91,Yes,Medium,No,162,170.09,332.09,458.09,206.09,14.0,30.74,Low,Critical - Reorder Now
P2926,2029-04-10,S4,386,91,7,64,No,Low,No,637,169.38,806.38,1443.38,1057.38,4.24,17.53,Low,Critical - Reorder Now
P2927,2029-04-11,S10,206,93,8,79,No,High,No,744,169.57,913.57,1564.57,1358.57,2.22,21.11,Low,Critical - Reorder Now
P2928,2029-04-12,S1,28,83,14,73,Yes,Medium,No,1162,230.41,1392.41,1973.41,1945.41,0.34,34.25,Low,Critical - Reorder Now
P2929,2029-04-13,S18,116,114,11,91,No,Medium,No,1254,188.04,1442.04,2240.04,2124.04,1.02,21.13,Low,Critical - Reorder Now
P2930,2029-04-14,S5,490,60,9,85,No,High,Yes,540,174.97,714.97,1134.97,644.97,8.17,47.5,Medium,Critical - Reorder Now
P2931,2029-04-15,S15,415,26,13,65,No,Medium,No,338,229.85,567.85,749.85,334.85,15.96,13.97,Low,Critical - Reorder Now
P2932,2029-04-16,S17,281,71,7,95,No,High,Yes,497,147.13,644.13,1141.13,860.13,3.96,57.42,Medium,Critical - Reorder Now
P2933,2029-04-17,S3,379,60,5,99,Yes,High,No,300,121.92,421.92,841.92,462.92,6.32,13.34,Low,Critical - Reorder Now
P2934,2029-04-18,S12,143,23,13,64,No,Low,No,299,230.83,529.83,690.83,547.83,6.22,21.29,Low,Critical - Reorder Now
P2935,2029-04-19,S2,24,61,5,72,No,Medium,Yes,305,138.3,443.3,870.3,846.3,0.39,57.14,Medium,Critical - Reorder Now
P2936,2029-04-20,S1,309,48,10,91,No,High,No,480,179.29,659.29,995.29,686.29,6.44,36.48,Low,Critical - Reorder Now
P2937,2029-04-21,S17,155,102,11,75,Yes,Low,No,1122,202.44,1324.44,2038.44,1883.44,1.52,59.22,Medium,Critical - Reorder Now
P2938,2029-04-22,S16,72,39,6,60,No,Medium,No,234,159.48,393.48,666.48,594.48,1.85,24.76,Low,Critical - Reorder Now
P2939,2029-04-23,S5,119,118,5,72,Yes,Low,Yes,590,138.3,728.3,1554.3,1435.3,1.01,77.23,High,Critical - Reorder Now
P2940,2029-04-24,S15,311,5,13,70,Yes,Low,No,65,224.96,289.96,324.96,13.96,62.2,15.79,Low,Low Stock
P2941,2029-04-25,S3,320,56,12,67,Yes,High,Yes,672,218.96,890.96,1282.96,962.96,5.71,36.64,Low,Critical - Reorder Now
P2942,2029-04-26,S7,92,89,11,84,No,Medium,No,979,194.34,1173.34,1796.34,1704.34,1.03,10.11,Low,Critical - Reorder Now
P2943,2029-04-27,S11,85,97,9,99,Yes,Low,No,873,163.58,1036.58,1715.58,1630.58,0.88,9.97,Low,Critical - Reorder Now
P2944,2029-04-28,S10,335,74,3,91,No,High,Yes,222,98.2,320.2,838.2,503.2,4.53,62.8,Medium,Low Stock
P2945,2029-04-29,S9,424,41,3,83,Yes,High,Yes,123,101.96,224.96,511.96,87.96,10.34,26.23,Low,Low Stock
P2946,2029-04-30,S14,498,69,7,87,Yes,Low,No,483,152.88,635.88,1118.88,620.88,7.22,23.98,Low,Critical - Reorder Now
P2947,2029-05-01,S13,363,55,7,73,Yes,Low,No,385,162.92,547.92,932.92,569.92,6.6,17.59,Low,Critical - Reorder Now
P2948,2029-05-02,S2,434,5,6,62,Yes,High,No,30,158.15,188.15,223.15,0.0,86.8,16.12,Low,Overstock
P2949,2029-05-03,S3,117,95,3,95,No,Low,Yes,285,96.32,381.32,1046.32,929.32,1.23,56.37,Medium,Critical - Reorder Now
P2950,2029-05-04,S7,232,25,14,86,No,Low,No,350,217.21,567.21,742.21,510.21,9.28,17.48,Low,Critical - Reorder Now
P2951,2029-05-05,S18,198,57,13,79,No,Medium,Yes,741,216.16,957.16,1356.16,1158.16,3.47,67.2,Medium,Critical - Reorder Now
P2952,2029-05-06,S3,205,20,7,74,No,High,No,140,162.21,302.21,442.21,237.21,10.25,10.29,Low,Critical - Reorder Now
P2953,2029-05-07,S10,412,112,5,86,No,Low,No,560,129.81,689.81,1473.81,1061.81,3.68,14.48,Low,Critical - Reorder Now
P2954,2029-05-08,S7,338,65,7,87,No,High,No,455,152.88,607.88,1062.88,724.88,5.2,17.29,Low,Critical - Reorder Now
P2955,2029-05-09,S9,146,58,2,84,Yes,Medium,Yes,116,82.87,198.87,604.87,458.87,2.52,60.85,Medium,Critical - Reorder Now
P2956,2029-05-10,S17,449,44,6,92,No,High,No,264,138.21,402.21,710.21,261.21,10.2,50.35,Medium,Low Stock
P2957,2029-05-11,S11,424,30,14,73,No,High,No,420,230.41,650.41,860.41,436.41,14.13,5.1,Low,Critical - Reorder Now
P2958,2029-05-12,S7,428,84,8,67,Yes,High,No,672,178.78,850.78,1438.78,1010.78,5.1,15.93,Low,Critical - Reorder Now
P2959,2029-05-13,S14,270,96,1,73,Yes,Medium,No,96,61.58,157.58,829.58,559.58,2.81,24.18,Low,Low Stock
P2960,2029-05-14,S19,386,69,4,60,Yes,Medium,No,276,130.21,406.21,889.21,503.21,5.59,12.81,Low,Critical - Reorder Now
P2961,2029-05-15,S4,138,104,11,75,No,High,No,1144,202.44,1346.44,2074.44,1936.44,1.33,18.5,Low,Critical - Reorder Now
P2962,2029-05-16,S6,180,78,1,77,No,High,Yes,78,60.49,138.49,684.49,504.49,2.31,61.18,Medium,Low Stock
P2963,2029-05-17,S10,429,68,14,66,No,Medium,No,952,237.51,1189.51,1665.51,1236.51,6.31,21.48,Low,Critical - Reorder Now
P2964,2029-05-18,S7,29,47,1,74,No,Low,Yes,47,61.31,108.31,437.31,408.31,0.62,75.99,High,Critical - Reorder Now
P2965,2029-05-19,S13,56,21,10,83,No,Medium,No,210,186.15,396.15,543.15,487.15,2.67,14.46,Low,Critical - Reorder Now
P2966,2029-05-20,S14,231,63,12,72,No,High,No,756,214.26,970.26,1411.26,1180.26,3.67,30.39,Low,Critical - Reorder Now
P2967,2029-05-21,S4,145,27,14,68,Yes,Low,No,378,235.48,613.48,802.48,657.48,5.37,28.13,Low,Critical - Reorder Now
P2968,2029-05-22,S8,434,11,14,74,No,Low,No,154,229.39,383.39,460.39,26.39,39.45,21.16,Low,Low Stock
P2969,2029-05-23,S5,383,48,11,94,No,Low,No,528,185.34,713.34,1049.34,666.34,7.98,8.67,Low,Critical - Reorder Now
P2970,2029-05-24,S1,47,57,8,83,No,Medium,Yes,456,166.5,622.5,1021.5,974.5,0.82,62.28,Medium,Critical - Reorder Now
P2971,2029-05-25,S4,193,75,7,92,No,Medium,No,525,149.29,674.29,1199.29,1006.29,2.57,18.44,Low,Critical - Reorder Now
P2972,2029-05-26,S3,223,112,12,75,No,Medium,No,1344,211.44,1555.44,2339.44,2116.44,1.99,7.92,Low,Critical - Reorder Now
P2973,2029-05-27,S9,135,83,10,67,Yes,Medium,No,830,199.88,1029.88,1610.88,1475.88,1.63,23.74,Low,Critical - Reorder Now
P2974,2029-05-28,S8,21,38,13,88,No,High,Yes,494,207.36,701.36,967.36,946.36,0.55,74.72,High,Critical - Reorder Now
P2975,2029-05-29,S1,5,50,1,82,No,Low,No,50,59.14,109.14,459.14,454.14,0.1,58.66,Medium,Critical - Reorder Now
P2976,2029-05-30,S6,203,113,11,90,No,High,No,1243,188.94,1431.94,2222.94,2019.94,1.8,17.14,Low,Critical - Reorder Now
P2977,2029-05-31,S9,238,72,14,99,Yes,Medium,No,1008,204.02,1212.02,1716.02,1478.02,3.31,23.21,Low,Critical - Reorder Now
P2978,2029-06-01,S7,184,82,13,73,Yes,Medium,No,1066,222.03,1288.03,1862.03,1678.03,2.24,35.29,Low,Critical - Reorder Now
P2979,2029-06-02,S4,359,82,2,89,No,High,Yes,164,80.95,244.95,818.95,459.95,4.38,62.88,Medium,Low Stock
P2980,2029-06-03,S13,291,20,4,98,Yes,Low,No,80,109.6,189.6,329.6,38.6,14.55,10.87,Low,Low Stock
P2981,2029-06-04,S17,334,75,1,86,Yes,Low,No,75,58.05,133.05,658.05,324.05,4.45,15.56,Low,Low Stock
P2982,2029-06-05,S2,219,100,3,75,No,Medium,Yes,300,105.72,405.72,1105.72,886.72,2.19,64.14,Medium,Critical - Reorder Now
P2983,2029-06-06,S5,115,23,8,65,No,Medium,Yes,184,180.31,364.31,525.31,410.31,5.0,58.67,Medium,Critical - Reorder Now
P2984,2029-06-07,S12,312,6,8,92,Yes,Medium,No,48,159.59,207.59,249.59,0.0,52.0,17.1,Low,Overstock
P2985,2029-06-08,S8,48,14,8,77,No,Medium,No,112,171.1,283.1,381.1,333.1,3.43,11.42,Low,Critical - Reorder Now
P2986,2029-06-09,S6,172,54,6,75,No,Low,No,324,149.51,473.51,851.51,679.51,3.19,19.02,Low,Critical - Reorder Now
P2987,2029-06-10,S8,81,85,6,71,Yes,High,No,510,152.17,662.17,1257.17,1176.17,0.95,24.97,Low,Critical - Reorder Now
P2988,2029-06-11,S18,321,105,5,79,No,Low,Yes,525,134.06,659.06,1394.06,1073.06,3.06,25.09,Low,Critical - Reorder Now
P2989,2029-06-12,S3,332,16,13,99,No,High,No,208,196.6,404.6,516.6,184.6,20.75,15.96,Low,Critical - Reorder Now
P2990,2029-06-13,S12,44,74,9,88,No,Medium,No,666,172.53,838.53,1356.53,1312.53,0.59,32.97,Low,Critical - Reorder Now
P2991,2029-06-14,S3,334,26,4,89,No,Medium,No,104,114.48,218.48,400.48,66.48,12.85,24.68,Low,Low Stock
P2992,2029-06-15,S6,19,36,10,85,No,High,No,360,184.44,544.44,796.44,777.44,0.53,21.19,Low,Critical - Reorder Now
P2993,2029-06-16,S2,447,109,12,81,No,Medium,No,1308,205.8,1513.8,2276.8,1829.8,4.1,21.51,Low,Critical - Reorder Now
P2994,2029-06-17,S12,220,88,12,92,Yes,Low,No,1056,195.46,1251.46,1867.46,1647.46,2.5,30.86,Low,Critical - Reorder Now
P2995,2029-06-18,S2,122,5,12,98,No,Medium,No,60,189.82,249.82,284.82,162.82,24.4,11.56,Low,Critical - Reorder Now
P2996,2029-06-19,S6,233,58,7,88,No,Medium,No,406,152.16,558.16,964.16,731.16,4.02,19.4,Low,Critical - Reorder Now
P2997,2029-06-20,S17,220,115,1,81,No,Medium,No,115,59.41,174.41,979.41,759.41,1.91,26.66,Low,Low Stock
P2998,2029-06-21,S3,322,62,9,72,No,Medium,No,558,185.55,743.55,1177.55,855.55,5.19,37.0,Low,Critical - Reorder Now
P2999,2029-06-22,S2,338,74,7,68,Yes,Low,No,518,166.51,684.51,1202.51,864.51,4.57,15.55,Low,Critical - Reorder Now
P3000,2029-06-23,S20,2,87,10,83,No,High,No,870,186.15,1056.15,1665.15,1663.15,0.02,33.84,Low,Critical - Reorder Now
P3001,2029-06-24,S8,181,22,12,74,No,Medium,No,264,212.38,476.38,630.38,449.38,8.23,11.32,Low,Critical - Reorder Now
P3002,2029-06-25,S12,205,10,9,95,No,Medium,No,90,166.83,256.83,326.83,121.83,20.5,12.08,Low,Critical - Reorder Now
P3003,2029-06-26,S4,319,49,7,72,Yes,Low,Yes,343,163.64,506.64,849.64,530.64,6.51,62.79,Medium,Critical - Reorder Now
P3004,2029-06-27,S5,39,101,2,86,No,Low,No,202,82.1,284.1,991.1,952.1,0.39,22.53,Low,Critical - Reorder Now
P3005,2029-06-28,S13,58,27,6,96,No,Low,Yes,162,135.55,297.55,486.55,428.55,2.15,73.94,High,Critical - Reorder Now
P3006,2029-06-29,S15,438,27,10,66,No,Medium,No,270,200.74,470.74,659.74,221.74,16.22,21.2,Low,Critical - Reorder Now
P3007,2029-06-30,S16,61,30,12,67,No,High,No,360,218.96,578.96,788.96,727.96,2.03,11.14,Low,Critical - Reorder Now
P3008,2029-07-01,S10,131,81,11,96,No,Low,No,891,183.54,1074.54,1641.54,1510.54,1.62,11.84,Low,Critical - Reorder Now
P3009,2029-07-02,S16,59,11,4,73,No,Low,Yes,44,123.16,167.16,244.16,185.16,5.36,34.04,Low,Critical - Reorder Now
P3010,2029-07-03,S12,371,83,3,71,No,Low,Yes,249,107.6,356.6,937.6,566.6,4.47,35.75,Low,Low Stock
P3011,2029-07-04,S17,330,48,2,95,No,High,No,96,78.65,174.65,510.65,180.65,6.88,27.87,Low,Low Stock
P3012,2029-07-05,S16,121,31,6,99,No,Medium,No,186,133.56,319.56,536.56,415.56,3.9,14.63,Low,Critical - Reorder Now
P3013,2029-07-06,S12,478,30,8,76,No,Medium,No,240,171.87,411.87,621.87,143.87,15.93,42.86,Medium,Low Stock
P3014,2029-07-07,S8,106,101,6,99,No,Medium,Yes,606,133.56,739.56,1446.56,1340.56,1.05,62.53,Medium,Critical - Reorder Now
P3015,2029-07-08,S20,95,83,9,88,No,Low,No,747,172.53,919.53,1500.53,1405.53,1.14,16.68,Low,Critical - Reorder Now
P3016,2029-07-09,S3,346,40,14,86,Yes,Medium,No,560,217.21,777.21,1057.21,711.21,8.65,33.7,Low,Critical - Reorder Now
P3017,2029-07-10,S16,413,113,5,60,No,Low,No,565,145.58,710.58,1501.58,1088.58,3.65,21.42,Low,Critical - Reorder Now
P3018,2029-07-11,S13,234,59,2,93,No,High,No,118,79.41,197.41,610.41,376.41,3.97,11.65,Low,Low Stock
P3019,2029-07-12,S19,385,68,8,63,No,High,No,544,181.85,725.85,1201.85,816.85,5.66,19.8,Low,Critical - Reorder Now
P3020,2029-07-13,S8,61,95,9,83,Yes,Medium,No,855,176.6,1031.6,1696.6,1635.6,0.64,12.69,Low,Critical - Reorder Now
P3021,2029-07-14,S5,255,61,14,80,Yes,Low,No,854,223.3,1077.3,1504.3,1249.3,4.18,20.39,Low,Critical - Reorder Now
P3022,2029-07-15,S20,48,73,10,92,Yes,Low,No,730,178.43,908.43,1419.43,1371.43,0.66,14.33,Low,Critical - Reorder Now
P3023,2029-07-16,S8,392,65,4,66,Yes,Medium,No,260,126.96,386.96,841.96,449.96,6.03,6.39,Low,Low Stock
P3024,2029-07-17,S12,347,6,6,60,No,High,No,36,159.48,195.48,237.48,0.0,57.83,16.4,Low,Overstock
P3025,2029-07-18,S1,158,59,11,62,Yes,High,No,649,214.13,863.13,1276.13,1118.13,2.68,20.29,Low,Critical - Reorder Now
P3026,2029-07-19,S20,123,101,10,74,Yes,High,No,1010,193.87,1203.87,1910.87,1787.87,1.22,36.12,Low,Critical - Reorder Now
P3027,2029-07-20,S6,481,84,8,90,Yes,High,No,672,161.13,833.13,1421.13,940.13,5.73,26.95,Low,Critical - Reorder Now
P3028,2029-07-21,S18,316,91,9,75,No,High,Yes,819,183.11,1002.11,1639.11,1323.11,3.47,62.59,Medium,Critical - Reorder Now
P3029,2029-07-22,S8,206,42,12,69,No,Medium,No,504,217.08,721.08,1015.08,809.08,4.9,33.35,Low,Critical - Reorder Now
P3030,2029-07-23,S7,47,84,5,88,Yes,Medium,No,420,128.6,548.6,1136.6,1089.6,0.56,14.97,Low,Critical - Reorder Now
P3031,2029-07-24,S1,408,82,12,65,No,Medium,No,984,220.84,1204.84,1778.84,1370.84,4.98,6.58,Low,Critical - Reorder Now
P3032,2029-07-25,S16,419,33,6,88,No,High,Yes,198,140.87,338.87,569.87,150.87,12.7,31.74,Low,Low Stock
P3033,2029-07-26,S12,135,30,11,76,Yes,High,No,330,201.54,531.54,741.54,606.54,4.5,13.51,Low,Critical - Reorder Now
P3034,2029-07-27,S6,200,39,4,81,No,Medium,No,156,118.82,274.82,547.82,347.82,5.13,20.34,Low,Critical - Reorder Now
P3035,2029-07-28,S20,249,83,5,83,Yes,Medium,No,415,131.63,546.63,1127.63,878.63,3.0,28.85,Low,Critical - Reorder Now
P3036,2029-07-29,S2,313,71,7,76,No,High,Yes,497,160.77,657.77,1154.77,841.77,4.41,64.94,Medium,Critical - Reorder Now
P3037,2029-07-30,S14,356,91,9,80,Yes,Low,No,819,179.04,998.04,1635.04,1279.04,3.91,16.51,Low,Critical - Reorder Now
P3038,2029-07-31,S4,367,33,10,70,No,Medium,Yes,330,197.3,527.3,758.3,391.3,11.12,79.38,High,Critical - Reorder Now
P3039,2029-08-01,S1,428,38,11,66,Yes,High,No,418,210.53,628.53,894.53,466.53,11.26,15.09,Low,Critical - Reorder Now
P3040,2029-08-02,S18,317,101,13,98,No,High,No,1313,197.58,1510.58,2217.58,1900.58,3.14,33.72,Low,Critical - Reorder Now
P3041,2029-08-03,S13,294,45,6,64,No,Medium,Yes,270,156.82,426.82,741.82,447.82,6.53,57.87,Medium,Critical - Reorder Now
P3042,2029-08-04,S2,479,45,14,80,Yes,Low,No,630,223.3,853.3,1168.3,689.3,10.64,24.79,Low,Critical - Reorder Now
P3043,2029-08-05,S9,313,27,6,77,No,High,No,162,148.18,310.18,499.18,186.18,11.59,31.61,Low,Low Stock
P3044,2029-08-06,S2,499,75,8,94,No,Medium,No,600,158.06,758.06,1283.06,784.06,6.65,23.3,Low,Critical - Reorder Now
P3045,2029-08-07,S9,208,7,11,79,No,High,No,77,198.84,275.84,324.84,116.84,29.71,15.69,Low,Critical - Reorder Now
P3046,2029-08-08,S1,354,62,4,74,Yes,High,No,248,122.62,370.62,804.62,450.62,5.71,10.74,Low,Critical - Reorder Now
P3047,2029-08-09,S11,484,36,3,64,Yes,High,No,108,110.89,218.89,470.89,0.0,13.44,16.48,Low,Healthy
P3048,2029-08-10,S3,210,35,14,72,No,High,No,490,231.42,721.42,966.42,756.42,6.0,6.67,Low,Critical - Reorder Now
P3049,2029-08-11,S20,191,86,7,71,No,Low,No,602,164.36,766.36,1368.36,1177.36,2.22,14.52,Low,Critical - Reorder Now
P3050,2029-08-12,S4,43,47,5,80,No,Medium,No,235,133.45,368.45,697.45,654.45,0.91,20.1,Low,Critical - Reorder Now
P3051,2029-08-13,S18,28,11,2,96,Yes,Medium,No,22,78.26,100.26,177.26,149.26,2.55,10.87,Low,Critical - Reorder Now
P3052,2029-08-14,S6,58,109,2,65,Yes,Medium,No,218,90.16,308.16,1071.16,1013.16,0.53,21.38,Low,Critical - Reorder Now
P3053,2029-08-15,S3,70,5,11,66,No,Medium,Yes,55,210.53,265.53,300.53,230.53,14.0,64.48,Medium,Critical - Reorder Now
P3054,2029-08-16,S11,91,65,6,85,No,Medium,No,390,142.86,532.86,987.86,896.86,1.4,23.09,Low,Critical - Reorder Now
P3055,2029-08-17,S15,264,18,8,67,No,Low,No,144,178.78,322.78,448.78,184.78,14.67,41.72,Medium,Critical - Reorder Now
P3056,2029-08-18,S5,382,56,1,68,Yes,High,No,56,62.94,118.94,510.94,128.94,6.82,14.96,Low,Low Stock
P3057,2029-08-19,S20,219,100,11,86,Yes,High,Yes,1100,192.54,1292.54,1992.54,1773.54,2.19,70.49,High,Critical - Reorder Now
P3058,2029-08-20,S10,389,10,6,63,Yes,Medium,No,60,157.48,217.48,287.48,0.0,38.9,8.86,Low,Overstock
P3059,2029-08-21,S12,412,107,12,80,Yes,High,No,1284,206.74,1490.74,2239.74,1827.74,3.85,27.02,Low,Critical - Reorder Now
P3060,2029-08-22,S15,441,14,2,90,Yes,High,No,28,80.56,108.56,206.56,0.0,31.5,29.84,Low,Overstock
P3061,2029-08-23,S17,400,75,2,80,No,High,No,150,84.4,234.4,759.4,359.4,5.33,6.27,Low,Low Stock
P3062,2029-08-24,S10,399,94,7,99,No,Medium,Yes,658,144.26,802.26,1460.26,1061.26,4.24,60.82,Medium,Critical - Reorder Now
P3063,2029-08-25,S6,214,102,10,84,No,Medium,Yes,1020,185.29,1205.29,1919.29,1705.29,2.1,60.1,Medium,Critical - Reorder Now
P3064,2029-08-26,S18,478,34,1,98,Yes,Low,No,34,54.8,88.8,326.8,0.0,14.06,25.26,Low,Overstock
P3065,2029-08-27,S13,386,104,6,74,Yes,Medium,No,624,150.17,774.17,1502.17,1116.17,3.71,11.55,Low,Critical - Reorder Now
P3066,2029-08-28,S3,276,25,14,94,No,Low,Yes,350,209.09,559.09,734.09,458.09,11.04,14.71,Low,Critical - Reorder Now
P3067,2029-08-29,S10,63,64,7,96,No,Medium,No,448,146.42,594.42,1042.42,979.42,0.98,36.53,Low,Critical - Reorder Now
P3068,2029-08-30,S14,345,85,14,87,No,High,No,1190,216.2,1406.2,2001.2,1656.2,4.06,30.0,Low,Critical - Reorder Now
P3069,2029-08-31,S6,291,101,8,73,No,Low,No,808,174.17,982.17,1689.17,1398.17,2.88,25.99,Low,Critical - Reorder Now
P3070,2029-09-01,S3,489,78,7,63,No,Low,No,546,170.1,716.1,1262.1,773.1,6.27,29.03,Low,Critical - Reorder Now
P3071,2029-09-02,S16,484,119,6,79,No,Low,No,714,146.85,860.85,1693.85,1209.85,4.07,17.33,Low,Critical - Reorder Now
P3072,2029-09-03,S7,244,67,9,93,Yes,Medium,No,603,168.46,771.46,1240.46,996.46,3.64,19.62,Low,Critical - Reorder Now
P3073,2029-09-04,S20,469,115,13,71,No,Low,Yes,1495,223.98,1718.98,2523.98,2054.98,4.08,60.31,Medium,Critical - Reorder Now
P3074,2029-09-05,S14,61,46,3,92,Yes,Medium,Yes,138,97.73,235.73,557.73,496.73,1.33,62.96,Medium,Critical - Reorder Now
P3075,2029-09-06,S9,425,55,11,83,No,Low,No,605,195.24,800.24,1185.24,760.24,7.73,21.16,Low,Critical - Reorder Now
P3076,2029-09-07,S15,331,68,6,79,No,Medium,No,408,146.85,554.85,1030.85,699.85,4.87,16.01,Low,Critical - Reorder Now
P3077,2029-09-08,S3,169,80,4,64,No,Low,No,320,128.04,448.04,1008.04,839.04,2.11,11.19,Low,Critical - Reorder Now
P3078,2029-09-09,S2,444,60,2,97,Yes,High,No,120,77.88,197.88,617.88,173.88,7.4,19.77,Low,Low Stock
P3079,2029-09-10,S2,268,84,1,89,No,High,Yes,84,57.24,141.24,729.24,461.24,3.19,58.2,Medium,Low Stock
P3080,2029-09-11,S3,266,45,12,83,No,Low,Yes,540,203.92,743.92,1058.92,792.92,5.91,70.83,High,Critical - Reorder Now
P3081,2029-09-12,S18,53,36,12,99,No,Medium,No,432,188.88,620.88,872.88,819.88,1.47,13.75,Low,Critical - Reorder Now
P3082,2029-09-13,S14,15,19,14,66,No,Medium,No,266,237.51,503.51,636.51,621.51,0.79,27.84,Low,Critical - Reorder Now
P3083,2029-09-14,S20,7,66,1,95,No,Medium,No,66,55.61,121.61,583.61,576.61,0.11,25.69,Low,Critical - Reorder Now
P3084,2029-09-15,S18,103,31,11,97,Yes,High,No,341,182.64,523.64,740.64,637.64,3.32,16.31,Low,Critical - Reorder Now
P3085,2029-09-16,S10,58,32,10,75,No,High,No,320,193.02,513.02,737.02,679.02,1.81,12.57,Low,Critical - Reorder Now
P3086,2029-09-17,S2,312,85,3,74,Yes,High,No,255,106.19,361.19,956.19,644.19,3.67,14.71,Low,Critical - Reorder Now
P3087,2029-09-18,S1,39,68,4,82,Yes,Medium,No,272,118.28,390.28,866.28,827.28,0.57,11.17,Low,Critical - Reorder Now
P3088,2029-09-19,S4,236,114,2,71,No,Medium,Yes,228,87.85,315.85,1113.85,877.85,2.07,75.07,High,Critical - Reorder Now
P3089,2029-09-20,S14,442,63,13,88,No,Medium,Yes,819,207.36,1026.36,1467.36,1025.36,7.02,20.39,Low,Critical - Reorder Now
P3090,2029-09-21,S1,385,118,12,74,Yes,Low,No,1416,212.38,1628.38,2454.38,2069.38,3.26,20.56,Low,Critical - Reorder Now
P3091,2029-09-22,S14,93,62,11,88,Yes,Low,No,682,190.74,872.74,1306.74,1213.74,1.5,7.06,Low,Critical - Reorder Now
P3092,2029-09-23,S16,221,6,11,80,Yes,Low,No,66,197.94,263.94,305.94,84.94,36.83,47.45,Medium,Critical - Reorder Now
P3093,2029-09-24,S14,203,40,14,74,No,High,No,560,229.39,789.39,1069.39,866.39,5.08,8.54,Low,Critical - Reorder Now
P3094,2029-09-25,S20,137,118,11,73,Yes,High,No,1298,204.24,1502.24,2328.24,2191.24,1.16,40.05,Medium,Critical - Reorder Now
P3095,2029-09-26,S3,299,75,1,75,Yes,Medium,No,75,61.04,136.04,661.04,362.04,3.99,34.3,Low,Low Stock
P3096,2029-09-27,S3,394,17,4,74,Yes,Low,No,68,122.62,190.62,309.62,0.0,23.18,22.82,Low,Overstock
P3097,2029-09-28,S9,206,19,7,63,No,Medium,Yes,133,170.1,303.1,436.1,230.1,10.84,69.34,Medium,Critical - Reorder Now
P3098,2029-09-29,S6,335,93,10,86,No,Low,Yes,930,183.58,1113.58,1764.58,1429.58,3.6,19.26,Low,Critical - Reorder Now
P3099,2029-09-30,S13,80,91,11,82,Yes,Low,No,1001,196.14,1197.14,1834.14,1754.14,0.88,8.14,Low,Critical - Reorder Now
P3100,2029-10-01,S2,217,64,6,88,No,Medium,No,384,140.87,524.87,972.87,755.87,3.39,12.87,Low,Critical - Reorder Now
P3101,2029-10-02,S8,1,26,6,68,Yes,Medium,Yes,156,154.16,310.16,492.16,491.16,0.04,77.72,High,Critical - Reorder Now
P3102,2029-10-03,S2,177,67,11,66,No,Low,Yes,737,210.53,947.53,1416.53,1239.53,2.64,63.43,Medium,Critical - Reorder Now
P3103,2029-10-04,S4,395,94,9,63,No,Low,No,846,192.88,1038.88,1696.88,1301.88,4.2,7.15,Low,Critical - Reorder Now
P3104,2029-10-05,S15,370,101,14,64,Yes,High,No,1414,239.54,1653.54,2360.54,1990.54,3.66,35.32,Low,Critical - Reorder Now
P3105,2029-10-06,S4,345,79,2,64,Yes,Medium,No,158,90.54,248.54,801.54,456.54,4.37,12.43,Low,Low Stock
P3106,2029-10-07,S13,278,78,4,70,No,Medium,Yes,312,124.79,436.79,982.79,704.79,3.56,64.68,Medium,Critical - Reorder Now
P3107,2029-10-08,S12,145,29,5,87,Yes,Medium,No,145,129.2,274.2,477.2,332.2,5.0,25.57,Low,Critical - Reorder Now
P3108,2029-10-09,S13,317,105,1,75,No,Medium,No,105,61.04,166.04,901.04,584.04,3.02,12.63,Low,Low Stock
P3109,2029-10-10,S14,223,52,8,89,No,Low,No,416,161.9,577.9,941.9,718.9,4.29,57.53,Medium,Critical - Reorder Now
P3110,2029-10-11,S20,368,47,8,63,Yes,High,No,376,181.85,557.85,886.85,518.85,7.83,20.33,Low,Critical - Reorder Now
P3111,2029-10-12,S18,383,42,6,61,No,Medium,No,252,158.81,410.81,704.81,321.81,9.12,29.48,Low,Critical - Reorder Now
P3112,2029-10-13,S6,61,45,12,62,No,Low,No,540,223.65,763.65,1078.65,1017.65,1.36,28.08,Low,Critical - Reorder Now
P3113,2029-10-14,S11,293,49,5,80,No,Low,No,245,133.45,378.45,721.45,428.45,5.98,39.1,Low,Critical - Reorder Now
P3114,2029-10-15,S2,238,92,8,65,Yes,Low,No,736,180.31,916.31,1560.31,1322.31,2.59,15.79,Low,Critical - Reorder Now
P3115,2029-10-16,S19,194,44,3,77,No,Low,No,132,104.78,236.78,544.78,350.78,4.41,26.49,Low,Critical - Reorder Now
P3116,2029-10-17,S19,165,114,3,64,No,Low,No,342,110.89,452.89,1250.89,1085.89,1.45,20.48,Low,Critical - Reorder Now
P3117,2029-10-18,S5,450,101,2,68,No,Medium,No,202,89.0,291.0,998.0,548.0,4.46,18.77,Low,Low Stock
P3118,2029-10-19,S19,221,21,5,79,No,Medium,No,105,134.06,239.06,386.06,165.06,10.52,27.76,Low,Critical - Reorder Now
P3119,2029-10-20,S2,60,92,3,87,Yes,High,No,276,100.08,376.08,1020.08,960.08,0.65,20.13,Low,Critical - Reorder Now
P3120,2029-10-21,S10,128,105,3,85,No,Medium,No,315,101.02,416.02,1151.02,1023.02,1.22,19.62,Low,Critical - Reorder Now
P3121,2029-10-22,S2,477,61,6,77,No,Low,Yes,366,148.18,514.18,941.18,464.18,7.82,37.69,Low,Critical - Reorder Now
P3122,2029-10-23,S11,172,6,8,78,Yes,High,Yes,48,170.34,218.34,260.34,88.34,28.67,71.39,High,Critical - Reorder Now
P3123,2029-10-24,S18,479,100,2,62,No,Low,No,200,91.31,291.31,991.31,512.31,4.79,18.88,Low,Low Stock
P3124,2029-10-25,S15,155,66,4,68,Yes,Low,No,264,125.87,389.87,851.87,696.87,2.35,17.87,Low,Critical - Reorder Now
P3125,2029-10-26,S9,404,92,11,95,Yes,Medium,No,1012,184.44,1196.44,1840.44,1436.44,4.39,34.18,Low,Critical - Reorder Now
P3126,2029-10-27,S19,377,13,7,90,No,Low,No,91,150.72,241.72,332.72,0.0,29.0,12.31,Low,Healthy
P3127,2029-10-28,S9,109,72,1,76,Yes,Medium,No,72,60.77,132.77,636.77,527.77,1.51,63.2,Medium,Critical - Reorder Now
P3128,2029-10-29,S3,268,85,1,82,Yes,Low,No,85,59.14,144.14,739.14,471.14,3.15,20.63,Low,Low Stock
P3129,2029-10-30,S9,410,21,12,93,No,High,No,252,194.52,446.52,593.52,183.52,19.52,13.44,Low,Critical - Reorder Now
P3130,2029-10-31,S14,355,54,13,64,No,Low,Yes,702,230.83,932.83,1310.83,955.83,6.57,21.13,Low,Critical - Reorder Now
P3131,2029-11-01,S19,390,116,10,74,No,Medium,No,1160,193.87,1353.87,2165.87,1775.87,3.36,30.2,Low,Critical - Reorder Now
P3132,2029-11-02,S7,277,98,7,62,No,Low,No,686,170.82,856.82,1542.82,1265.82,2.83,21.04,Low,Critical - Reorder Now
P3133,2029-11-03,S16,73,44,14,78,Yes,Medium,Yes,616,225.33,841.33,1149.33,1076.33,1.66,79.06,High,Critical - Reorder Now
P3134,2029-11-04,S16,486,62,7,87,No,Medium,No,434,152.88,586.88,1020.88,534.88,7.84,27.57,Low,Critical - Reorder Now
P3135,2029-11-05,S1,436,79,1,62,No,High,No,79,64.56,143.56,696.56,260.56,5.52,13.23,Low,Low Stock
P3136,2029-11-06,S4,462,89,1,97,No,Medium,No,89,55.07,144.07,767.07,305.07,5.19,15.93,Low,Low Stock
P3137,2029-11-07,S4,206,25,4,63,No,High,No,100,128.58,228.58,403.58,197.58,8.24,16.63,Low,Critical - Reorder Now
P3138,2029-11-08,S7,387,22,5,83,No,High,Yes,110,131.63,241.63,395.63,8.63,17.59,63.06,Medium,Low Stock
P3139,2029-11-09,S8,479,59,5,90,Yes,Low,Yes,295,127.38,422.38,835.38,356.38,8.12,67.74,Medium,Low Stock
P3140,2029-11-10,S17,278,33,4,70,No,High,No,132,124.79,256.79,487.79,209.79,8.42,19.73,Low,Low Stock
P3141,2029-11-11,S5,374,28,8,96,No,Medium,Yes,224,156.53,380.53,576.53,202.53,13.36,58.89,Medium,Critical - Reorder Now
P3142,2029-11-12,S7,325,78,7,60,Yes,Medium,Yes,546,172.25,718.25,1264.25,939.25,4.17,54.64,Medium,Critical - Reorder Now
P3143,2029-11-13,S20,471,113,9,68,Yes,High,No,1017,188.81,1205.81,1996.81,1525.81,4.17,14.13,Low,Critical - Reorder Now
P3144,2029-11-14,S20,339,21,7,76,No,Low,No,147,160.77,307.77,454.77,115.77,16.14,15.22,Low,Low Stock
P3145,2029-11-15,S4,356,22,10,60,Yes,High,Yes,220,205.88,425.88,579.88,223.88,16.18,59.06,Medium,Critical - Reorder Now
P3146,2029-11-16,S6,339,46,1,62,Yes,High,No,46,64.56,110.56,432.56,93.56,7.37,28.33,Low,Low Stock
P3147,2029-11-17,S7,203,116,13,85,No,Medium,No,1508,210.29,1718.29,2530.29,2327.29,1.75,13.23,Low,Critical - Reorder Now
P3148,2029-11-18,S18,160,88,14,90,No,Low,No,1232,213.15,1445.15,2061.15,1901.15,1.82,10.83,Low,Critical - Reorder Now
P3149,2029-11-19,S5,27,105,7,85,No,Low,Yes,735,154.31,889.31,1624.31,1597.31,0.26,67.3,Medium,Critical - Reorder Now
P3150,2029-11-20,S20,391,49,1,82,No,Low,No,49,59.14,108.14,451.14,60.14,7.98,13.31,Low,Low Stock
P3151,2029-11-21,S3,256,86,7,89,No,Low,Yes,602,151.44,753.44,1355.44,1099.44,2.98,26.06,Low,Critical - Reorder Now
P3152,2029-11-22,S7,164,21,10,69,No,Medium,No,210,198.16,408.16,555.16,391.16,7.81,19.59,Low,Critical - Reorder Now
P3153,2029-11-23,S14,62,77,8,67,Yes,Low,No,616,178.78,794.78,1333.78,1271.78,0.81,7.59,Low,Critical - Reorder Now
P3154,2029-11-24,S7,21,18,11,84,No,Low,Yes,198,194.34,392.34,518.34,497.34,1.17,64.88,Medium,Critical - Reorder Now
P3155,2029-11-25,S5,69,53,9,81,No,Low,No,477,178.23,655.23,1026.23,957.23,1.3,19.49,Low,Critical - Reorder Now
P3156,2029-11-26,S5,380,33,12,74,Yes,Medium,No,396,212.38,608.38,839.38,459.38,11.52,17.66,Low,Critical - Reorder Now
P3157,2029-11-27,S2,404,99,3,69,Yes,Medium,No,297,108.54,405.54,1098.54,694.54,4.08,13.91,Low,Critical - Reorder Now
P3158,2029-11-28,S6,95,8,4,79,No,Low,No,32,119.9,151.9,207.9,112.9,11.88,16.52,Low,Critical - Reorder Now
P3159,2029-11-29,S15,162,86,4,82,Yes,Medium,No,344,118.28,462.28,1064.28,902.28,1.88,15.28,Low,Critical - Reorder Now
P3160,2029-11-30,S10,78,24,12,60,Yes,High,No,288,225.53,513.53,681.53,603.53,3.25,43.03,Medium,Critical - Reorder Now
P3161,2029-12-01,S7,4,51,9,61,No,Low,Yes,459,194.5,653.5,1010.5,1006.5,0.08,66.51,Medium,Critical - Reorder Now
P3162,2029-12-02,S5,315,111,13,78,No,Medium,No,1443,217.14,1660.14,2437.14,2122.14,2.84,10.55,Low,Critical - Reorder Now
P3163,2029-12-03,S1,119,112,7,73,No,Low,Yes,784,162.92,946.92,1730.92,1611.92,1.06,67.04,Medium,Critical - Reorder Now
P3164,2029-12-04,S13,301,13,3,67,Yes,Low,No,39,109.48,148.48,239.48,0.0,23.15,14.33,Low,Overstock
P3165,2029-12-05,S18,177,81,10,97,Yes,Medium,No,810,174.14,984.14,1551.14,1374.14,2.19,29.72,Low,Critical - Reorder Now
P3166,2029-12-06,S13,175,83,5,71,No,High,Yes,415,138.91,553.91,1134.91,959.91,2.11,57.9,Medium,Critical - Reorder Now
P3167,2029-12-07,S18,389,31,7,85,Yes,Low,Yes,217,154.31,371.31,588.31,199.31,12.55,71.86,High,High Risk
P3168,2029-12-08,S5,216,19,8,86,No,High,No,152,164.2,316.2,449.2,233.2,11.37,40.59,Medium,Critical - Reorder Now
P3169,2029-12-09,S13,55,96,1,88,Yes,Medium,No,96,57.51,153.51,825.51,770.51,0.57,35.09,Low,Critical - Reorder Now
P3170,2029-12-10,S4,365,105,12,74,No,Low,No,1260,212.38,1472.38,2207.38,1842.38,3.48,17.93,Low,Critical - Reorder Now
P3171,2029-12-11,S17,186,23,2,60,No,Medium,No,46,92.07,138.07,299.07,113.07,8.09,23.01,Low,Low Stock
P3172,2029-12-12,S3,231,94,7,87,Yes,Medium,No,658,152.88,810.88,1468.88,1237.88,2.46,40.32,Medium,Critical - Reorder Now
P3173,2029-12-13,S17,254,56,11,62,No,Medium,No,616,214.13,830.13,1222.13,968.13,4.54,18.55,Low,Critical - Reorder Now
P3174,2029-12-14,S11,412,30,13,77,Yes,Medium,No,390,218.12,608.12,818.12,406.12,13.73,23.4,Low,Critical - Reorder Now
P3175,2029-12-15,S20,454,93,14,93,Yes,Low,No,1302,210.11,1512.11,2163.11,1709.11,4.88,20.12,Low,Critical - Reorder Now
P3176,2029-12-16,S4,103,30,13,91,No,High,Yes,390,204.42,594.42,804.42,701.42,3.43,75.44,High,Critical - Reorder Now
P3177,2029-12-17,S2,76,30,2,88,Yes,High,No,60,81.33,141.33,351.33,275.33,2.53,20.3,Low,Critical - Reorder Now
P3178,2029-12-18,S20,229,50,7,84,No,Low,Yes,350,155.03,505.03,855.03,626.03,4.58,75.65,High,Critical - Reorder Now
P3179,2029-12-19,S16,401,96,9,85,Yes,Low,Yes,864,174.97,1038.97,1710.97,1309.97,4.18,22.96,Low,Critical - Reorder Now
P3180,2029-12-20,S18,257,53,11,98,Yes,High,Yes,583,181.74,764.74,1135.74,878.74,4.85,54.22,Medium,Critical - Reorder Now
P3181,2029-12-21,S8,263,86,2,67,Yes,High,No,172,89.39,261.39,863.39,600.39,3.06,8.82,Low,Low Stock
P3182,2029-12-22,S3,330,100,7,78,No,Low,No,700,159.34,859.34,1559.34,1229.34,3.3,35.55,Low,Critical - Reorder Now
P3183,2029-12-23,S9,480,57,4,81,No,Medium,Yes,228,118.82,346.82,745.82,265.82,8.42,61.3,Medium,Low Stock
P3184,2029-12-24,S20,181,7,11,88,Yes,Low,Yes,77,190.74,267.74,316.74,135.74,25.86,66.44,Medium,Critical - Reorder Now
P3185,2029-12-25,S6,380,70,13,92,Yes,High,Yes,910,203.44,1113.44,1603.44,1223.44,5.43,62.17,Medium,Critical - Reorder Now
P3186,2029-12-26,S10,255,101,2,97,No,Medium,No,202,77.88,279.88,986.88,731.88,2.52,30.05,Low,Critical - Reorder Now
P3187,2029-12-27,S10,37,46,13,94,No,High,Yes,598,201.49,799.49,1121.49,1084.49,0.8,73.83,High,Critical - Reorder Now
P3188,2029-12-28,S13,175,23,7,62,No,Medium,No,161,170.82,331.82,492.82,317.82,7.61,28.75,Low,Critical - Reorder Now
P3189,2029-12-29,S17,26,21,13,78,No,High,Yes,273,217.14,490.14,637.14,611.14,1.24,63.6,Medium,Critical - Reorder Now
P3190,2029-12-30,S9,275,112,5,69,No,Medium,Yes,560,140.12,700.12,1484.12,1209.12,2.46,70.23,High,Critical - Reorder Now
P3191,2029-12-31,S17,139,37,1,86,Yes,Low,Yes,37,58.05,95.05,354.05,215.05,3.76,55.63,Medium,Low Stock
P3192,2030-01-01,S9,298,80,5,74,Yes,Low,No,400,137.09,537.09,1097.09,799.09,3.72,20.08,Low,Critical - Reorder Now
P3193,2030-01-02,S9,444,53,12,70,Yes,Medium,No,636,216.14,852.14,1223.14,779.14,8.38,16.92,Low,Critical - Reorder Now
P3194,2030-01-03,S1,286,60,12,85,No,Medium,No,720,202.04,922.04,1342.04,1056.04,4.77,17.37,Low,Critical - Reorder Now
P3195,2030-01-04,S2,90,67,3,83,No,Low,No,201,101.96,302.96,771.96,681.96,1.34,32.01,Low,Critical - Reorder Now
P3196,2030-01-05,S16,479,7,7,72,No,Low,Yes,49,163.64,212.64,261.64,0.0,68.43,61.78,Medium,Overstock
P3197,2030-01-06,S1,60,111,6,91,Yes,Medium,Yes,666,138.88,804.88,1581.88,1521.88,0.54,73.35,High,Critical - Reorder Now
P3198,2030-01-07,S10,457,53,8,96,No,Medium,No,424,156.53,580.53,951.53,494.53,8.62,31.98,Low,Critical - Reorder Now
P3199,2030-01-08,S18,450,59,13,63,No,Low,No,767,231.81,998.81,1411.81,961.81,7.63,18.03,Low,Critical - Reorder Now
P3200,2030-01-09,S8,364,30,5,72,No,High,No,150,138.3,288.3,498.3,134.3,12.13,18.0,Low,Low Stock
P3201,2030-01-10,S11,346,103,2,68,Yes,Low,No,206,89.0,295.0,1016.0,670.0,3.36,10.78,Low,Low Stock
P3202,2030-01-11,S2,162,76,9,93,No,Medium,No,684,168.46,852.46,1384.46,1222.46,2.13,21.93,Low,Critical - Reorder Now
P3203,2030-01-12,S8,350,56,14,96,Yes,Medium,Yes,784,207.06,991.06,1383.06,1033.06,6.25,70.32,High,Critical - Reorder Now
P3204,2030-01-13,S8,142,104,11,66,No,High,No,1144,210.53,1354.53,2082.53,1940.53,1.37,16.01,Low,Critical - Reorder Now
P3205,2030-01-14,S17,399,11,8,60,No,Low,No,88,184.15,272.15,349.15,0.0,36.27,30.63,Low,Healthy
P3206,2030-01-15,S15,252,50,6,71,Yes,Medium,Yes,300,152.17,452.17,802.17,550.17,5.04,42.11,Medium,Critical - Reorder Now
P3207,2030-01-16,S17,268,50,13,80,No,Low,No,650,215.18,865.18,1215.18,947.18,5.36,38.39,Low,Critical - Reorder Now
P3208,2030-01-17,S13,368,104,10,70,Yes,Medium,No,1040,197.3,1237.3,1965.3,1597.3,3.54,15.88,Low,Critical - Reorder Now
P3209,2030-01-18,S19,290,20,7,73,No,High,No,140,162.92,302.92,442.92,152.92,14.5,7.32,Low,Critical - Reorder Now
P3210,2030-01-19,S5,499,28,9,93,Yes,Low,No,252,168.46,420.46,616.46,117.46,17.82,50.05,Medium,Low Stock
P3211,2030-01-20,S12,458,65,7,93,No,Low,Yes,455,148.57,603.57,1058.57,600.57,7.05,53.46,Medium,Critical - Reorder Now
P3212,2030-01-21,S1,186,58,3,84,No,High,No,174,101.49,275.49,681.49,495.49,3.21,12.2,Low,Critical - Reorder Now
P3213,2030-01-22,S5,404,66,6,63,Yes,Medium,No,396,157.48,553.48,1015.48,611.48,6.12,10.89,Low,Critical - Reorder Now
P3214,2030-01-23,S8,498,5,11,85,No,Medium,No,55,193.44,248.44,283.44,0.0,99.6,24.13,Low,Overstock
P3215,2030-01-24,S13,437,53,13,75,No,Low,Yes,689,220.07,909.07,1280.07,843.07,8.25,57.43,Medium,Critical - Reorder Now
P3216,2030-01-25,S8,458,29,11,69,Yes,High,No,319,207.83,526.83,729.83,271.83,15.79,14.65,Low,Critical - Reorder Now
P3217,2030-01-26,S11,413,14,7,61,No,Low,No,98,171.54,269.54,367.54,0.0,29.5,37.41,Low,Healthy
P3218,2030-01-27,S1,303,84,2,94,No,Low,No,168,79.03,247.03,835.03,532.03,3.61,16.42,Low,Low Stock
P3219,2030-01-28,S13,290,20,3,78,No,Medium,No,60,104.31,164.31,304.31,14.31,14.5,14.21,Low,Low Stock
P3220,2030-01-29,S19,85,62,4,65,No,Medium,Yes,248,127.5,375.5,809.5,724.5,1.37,19.94,Low,Critical - Reorder Now
P3221,2030-01-30,S3,165,76,10,78,No,Medium,No,760,190.44,950.44,1482.44,1317.44,2.17,26.22,Low,Critical - Reorder Now
P3222,2030-01-31,S17,414,33,6,67,No,Medium,No,198,154.83,352.83,583.83,169.83,12.55,25.11,Low,Low Stock
P3223,2030-02-01,S5,461,107,1,73,No,Medium,No,107,61.58,168.58,917.58,456.58,4.31,10.36,Low,Low Stock
P3224,2030-02-02,S20,407,96,9,69,No,High,Yes,864,187.99,1051.99,1723.99,1316.99,4.24,57.05,Medium,Critical - Reorder Now
P3225,2030-02-03,S8,113,10,5,62,Yes,Low,No,50,144.37,194.37,264.37,151.37,11.3,21.76,Low,Critical - Reorder Now
P3226,2030-02-04,S14,432,20,13,97,No,High,No,260,198.55,458.55,598.55,166.55,21.6,9.72,Low,Critical - Reorder Now
P3227,2030-02-05,S4,479,24,12,88,No,Low,No,288,199.22,487.22,655.22,176.22,19.96,19.09,Low,Critical - Reorder Now
P3228,2030-02-06,S11,355,84,14,74,No,Medium,Yes,1176,229.39,1405.39,1993.39,1638.39,4.23,26.42,Low,Critical - Reorder Now
P3229,2030-02-07,S20,415,75,7,82,No,High,No,525,156.46,681.46,1206.46,791.46,5.53,11.05,Low,Critical - Reorder Now
P3230,2030-02-08,S15,182,109,9,82,Yes,Low,No,981,177.41,1158.41,1921.41,1739.41,1.67,23.28,Low,Critical - Reorder Now
P3231,2030-02-09,S19,206,82,9,77,No,Medium,No,738,181.48,919.48,1493.48,1287.48,2.51,19.36,Low,Critical - Reorder Now
P3232,2030-02-10,S7,255,47,1,78,No,Medium,No,47,60.22,107.22,436.22,181.22,5.43,8.95,Low,Low Stock
P3233,2030-02-11,S19,234,30,1,87,No,High,No,30,57.78,87.78,297.78,63.78,7.8,16.07,Low,Low Stock
P3234,2030-02-12,S19,441,94,3,85,Yes,High,No,282,101.02,383.02,1041.02,600.02,4.69,15.95,Low,Low Stock
P3235,2030-02-13,S11,354,82,6,69,Yes,High,Yes,492,153.5,645.5,1219.5,865.5,4.32,60.49,Medium,Critical - Reorder Now
P3236,2030-02-14,S5,2,75,2,63,No,Medium,No,150,90.92,240.92,765.92,763.92,0.03,36.61,Low,Critical - Reorder Now
P3237,2030-02-15,S5,207,37,10,61,No,Low,No,370,205.03,575.03,834.03,627.03,5.59,33.37,Low,Critical - Reorder Now
P3238,2030-02-16,S8,196,30,12,62,Yes,Low,Yes,360,223.65,583.65,793.65,597.65,6.53,63.42,Medium,Critical - Reorder Now
P3239,2030-02-17,S10,340,49,11,66,Yes,High,Yes,539,210.53,749.53,1092.53,752.53,6.94,20.77,Low,Critical - Reorder Now
P3240,2030-02-18,S6,124,88,1,75,No,Low,Yes,88,61.04,149.04,765.04,641.04,1.41,76.06,High,Critical - Reorder Now
P3241,2030-02-19,S15,137,67,1,90,Yes,Medium,No,67,56.97,123.97,592.97,455.97,2.04,43.14,Medium,Low Stock
P3242,2030-02-20,S16,338,71,13,69,Yes,Low,No,923,225.94,1148.94,1645.94,1307.94,4.76,20.41,Low,Critical - Reorder Now
P3243,2030-02-21,S17,24,56,5,78,No,Medium,No,280,134.66,414.66,806.66,782.66,0.43,18.64,Low,Critical - Reorder Now
P3244,2030-02-22,S8,67,72,4,87,No,High,No,288,115.56,403.56,907.56,840.56,0.93,14.74,Low,Critical - Reorder Now
P3245,2030-02-23,S8,60,30,1,76,Yes,Low,No,30,60.77,90.77,300.77,240.77,2.0,51.28,Medium,Critical - Reorder Now
P3246,2030-02-24,S9,28,79,4,87,No,Medium,No,316,115.56,431.56,984.56,956.56,0.35,27.66,Low,Critical - Reorder Now
P3247,2030-02-25,S2,382,6,3,78,Yes,High,No,18,104.31,122.31,164.31,0.0,63.67,12.29,Low,Overstock
P3248,2030-02-26,S15,18,18,2,96,Yes,High,No,36,78.26,114.26,240.26,222.26,1.0,16.33,Low,Critical - Reorder Now
P3249,2030-02-27,S18,170,112,9,82,Yes,High,Yes,1008,177.41,1185.41,1969.41,1799.41,1.52,37.2,Low,Critical - Reorder Now
P3250,2030-02-28,S3,449,34,14,79,No,High,No,476,224.32,700.32,938.32,489.32,13.21,8.93,Low,Critical - Reorder Now
P3251,2030-03-01,S17,73,53,11,72,Yes,Low,No,583,205.14,788.14,1159.14,1086.14,1.38,18.56,Low,Critical - Reorder Now
P3252,2030-03-02,S4,60,16,1,72,No,Medium,Yes,16,61.85,77.85,189.85,129.85,3.75,77.02,High,Critical - Reorder Now
P3253,2030-03-03,S4,426,94,7,70,Yes,Low,No,658,165.08,823.08,1481.08,1055.08,4.53,9.29,Low,Critical - Reorder Now
P3254,2030-03-04,S14,152,48,14,74,Yes,Medium,Yes,672,229.39,901.39,1237.39,1085.39,3.17,83.29,High,Critical - Reorder Now
P3255,2030-03-05,S9,275,37,13,76,Yes,High,No,481,219.09,700.09,959.09,684.09,7.43,16.13,Low,Critical - Reorder Now
P3256,2030-03-06,S9,47,17,4,87,No,Low,No,68,115.56,183.56,302.56,255.56,2.76,44.93,Medium,Critical - Reorder Now
P3257,2030-03-07,S18,210,82,5,78,No,High,Yes,410,134.66,544.66,1118.66,908.66,2.56,28.82,Low,Critical - Reorder Now
P3258,2030-03-08,S10,342,92,10,63,No,Medium,No,920,203.31,1123.31,1767.31,1425.31,3.72,28.02,Low,Critical - Reorder Now
P3259,2030-03-09,S4,407,102,5,81,No,High,No,510,132.84,642.84,1356.84,949.84,3.99,31.41,Low,Critical - Reorder Now
P3260,2030-03-10,S12,138,112,1,81,Yes,Low,No,112,59.41,171.41,955.41,817.41,1.23,47.51,Medium,Critical - Reorder Now
P3261,2030-03-11,S8,109,30,6,96,No,Low,Yes,180,135.55,315.55,525.55,416.55,3.63,71.34,High,Critical - Reorder Now
P3262,2030-03-12,S2,481,25,13,98,Yes,Medium,No,325,197.58,522.58,697.58,216.58,19.24,18.92,Low,Critical - Reorder Now
P3263,2030-03-13,S13,182,32,9,93,No,Medium,Yes,288,168.46,456.46,680.46,498.46,5.69,68.93,Medium,Critical - Reorder Now
P3264,2030-03-14,S16,27,52,2,92,Yes,Low,No,104,79.8,183.8,547.8,520.8,0.52,25.13,Low,Critical - Reorder Now
P3265,2030-03-15,S2,196,104,7,99,Yes,Low,Yes,728,144.26,872.26,1600.26,1404.26,1.88,18.03,Low,Critical - Reorder Now
P3266,2030-03-16,S11,190,44,6,92,No,Low,No,264,138.21,402.21,710.21,520.21,4.32,54.64,Medium,Critical - Reorder Now
P3267,2030-03-17,S10,314,70,5,71,No,Low,No,350,138.91,488.91,978.91,664.91,4.49,28.01,Low,Critical - Reorder Now
P3268,2030-03-18,S15,388,110,4,61,No,Medium,No,440,129.67,569.67,1339.67,951.67,3.53,23.95,Low,Critical - Reorder Now
P3269,2030-03-19,S17,50,77,4,87,No,Low,No,308,115.56,423.56,962.56,912.56,0.65,14.67,Low,Critical - Reorder Now
P3270,2030-03-20,S8,148,91,6,69,No,Medium,No,546,153.5,699.5,1336.5,1188.5,1.63,42.29,Medium,Critical - Reorder Now
P3271,2030-03-21,S18,267,83,4,81,Yes,Low,No,332,118.82,450.82,1031.82,764.82,3.22,24.5,Low,Critical - Reorder Now
P3272,2030-03-22,S9,49,81,5,76,No,Low,No,405,135.88,540.88,1107.88,1058.88,0.6,8.85,Low,Critical - Reorder Now
P3273,2030-03-23,S8,387,27,13,85,No,High,Yes,351,210.29,561.29,750.29,363.29,14.33,66.91,Medium,Critical - Reorder Now
P3274,2030-03-24,S14,245,85,6,62,No,High,Yes,510,158.15,668.15,1263.15,1018.15,2.88,28.36,Low,Critical - Reorder Now
P3275,2030-03-25,S18,112,52,5,66,Yes,Low,No,260,141.94,401.94,765.94,653.94,2.15,16.15,Low,Critical - Reorder Now
P3276,2030-03-26,S20,169,6,7,67,No,Medium,Yes,42,167.23,209.23,251.23,82.23,28.17,67.34,Medium,Critical - Reorder Now
P3277,2030-03-27,S20,467,88,9,79,Yes,Low,No,792,179.86,971.86,1587.86,1120.86,5.31,17.05,Low,Critical - Reorder Now
P3278,2030-03-28,S12,165,24,10,71,No,High,Yes,240,196.45,436.45,604.45,439.45,6.88,57.81,Medium,Critical - Reorder Now
P3279,2030-03-29,S19,408,63,7,94,No,Low,No,441,147.85,588.85,1029.85,621.85,6.48,13.48,Low,Critical - Reorder Now
P3280,2030-03-30,S14,13,50,7,76,No,High,No,350,160.77,510.77,860.77,847.77,0.26,16.94,Low,Critical - Reorder Now
P3281,2030-03-31,S17,202,7,4,87,No,Low,No,28,115.56,143.56,192.56,0.0,28.86,15.63,Low,Healthy
P3282,2030-04-01,S3,287,59,1,69,No,Low,No,59,62.66,121.66,534.66,247.66,4.86,42.52,Medium,Low Stock
P3283,2030-04-02,S7,394,16,14,81,Yes,Medium,No,224,222.29,446.29,558.29,164.29,24.62,26.41,Low,Critical - Reorder Now
P3284,2030-04-03,S17,188,44,8,97,No,High,No,352,155.76,507.76,815.76,627.76,4.27,15.69,Low,Critical - Reorder Now
P3285,2030-04-04,S12,401,70,4,92,No,High,No,280,112.85,392.85,882.85,481.85,5.73,24.9,Low,Low Stock
P3286,2030-04-05,S9,154,104,1,81,No,High,No,104,59.41,163.41,891.41,737.41,1.48,18.91,Low,Critical - Reorder Now
P3287,2030-04-06,S15,54,82,5,96,No,Medium,Yes,410,123.74,533.74,1107.74,1053.74,0.66,66.15,Medium,Critical - Reorder Now
P3288,2030-04-07,S18,181,20,14,72,No,Low,No,280,231.42,511.42,651.42,470.42,9.05,10.88,Low,Critical - Reorder Now
P3289,2030-04-08,S13,209,87,14,86,Yes,Medium,Yes,1218,217.21,1435.21,2044.21,1835.21,2.4,65.09,Medium,Critical - Reorder Now
P3290,2030-04-09,S8,375,38,8,74,No,Low,Yes,304,173.41,477.41,743.41,368.41,9.87,66.14,Medium,Critical - Reorder Now
P3291,2030-04-10,S14,470,48,4,81,Yes,Medium,No,192,118.82,310.82,646.82,176.82,9.79,32.27,Low,Low Stock
P3292,2030-04-11,S8,74,114,13,89,No,Medium,No,1482,206.38,1688.38,2486.38,2412.38,0.65,31.57,Low,Critical - Reorder Now
P3293,2030-04-12,S14,276,10,12,99,No,High,No,120,188.88,308.88,378.88,102.88,27.6,4.92,Low,Critical - Reorder Now
P3294,2030-04-13,S7,427,81,8,96,Yes,Medium,No,648,156.53,804.53,1371.53,944.53,5.27,33.73,Low,Critical - Reorder Now
P3295,2030-04-14,S12,132,68,8,93,No,Low,No,544,158.83,702.83,1178.83,1046.83,1.94,25.69,Low,Critical - Reorder Now
P3296,2030-04-15,S11,342,104,3,93,No,Medium,No,312,97.26,409.26,1137.26,795.26,3.29,30.39,Low,Critical - Reorder Now
P3297,2030-04-16,S11,424,26,9,94,No,Medium,No,234,167.65,401.65,583.65,159.65,16.31,19.47,Low,Low Stock
P3298,2030-04-17,S13,58,22,3,78,Yes,Low,No,66,104.31,170.31,324.31,266.31,2.64,25.46,Low,Critical - Reorder Now
P3299,2030-04-18,S18,344,16,1,67,Yes,High,No,16,63.21,79.21,191.21,0.0,21.5,19.48,Low,Overstock
P3300,2030-04-19,S2,488,56,2,98,No,Low,No,112,77.5,189.5,581.5,93.5,8.71,22.08,Low,Low Stock
P3301,2030-04-20,S15,181,98,6,92,Yes,Low,No,588,138.21,726.21,1412.21,1231.21,1.85,48.44,Medium,Critical - Reorder Now
P3302,2030-04-21,S20,457,55,12,87,No,Low,No,660,200.16,860.16,1245.16,788.16,8.31,19.71,Low,Critical - Reorder Now
P3303,2030-04-22,S18,405,108,10,96,No,Medium,No,1080,175.0,1255.0,2011.0,1606.0,3.75,40.81,Medium,Critical - Reorder Now
P3304,2030-04-23,S15,338,75,2,84,Yes,Medium,Yes,150,82.87,232.87,757.87,419.87,4.51,61.89,Medium,Low Stock
P3305,2030-04-24,S19,320,100,6,95,No,Low,Yes,600,136.22,736.22,1436.22,1116.22,3.2,66.28,Medium,Critical - Reorder Now
P3306,2030-04-25,S12,63,52,14,76,No,Low,No,728,227.36,955.36,1319.36,1256.36,1.21,7.66,Low,Critical - Reorder Now
P3307,2030-04-26,S13,326,23,1,83,No,High,No,23,58.87,81.87,242.87,0.0,14.17,19.49,Low,Overstock
P3308,2030-04-27,S11,259,10,11,80,No,Medium,No,110,197.94,307.94,377.94,118.94,25.9,20.17,Low,Critical - Reorder Now
P3309,2030-04-28,S5,192,88,13,61,No,Medium,No,1144,233.76,1377.76,1993.76,1801.76,2.18,49.58,Medium,Critical - Reorder Now
P3310,2030-04-29,S1,142,31,1,90,Yes,Medium,No,31,56.97,87.97,304.97,162.97,4.58,28.85,Low,Low Stock
P3311,2030-04-30,S3,103,57,5,92,No,Medium,No,285,126.17,411.17,810.17,707.17,1.81,26.18,Low,Critical - Reorder Now
P3312,2030-05-01,S19,459,111,10,89,Yes,Low,No,1110,181.01,1291.01,2068.01,1609.01,4.14,26.86,Low,Critical - Reorder Now
P3313,2030-05-02,S7,405,105,13,71,No,Low,No,1365,223.98,1588.98,2323.98,1918.98,3.86,10.22,Low,Critical - Reorder Now
P3314,2030-05-03,S12,213,52,11,71,No,High,Yes,572,206.04,778.04,1142.04,929.04,4.1,34.51,Low,Critical - Reorder Now
P3315,2030-05-04,S15,241,11,9,83,No,Medium,Yes,99,176.6,275.6,352.6,111.6,21.91,61.48,Medium,Critical - Reorder Now
P3316,2030-05-05,S5,430,63,14,83,No,Medium,No,882,220.26,1102.26,1543.26,1113.26,6.83,26.09,Low,Critical - Reorder Now
P3317,2030-05-06,S15,208,73,8,70,Yes,Low,No,584,176.47,760.47,1271.47,1063.47,2.85,18.24,Low,Critical - Reorder Now
P3318,2030-05-07,S8,92,15,3,72,No,High,No,45,107.13,152.13,257.13,165.13,6.13,20.25,Low,Critical - Reorder Now
P3319,2030-05-08,S10,429,19,3,86,Yes,Low,Yes,57,100.55,157.55,290.55,0.0,22.58,72.13,High,Overstock
P3320,2030-05-09,S16,141,68,1,67,Yes,Medium,No,68,63.21,131.21,607.21,466.21,2.07,23.84,Low,Low Stock
P3321,2030-05-10,S8,433,7,14,69,Yes,Medium,No,98,234.47,332.47,381.47,0.0,61.86,12.19,Low,Healthy
P3322,2030-05-11,S1,403,73,3,67,No,High,No,219,109.48,328.48,839.48,436.48,5.52,14.11,Low,Low Stock
P3323,2030-05-12,S12,433,27,14,79,No,Low,No,378,224.32,602.32,791.32,358.32,16.04,13.21,Low,Critical - Reorder Now
P3324,2030-05-13,S5,111,57,12,67,No,Medium,No,684,218.96,902.96,1301.96,1190.96,1.95,49.06,Medium,Critical - Reorder Now
P3325,2030-05-14,S3,416,41,12,68,No,Medium,No,492,218.02,710.02,997.02,581.02,10.15,12.75,Low,Critical - Reorder Now
P3326,2030-05-15,S1,374,13,12,66,No,High,No,156,219.9,375.9,466.9,92.9,28.77,7.81,Low,Critical - Reorder Now
P3327,2030-05-16,S4,58,19,13,73,No,Medium,No,247,222.03,469.03,602.03,544.03,3.05,20.61,Low,Critical - Reorder Now
P3328,2030-05-17,S8,42,7,11,87,No,Medium,No,77,191.64,268.64,317.64,275.64,6.0,8.52,Low,Critical - Reorder Now
P3329,2030-05-18,S3,206,97,1,61,No,Low,No,97,64.83,161.83,840.83,634.83,2.12,28.07,Low,Low Stock
P3330,2030-05-19,S10,267,74,8,67,Yes,High,No,592,178.78,770.78,1288.78,1021.78,3.61,24.9,Low,Critical - Reorder Now
P3331,2030-05-20,S2,295,21,1,72,Yes,High,Yes,21,61.85,82.85,229.85,0.0,14.05,44.07,Medium,Overstock
P3332,2030-05-21,S11,117,30,5,80,No,High,No,150,133.45,283.45,493.45,376.45,3.9,18.11,Low,Critical - Reorder Now
P3333,2030-05-22,S10,19,25,9,87,No,Low,No,225,173.34,398.34,573.34,554.34,0.76,24.79,Low,Critical - Reorder Now
P3334,2030-05-23,S14,221,76,7,94,No,High,No,532,147.85,679.85,1211.85,990.85,2.91,22.0,Low,Critical - Reorder Now
P3335,2030-05-24,S7,165,25,4,82,No,Medium,Yes,100,118.28,218.28,393.28,228.28,6.6,18.75,Low,Critical - Reorder Now
P3336,2030-05-25,S2,130,15,11,74,Yes,High,No,165,203.34,368.34,473.34,343.34,8.67,14.69,Low,Critical - Reorder Now
P3337,2030-05-26,S9,155,42,9,61,No,Medium,Yes,378,194.5,572.5,866.5,711.5,3.69,70.4,High,Critical - Reorder Now
P3338,2030-05-27,S16,183,76,9,71,No,High,No,684,186.37,870.37,1402.37,1219.37,2.41,31.19,Low,Critical - Reorder Now
P3339,2030-05-28,S13,89,110,2,95,Yes,High,No,220,78.65,298.65,1068.65,979.65,0.81,38.77,Low,Critical - Reorder Now
P3340,2030-05-29,S9,93,92,10,62,No,Low,No,920,204.17,1124.17,1768.17,1675.17,1.01,19.29,Low,Critical - Reorder Now
P3341,2030-05-30,S20,12,39,10,64,Yes,High,No,390,202.45,592.45,865.45,853.45,0.31,21.29,Low,Critical - Reorder Now
P3342,2030-05-31,S4,460,18,11,62,No,High,No,198,214.13,412.13,538.13,78.13,25.56,10.06,Low,Low Stock
P3343,2030-06-01,S10,321,18,12,78,Yes,Low,No,216,208.62,424.62,550.62,229.62,17.83,30.37,Low,Critical - Reorder Now
P3344,2030-06-02,S12,292,14,6,61,No,Medium,No,84,158.81,242.81,340.81,48.81,20.86,34.8,Low,Low Stock
P3345,2030-06-03,S17,432,16,4,96,No,High,Yes,64,110.68,174.68,286.68,0.0,27.0,17.84,Low,Overstock
P3346,2030-06-04,S14,229,42,8,76,Yes,High,No,336,171.87,507.87,801.87,572.87,5.45,24.8,Low,Critical - Reorder Now
P3347,2030-06-05,S14,321,112,12,73,No,Medium,No,1344,213.32,1557.32,2341.32,2020.32,2.87,10.38,Low,Critical - Reorder Now
P3348,2030-06-06,S2,291,114,11,87,No,Low,No,1254,191.64,1445.64,2243.64,1952.64,2.55,13.9,Low,Critical - Reorder Now
P3349,2030-06-07,S20,437,38,7,86,No,High,No,266,153.59,419.59,685.59,248.59,11.5,25.04,Low,Low Stock
P3350,2030-06-08,S11,25,45,7,69,No,Low,No,315,165.79,480.79,795.79,770.79,0.56,14.84,Low,Critical - Reorder Now
P3351,2030-06-09,S16,74,14,11,62,Yes,Medium,Yes,154,214.13,368.13,466.13,392.13,5.29,43.76,Medium,Critical - Reorder Now
P3352,2030-06-10,S19,455,21,10,95,No,Medium,No,210,175.86,385.86,532.86,77.86,21.67,18.9,Low,Low Stock
P3353,2030-06-11,S6,363,21,9,97,No,Low,No,189,165.21,354.21,501.21,138.21,17.29,20.82,Low,Low Stock
P3354,2030-06-12,S19,423,71,13,84,Yes,Medium,No,923,211.27,1134.27,1631.27,1208.27,5.96,30.08,Low,Critical - Reorder Now
P3355,2030-06-13,S5,298,66,5,81,No,Medium,Yes,330,132.84,462.84,924.84,626.84,4.52,24.45,Low,Critical - Reorder Now
P3356,2030-06-14,S4,149,99,6,98,No,High,No,594,134.23,728.23,1421.23,1272.23,1.51,19.77,Low,Critical - Reorder Now
P3357,2030-06-15,S15,147,119,1,89,No,Low,Yes,119,57.24,176.24,1009.24,862.24,1.24,58.6,Medium,Critical - Reorder Now
P3358,2030-06-16,S4,7,5,6,80,No,High,No,30,146.19,176.19,211.19,204.19,1.4,23.38,Low,Critical - Reorder Now
P3359,2030-06-17,S20,28,16,2,89,Yes,Low,No,32,80.95,112.95,224.95,196.95,1.75,19.93,Low,Critical - Reorder Now
P3360,2030-06-18,S10,295,107,6,87,No,High,No,642,141.54,783.54,1532.54,1237.54,2.76,24.77,Low,Critical - Reorder Now
P3361,2030-06-19,S3,473,8,9,90,Yes,Medium,No,72,170.9,242.9,298.9,0.0,59.12,22.27,Low,Overstock
P3362,2030-06-20,S5,413,46,8,85,Yes,Low,Yes,368,164.97,532.97,854.97,441.97,8.98,77.19,High,Critical - Reorder Now
P3363,2030-06-21,S6,208,17,9,81,No,Low,Yes,153,178.23,331.23,450.23,242.23,12.24,64.73,Medium,Critical - Reorder Now
P3364,2030-06-22,S8,127,102,13,80,No,Low,No,1326,215.18,1541.18,2255.18,2128.18,1.25,41.87,Medium,Critical - Reorder Now
P3365,2030-06-23,S7,339,110,10,60,No,Low,No,1100,205.88,1305.88,2075.88,1736.88,3.08,10.64,Low,Critical - Reorder Now
P3366,2030-06-24,S10,115,89,8,96,Yes,Medium,No,712,156.53,868.53,1491.53,1376.53,1.29,14.02,Low,Critical - Reorder Now
P3367,2030-06-25,S6,438,90,3,72,No,Medium,No,270,107.13,377.13,1007.13,569.13,4.87,9.75,Low,Low Stock
P3368,2030-06-26,S14,143,8,8,80,No,Medium,Yes,64,168.8,232.8,288.8,145.8,17.88,19.19,Low,Critical - Reorder Now
P3369,2030-06-27,S4,429,86,6,68,No,High,No,516,154.16,670.16,1272.16,843.16,4.99,12.61,Low,Critical - Reorder Now
P3370,2030-06-28,S13,317,73,13,76,No,Medium,No,949,219.09,1168.09,1679.09,1362.09,4.34,24.74,Low,Critical - Reorder Now
P3371,2030-06-29,S20,234,23,6,80,No,High,Yes,138,146.19,284.19,445.19,211.19,10.17,36.97,Low,Critical - Reorder Now
P3372,2030-06-30,S17,6,6,6,90,No,High,No,36,139.54,175.54,217.54,211.54,1.0,27.87,Low,Critical - Reorder Now
P3373,2030-07-01,S7,463,16,3,98,Yes,Medium,No,48,94.91,142.91,254.91,0.0,28.94,15.27,Low,Overstock
P3374,2030-07-02,S4,44,85,10,81,Yes,Medium,No,850,187.87,1037.87,1632.87,1588.87,0.52,7.12,Low,Critical - Reorder Now
P3375,2030-07-03,S14,442,78,1,71,No,Medium,No,78,62.12,140.12,686.12,244.12,5.67,18.12,Low,Low Stock
P3376,2030-07-04,S3,238,102,12,65,No,High,No,1224,220.84,1444.84,2158.84,1920.84,2.33,7.78,Low,Critical - Reorder Now
P3377,2030-07-05,S5,439,10,14,75,Yes,Low,Yes,140,228.38,368.38,438.38,0.0,43.9,54.26,Medium,Healthy
P3378,2030-07-06,S16,431,12,4,85,No,Medium,Yes,48,116.65,164.65,248.65,0.0,35.92,28.35,Low,Overstock
P3379,2030-07-07,S20,154,55,10,64,No,High,No,550,202.45,752.45,1137.45,983.45,2.8,34.4,Low,Critical - Reorder Now
P3380,2030-07-08,S4,180,15,12,68,No,High,No,180,218.02,398.02,503.02,323.02,12.0,15.7,Low,Critical - Reorder Now
P3381,2030-07-09,S2,214,67,6,99,Yes,Medium,Yes,402,133.56,535.56,1004.56,790.56,3.19,56.77,Medium,Critical - Reorder Now
P3382,2030-07-10,S18,87,61,11,73,No,High,No,671,204.24,875.24,1302.24,1215.24,1.43,17.68,Low,Critical - Reorder Now
P3383,2030-07-11,S19,255,16,12,89,No,Medium,No,192,198.28,390.28,502.28,247.28,15.94,30.1,Low,Critical - Reorder Now
P3384,2030-07-12,S19,72,77,10,85,No,High,Yes,770,184.44,954.44,1493.44,1421.44,0.94,62.45,Medium,Critical - Reorder Now
P3385,2030-07-13,S17,418,6,2,88,Yes,Low,Yes,12,81.33,93.33,135.33,0.0,69.67,63.26,Medium,Overstock
P3386,2030-07-14,S14,178,12,7,78,No,High,No,84,159.34,243.34,327.34,149.34,14.83,18.11,Low,Critical - Reorder Now
P3387,2030-07-15,S19,211,15,7,67,No,Medium,No,105,167.23,272.23,377.23,166.23,14.07,51.11,Medium,Critical - Reorder Now
P3388,2030-07-16,S13,292,57,11,82,No,Low,Yes,627,196.14,823.14,1222.14,930.14,5.12,72.54,High,Critical - Reorder Now
P3389,2030-07-17,S12,233,104,4,94,No,Medium,No,416,111.77,527.77,1255.77,1022.77,2.24,42.67,Medium,Critical - Reorder Now
P3390,2030-07-18,S6,464,14,4,90,Yes,High,Yes,56,113.94,169.94,267.94,0.0,33.14,53.87,Medium,Overstock
P3391,2030-07-19,S4,238,89,1,94,No,Low,No,89,55.88,144.88,767.88,529.88,2.67,33.82,Low,Low Stock
P3392,2030-07-20,S19,222,88,13,91,No,Low,No,1144,204.42,1348.42,1964.42,1742.42,2.52,16.96,Low,Critical - Reorder Now
P3393,2030-07-21,S16,118,116,2,64,No,High,No,232,90.54,322.54,1134.54,1016.54,1.02,28.45,Low,Critical - Reorder Now
P3394,2030-07-22,S13,312,12,9,75,Yes,Low,No,108,183.11,291.11,375.11,63.11,26.0,18.76,Low,Low Stock
P3395,2030-07-23,S4,263,40,10,76,No,Low,No,400,192.16,592.16,872.16,609.16,6.58,16.56,Low,Critical - Reorder Now
P3396,2030-07-24,S17,206,97,8,91,No,Low,Yes,776,160.36,936.36,1615.36,1409.36,2.12,73.77,High,Critical - Reorder Now
P3397,2030-07-25,S1,94,110,8,97,No,Medium,Yes,880,155.76,1035.76,1805.76,1711.76,0.85,73.72,High,Critical - Reorder Now
P3398,2030-07-26,S18,372,80,9,91,No,Medium,No,720,170.09,890.09,1450.09,1078.09,4.65,15.79,Low,Critical - Reorder Now
P3399,2030-07-27,S20,221,18,7,79,No,Low,No,126,158.62,284.62,410.62,189.62,12.28,29.51,Low,Critical - Reorder Now
P3400,2030-07-28,S17,365,116,13,61,No,High,Yes,1508,233.76,1741.76,2553.76,2188.76,3.15,69.31,Medium,Critical - Reorder Now
P3401,2030-07-29,S15,275,58,9,79,No,High,No,522,179.86,701.86,1107.86,832.86,4.74,17.54,Low,Critical - Reorder Now
P3402,2030-07-30,S11,379,118,10,77,No,Medium,No,1180,191.3,1371.3,2197.3,1818.3,3.21,37.08,Low,Critical - Reorder Now
P3403,2030-07-31,S13,230,89,12,60,No,High,No,1068,225.53,1293.53,1916.53,1686.53,2.58,28.27,Low,Critical - Reorder Now
P3404,2030-08-01,S1,308,90,2,88,No,Low,No,180,81.33,261.33,891.33,583.33,3.42,20.93,Low,Low Stock
P3405,2030-08-02,S17,118,25,6,88,Yes,High,No,150,140.87,290.87,465.87,347.87,4.72,17.22,Low,Critical - Reorder Now
P3406,2030-08-03,S6,267,112,3,78,Yes,Medium,Yes,336,104.31,440.31,1224.31,957.31,2.38,38.73,Low,Critical - Reorder Now
P3407,2030-08-04,S4,432,54,11,99,No,Medium,No,594,180.84,774.84,1152.84,720.84,8.0,28.03,Low,Critical - Reorder Now
P3408,2030-08-05,S20,272,98,6,65,No,Low,No,588,156.15,744.15,1430.15,1158.15,2.78,20.4,Low,Critical - Reorder Now
P3409,2030-08-06,S16,63,43,3,98,Yes,Medium,No,129,94.91,223.91,524.91,461.91,1.47,17.13,Low,Critical - Reorder Now
P3410,2030-08-07,S15,297,24,8,67,Yes,Medium,No,192,178.78,370.78,538.78,241.78,12.38,17.7,Low,Critical - Reorder Now
P3411,2030-08-08,S15,349,92,11,83,Yes,Medium,No,1012,195.24,1207.24,1851.24,1502.24,3.79,19.24,Low,Critical - Reorder Now
P3412,2030-08-09,S6,412,91,13,79,No,High,Yes,1183,216.16,1399.16,2036.16,1624.16,4.53,15.54,Low,Critical - Reorder Now
P3413,2030-08-10,S15,402,11,4,73,No,Medium,Yes,44,123.16,167.16,244.16,0.0,36.55,58.28,Medium,Overstock
P3414,2030-08-11,S14,493,13,12,64,Yes,High,No,156,221.77,377.77,468.77,0.0,37.92,18.83,Low,Healthy
P3415,2030-08-12,S11,10,5,10,99,No,Medium,Yes,50,172.43,222.43,257.43,247.43,2.0,52.48,Medium,Critical - Reorder Now
P3416,2030-08-13,S7,97,30,6,93,No,Medium,No,180,137.55,317.55,527.55,430.55,3.23,33.0,Low,Critical - Reorder Now
P3417,2030-08-14,S9,433,42,9,75,No,High,No,378,183.11,561.11,855.11,422.11,10.31,21.34,Low,Critical - Reorder Now
P3418,2030-08-15,S16,70,42,2,66,No,High,No,84,89.77,173.77,467.77,397.77,1.67,21.0,Low,Critical - Reorder Now
P3419,2030-08-16,S5,363,65,2,75,Yes,Low,No,130,86.32,216.32,671.32,308.32,5.58,9.97,Low,Low Stock
P3420,2030-08-17,S20,57,48,7,66,No,Low,Yes,336,167.95,503.95,839.95,782.95,1.19,20.92,Low,Critical - Reorder Now
P3421,2030-08-18,S10,289,90,2,86,Yes,High,No,180,82.1,262.1,892.1,603.1,3.21,41.18,Medium,Low Stock
P3422,2030-08-19,S18,250,48,2,73,Yes,Medium,No,96,87.09,183.09,519.09,269.09,5.21,16.21,Low,Low Stock
P3423,2030-08-20,S3,275,78,4,73,No,Low,No,312,123.16,435.16,981.16,706.16,3.53,26.56,Low,Critical - Reorder Now
P3424,2030-08-21,S13,49,66,9,92,Yes,High,Yes,594,169.28,763.28,1225.28,1176.28,0.74,64.76,Medium,Critical - Reorder Now
P3425,2030-08-22,S11,357,10,8,92,No,High,No,80,159.59,239.59,309.59,0.0,35.7,11.96,Low,Healthy
P3426,2030-08-23,S17,215,21,2,79,Yes,Medium,No,42,84.78,126.78,273.78,58.78,10.24,19.87,Low,Low Stock
P3427,2030-08-24,S13,393,55,8,95,Yes,High,No,440,157.29,597.29,982.29,589.29,7.15,29.25,Low,Critical - Reorder Now
P3428,2030-08-25,S6,415,118,4,66,No,Low,No,472,126.96,598.96,1424.96,1009.96,3.52,7.27,Low,Critical - Reorder Now
P3429,2030-08-26,S17,51,42,2,91,No,Medium,No,84,80.18,164.18,458.18,407.18,1.21,23.37,Low,Critical - Reorder Now
P3430,2030-08-27,S13,270,28,11,62,No,High,No,308,214.13,522.13,718.13,448.13,9.64,18.9,Low,Critical - Reorder Now
P3431,2030-08-28,S19,484,55,10,98,No,High,Yes,550,173.29,723.29,1108.29,624.29,8.8,56.82,Medium,Critical - Reorder Now
P3432,2030-08-29,S19,83,14,7,88,No,Medium,No,98,152.16,250.16,348.16,265.16,5.93,19.86,Low,Critical - Reorder Now
P3433,2030-08-30,S10,386,76,6,83,No,Medium,No,456,144.19,600.19,1132.19,746.19,5.08,15.55,Low,Critical - Reorder Now
P3434,2030-08-31,S3,292,25,14,81,No,Medium,No,350,222.29,572.29,747.29,455.29,11.68,25.12,Low,Critical - Reorder Now
P3435,2030-09-01,S14,125,74,10,65,Yes,Low,No,740,201.59,941.59,1459.59,1334.59,1.69,8.83,Low,Critical - Reorder Now
P3436,2030-09-02,S19,295,89,5,83,Yes,Low,Yes,445,131.63,576.63,1199.63,904.63,3.31,28.61,Low,Critical - Reorder Now
P3437,2030-09-03,S5,71,61,11,99,No,High,No,671,180.84,851.84,1278.84,1207.84,1.16,12.99,Low,Critical - Reorder Now
P3438,2030-09-04,S5,295,43,1,82,Yes,High,Yes,43,59.14,102.14,403.14,108.14,6.86,69.17,Medium,Low Stock
P3439,2030-09-05,S20,235,92,2,97,Yes,Medium,No,184,77.88,261.88,905.88,670.88,2.55,20.91,Low,Critical - Reorder Now
P3440,2030-09-06,S17,55,37,8,69,Yes,High,No,296,177.24,473.24,732.24,677.24,1.49,11.47,Low,Critical - Reorder Now
P3441,2030-09-07,S10,406,63,1,75,Yes,High,Yes,63,61.04,124.04,565.04,159.04,6.44,54.51,Medium,Low Stock
P3442,2030-09-08,S5,359,22,3,70,Yes,Medium,No,66,108.07,174.07,328.07,0.0,16.32,10.47,Low,Healthy
P3443,2030-09-09,S4,394,60,2,91,Yes,Low,No,120,80.18,200.18,620.18,226.18,6.57,22.41,Low,Low Stock
P3444,2030-09-10,S6,109,96,5,65,Yes,Low,No,480,142.55,622.55,1294.55,1185.55,1.14,24.13,Low,Critical - Reorder Now
P3445,2030-09-11,S4,191,61,4,83,Yes,Low,Yes,244,117.73,361.73,788.73,597.73,3.13,28.84,Low,Critical - Reorder Now
P3446,2030-09-12,S7,391,100,13,92,No,High,No,1300,203.44,1503.44,2203.44,1812.44,3.91,44.02,Medium,Critical - Reorder Now
P3447,2030-09-13,S7,92,80,7,71,Yes,Medium,Yes,560,164.36,724.36,1284.36,1192.36,1.15,71.32,High,Critical - Reorder Now
P3448,2030-09-14,S18,349,52,5,86,No,Low,Yes,260,129.81,389.81,753.81,404.81,6.71,71.14,High,Critical - Reorder Now
P3449,2030-09-15,S3,55,46,8,97,No,High,No,368,155.76,523.76,845.76,790.76,1.2,38.12,Low,Critical - Reorder Now
P3450,2030-09-16,S1,59,31,4,77,No,Medium,Yes,124,120.99,244.99,461.99,402.99,1.9,20.03,Low,Critical - Reorder Now
P3451,2030-09-17,S4,137,78,12,98,No,Low,No,936,189.82,1125.82,1671.82,1534.82,1.76,8.14,Low,Critical - Reorder Now
P3452,2030-09-18,S6,38,114,6,72,No,Low,No,684,151.5,835.5,1633.5,1595.5,0.33,24.79,Low,Critical - Reorder Now
P3453,2030-09-19,S9,27,56,4,99,Yes,Medium,No,224,109.05,333.05,725.05,698.05,0.48,17.41,Low,Critical - Reorder Now
P3454,2030-09-20,S14,48,46,2,89,No,High,No,92,80.95,172.95,494.95,446.95,1.04,21.5,Low,Critical - Reorder Now
P3455,2030-09-21,S12,419,36,1,72,Yes,High,No,36,61.85,97.85,349.85,0.0,11.64,24.86,Low,Healthy
P3456,2030-09-22,S20,124,110,14,93,No,Low,Yes,1540,210.11,1750.11,2520.11,2396.11,1.13,39.04,Low,Critical - Reorder Now
P3457,2030-09-23,S4,12,30,14,95,No,Medium,No,420,208.08,628.08,838.08,826.08,0.4,16.91,Low,Critical - Reorder Now
P3458,2030-09-24,S12,479,29,1,89,Yes,High,No,29,57.24,86.24,289.24,0.0,16.52,30.63,Low,Overstock
P3459,2030-09-25,S10,35,79,8,84,No,Medium,No,632,165.73,797.73,1350.73,1315.73,0.44,33.12,Low,Critical - Reorder Now
P3460,2030-09-26,S7,100,27,14,61,No,Medium,Yes,378,242.59,620.59,809.59,709.59,3.7,68.73,Medium,Critical - Reorder Now
P3461,2030-09-27,S3,281,102,4,95,Yes,Low,No,408,111.22,519.22,1233.22,952.22,2.75,29.22,Low,Critical - Reorder Now
P3462,2030-09-28,S14,85,61,5,77,No,Medium,No,305,135.27,440.27,867.27,782.27,1.39,34.64,Low,Critical - Reorder Now
P3463,2030-09-29,S10,3,56,11,64,No,Medium,No,616,212.33,828.33,1220.33,1217.33,0.05,41.74,Medium,Critical - Reorder Now
P3464,2030-09-30,S16,222,108,8,78,No,Medium,No,864,170.34,1034.34,1790.34,1568.34,2.06,13.44,Low,Critical - Reorder Now
P3465,2030-10-01,S16,337,91,12,77,Yes,High,No,1092,209.56,1301.56,1938.56,1601.56,3.7,21.34,Low,Critical - Reorder Now
P3466,2030-10-02,S10,447,97,7,91,Yes,Low,No,679,150.0,829.0,1508.0,1061.0,4.61,43.0,Medium,Critical - Reorder Now
P3467,2030-10-03,S13,165,35,13,80,No,Low,No,455,215.18,670.18,915.18,750.18,4.71,20.35,Low,Critical - Reorder Now
P3468,2030-10-04,S6,382,68,8,69,No,Medium,No,544,177.24,721.24,1197.24,815.24,5.62,18.67,Low,Critical - Reorder Now
P3469,2030-10-05,S12,343,75,13,96,No,Medium,Yes,975,199.53,1174.53,1699.53,1356.53,4.57,54.17,Medium,Critical - Reorder Now
P3470,2030-10-06,S9,382,108,8,81,No,High,No,864,168.03,1032.03,1788.03,1406.03,3.54,27.3,Low,Critical - Reorder Now
P3471,2030-10-07,S13,375,37,6,72,Yes,Low,No,222,151.5,373.5,632.5,257.5,10.14,21.29,Low,Low Stock
P3472,2030-10-08,S4,470,89,10,76,No,High,No,890,192.16,1082.16,1705.16,1235.16,5.28,15.97,Low,Critical - Reorder Now
P3473,2030-10-09,S11,277,6,2,68,No,Low,No,12,89.0,101.0,143.0,0.0,46.17,15.69,Low,Overstock
P3474,2030-10-10,S20,129,22,6,83,No,High,No,132,144.19,276.19,430.19,301.19,5.86,37.88,Low,Critical - Reorder Now
P3475,2030-10-11,S18,30,51,14,73,Yes,Medium,Yes,714,230.41,944.41,1301.41,1271.41,0.59,68.76,Medium,Critical - Reorder Now
P3476,2030-10-12,S11,374,37,1,67,Yes,High,No,37,63.21,100.21,359.21,0.0,10.11,6.84,Low,Healthy
P3477,2030-10-13,S4,10,105,1,96,No,Medium,No,105,55.34,160.34,895.34,885.34,0.1,26.27,Low,Critical - Reorder Now
P3478,2030-10-14,S18,475,102,11,78,Yes,Low,No,1122,199.74,1321.74,2035.74,1560.74,4.66,46.26,Medium,Critical - Reorder Now
P3479,2030-10-15,S1,301,88,3,87,No,Low,No,264,100.08,364.08,980.08,679.08,3.42,17.22,Low,Critical - Reorder Now
P3480,2030-10-16,S7,95,39,3,89,Yes,Medium,Yes,117,99.14,216.14,489.14,394.14,2.44,33.74,Low,Critical - Reorder Now
P3481,2030-10-17,S6,189,55,11,66,Yes,Low,No,605,210.53,815.53,1200.53,1011.53,3.44,46.12,Medium,Critical - Reorder Now
P3482,2030-10-18,S15,452,118,13,85,Yes,High,No,1534,210.29,1744.29,2570.29,2118.29,3.83,29.47,Low,Critical - Reorder Now
P3483,2030-10-19,S18,191,22,5,99,No,Medium,No,110,121.92,231.92,385.92,194.92,8.68,14.56,Low,Critical - Reorder Now
P3484,2030-10-20,S11,485,114,1,70,No,Low,No,114,62.39,176.39,974.39,489.39,4.25,24.07,Low,Low Stock
P3485,2030-10-21,S20,265,92,10,73,No,High,No,920,194.73,1114.73,1758.73,1493.73,2.88,22.21,Low,Critical - Reorder Now
P3486,2030-10-22,S15,423,76,6,80,No,High,No,456,146.19,602.19,1134.19,711.19,5.57,12.21,Low,Critical - Reorder Now
P3487,2030-10-23,S16,127,34,7,67,Yes,Low,No,238,167.23,405.23,643.23,516.23,3.74,15.79,Low,Critical - Reorder Now
P3488,2030-10-24,S7,237,48,10,62,Yes,Low,No,480,204.17,684.17,1020.17,783.17,4.94,27.04,Low,Critical - Reorder Now
P3489,2030-10-25,S10,407,57,12,87,No,High,Yes,684,200.16,884.16,1283.16,876.16,7.14,72.07,High,Critical - Reorder Now
P3490,2030-10-26,S12,354,14,13,88,No,Medium,No,182,207.36,389.36,487.36,133.36,25.29,12.31,Low,Critical - Reorder Now
P3491,2030-10-27,S14,427,91,11,82,No,Low,No,1001,196.14,1197.14,1834.14,1407.14,4.69,14.46,Low,Critical - Reorder Now
P3492,2030-10-28,S5,111,56,3,77,No,Low,No,168,104.78,272.78,664.78,553.78,1.98,21.35,Low,Critical - Reorder Now
P3493,2030-10-29,S18,315,53,4,94,No,Medium,No,212,111.77,323.77,694.77,379.77,5.94,21.12,Low,Critical - Reorder Now
P3494,2030-10-30,S5,445,15,10,72,Yes,Medium,No,150,195.59,345.59,450.59,5.59,29.67,29.92,Low,Low Stock
P3495,2030-10-31,S3,342,70,11,71,No,Low,No,770,206.04,976.04,1466.04,1124.04,4.89,24.14,Low,Critical - Reorder Now
P3496,2030-11-01,S5,144,62,10,64,Yes,Medium,No,620,202.45,822.45,1256.45,1112.45,2.32,20.98,Low,Critical - Reorder Now
P3497,2030-11-02,S17,64,94,14,98,No,High,No,1316,205.03,1521.03,2179.03,2115.03,0.68,16.86,Low,Critical - Reorder Now
P3498,2030-11-03,S19,246,40,12,70,No,High,No,480,216.14,696.14,976.14,730.14,6.15,18.16,Low,Critical - Reorder Now
P3499,2030-11-04,S19,222,37,10,70,Yes,High,No,370,197.3,567.3,826.3,604.3,6.0,24.54,Low,Critical - Reorder Now
P3500,2030-11-05,S12,478,51,14,90,No,Low,No,714,213.15,927.15,1284.15,806.15,9.37,17.97,Low,Critical - Reorder Now
P3501,2030-11-06,S9,489,17,10,90,Yes,Medium,Yes,170,180.15,350.15,469.15,0.0,28.76,74.17,High,Healthy
P3502,2030-11-07,S1,312,44,10,72,No,High,No,440,195.59,635.59,943.59,631.59,7.09,44.25,Medium,Critical - Reorder Now
P3503,2030-11-08,S18,438,93,3,73,No,Medium,No,279,106.66,385.66,1036.66,598.66,4.71,13.47,Low,Low Stock
P3504,2030-11-09,S4,105,72,1,84,No,High,No,72,58.6,130.6,634.6,529.6,1.46,13.74,Low,Critical - Reorder Now
P3505,2030-11-10,S10,180,46,8,92,No,Medium,No,368,159.59,527.59,849.59,669.59,3.91,44.4,Medium,Critical - Reorder Now
P3506,2030-11-11,S7,183,23,13,92,Yes,High,No,299,203.44,502.44,663.44,480.44,7.96,24.81,Low,Critical - Reorder Now
P3507,2030-11-12,S1,225,86,10,74,No,High,No,860,193.87,1053.87,1655.87,1430.87,2.62,21.93,Low,Critical - Reorder Now
P3508,2030-11-13,S17,264,105,10,75,No,High,No,1050,193.02,1243.02,1978.02,1714.02,2.51,29.11,Low,Critical - Reorder Now
P3509,2030-11-14,S2,277,98,2,97,No,High,Yes,196,77.88,273.88,959.88,682.88,2.83,20.93,Low,Low Stock
P3510,2030-11-15,S11,396,23,1,65,Yes,High,No,23,63.75,86.75,247.75,0.0,17.22,13.01,Low,Overstock
P3511,2030-11-16,S9,88,62,14,84,Yes,High,No,868,219.24,1087.24,1521.24,1433.24,1.42,29.84,Low,Critical - Reorder Now
P3512,2030-11-17,S7,175,27,8,74,Yes,High,No,216,173.41,389.41,578.41,403.41,6.48,21.5,Low,Critical - Reorder Now
P3513,2030-11-18,S17,17,58,7,63,No,High,No,406,170.1,576.1,982.1,965.1,0.29,14.22,Low,Critical - Reorder Now
P3514,2030-11-19,S17,370,84,7,63,Yes,High,No,588,170.1,758.1,1346.1,976.1,4.4,14.77,Low,Critical - Reorder Now
P3515,2030-11-20,S2,459,69,4,89,No,Medium,No,276,114.48,390.48,873.48,414.48,6.65,24.76,Low,Low Stock
P3516,2030-11-21,S6,423,16,11,93,No,Medium,No,176,186.24,362.24,474.24,51.24,26.44,10.57,Low,Low Stock
P3517,2030-11-22,S14,400,28,9,86,No,Low,No,252,174.16,426.16,622.16,222.16,14.29,27.55,Low,Critical - Reorder Now
P3518,2030-11-23,S6,398,38,6,90,No,High,No,228,139.54,367.54,633.54,235.54,10.47,41.43,Medium,Low Stock
P3519,2030-11-24,S2,105,57,2,91,Yes,Medium,No,114,80.18,194.18,593.18,488.18,1.84,38.53,Low,Critical - Reorder Now
P3520,2030-11-25,S1,270,12,14,98,No,Medium,No,168,205.03,373.03,457.03,187.03,22.5,3.12,Low,Critical - Reorder Now
P3521,2030-11-26,S10,462,22,1,68,No,Medium,No,22,62.94,84.94,238.94,0.0,21.0,16.98,Low,Overstock
P3522,2030-11-27,S5,318,61,1,67,No,Medium,No,61,63.21,124.21,551.21,233.21,5.21,13.44,Low,Low Stock
P3523,2030-11-28,S2,166,116,9,73,No,Medium,Yes,1044,184.74,1228.74,2040.74,1874.74,1.43,62.51,Medium,Critical - Reorder Now
P3524,2030-11-29,S16,12,9,4,92,Yes,Medium,No,36,112.85,148.85,211.85,199.85,1.33,11.03,Low,Critical - Reorder Now
P3525,2030-11-30,S2,336,30,5,82,No,Low,No,150,132.24,282.24,492.24,156.24,11.2,19.88,Low,Low Stock
P3526,2030-12-01,S10,31,34,3,80,No,Medium,No,102,103.37,205.37,443.37,412.37,0.91,14.04,Low,Critical - Reorder Now
P3527,2030-12-02,S2,392,58,4,71,No,Low,Yes,232,124.24,356.24,762.24,370.24,6.76,43.01,Medium,Low Stock
P3528,2030-12-03,S16,39,17,12,61,Yes,Low,No,204,224.59,428.59,547.59,508.59,2.29,34.32,Low,Critical - Reorder Now
P3529,2030-12-04,S16,147,87,8,72,Yes,High,Yes,696,174.94,870.94,1479.94,1332.94,1.69,71.12,High,Critical - Reorder Now
P3530,2030-12-05,S19,217,33,13,63,No,High,No,429,231.81,660.81,891.81,674.81,6.58,30.14,Low,Critical - Reorder Now
P3531,2030-12-06,S7,218,7,4,79,No,High,No,28,119.9,147.9,196.9,0.0,31.14,13.42,Low,Healthy
P3532,2030-12-07,S12,468,94,9,73,No,Medium,No,846,184.74,1030.74,1688.74,1220.74,4.98,27.54,Low,Critical - Reorder Now
P3533,2030-12-08,S15,81,108,9,89,No,High,No,972,171.72,1143.72,1899.72,1818.72,0.75,33.29,Low,Critical - Reorder Now
P3534,2030-12-09,S8,332,62,6,88,No,Medium,No,372,140.87,512.87,946.87,614.87,5.35,10.48,Low,Critical - Reorder Now
P3535,2030-12-10,S6,207,80,2,67,Yes,Medium,No,160,89.39,249.39,809.39,602.39,2.59,23.28,Low,Critical - Reorder Now
P3536,2030-12-11,S10,200,6,12,71,Yes,High,Yes,72,215.2,287.2,329.2,129.2,33.33,36.42,Low,Critical - Reorder Now
P3537,2030-12-12,S3,446,79,10,97,No,High,Yes,790,174.14,964.14,1517.14,1071.14,5.65,21.28,Low,Critical - Reorder Now
P3538,2030-12-13,S19,331,112,11,85,No,Low,No,1232,193.44,1425.44,2209.44,1878.44,2.96,10.25,Low,Critical - Reorder Now
P3539,2030-12-14,S17,427,32,7,61,No,Low,Yes,224,171.54,395.54,619.54,192.54,13.34,61.44,Medium,Low Stock
P3540,2030-12-15,S7,37,86,9,99,No,Medium,Yes,774,163.58,937.58,1539.58,1502.58,0.43,30.73,Low,Critical - Reorder Now
P3541,2030-12-16,S20,210,81,6,73,No,Medium,No,486,150.84,636.84,1203.84,993.84,2.59,16.35,Low,Critical - Reorder Now
P3542,2030-12-17,S4,443,105,3,65,No,High,No,315,110.42,425.42,1160.42,717.42,4.22,24.99,Low,Low Stock
P3543,2030-12-18,S14,326,90,14,99,Yes,High,No,1260,204.02,1464.02,2094.02,1768.02,3.62,17.52,Low,Critical - Reorder Now
P3544,2030-12-19,S20,248,80,7,90,Yes,Low,No,560,150.72,710.72,1270.72,1022.72,3.1,31.41,Low,Critical - Reorder Now
P3545,2030-12-20,S15,226,6,5,76,Yes,High,No,30,135.88,165.88,207.88,0.0,37.67,28.31,Low,Healthy
P3546,2030-12-21,S8,47,105,1,84,No,Medium,No,105,58.6,163.6,898.6,851.6,0.45,16.14,Low,Critical - Reorder Now
P3547,2030-12-22,S15,17,11,3,91,No,High,No,33,98.2,131.2,208.2,191.2,1.55,23.47,Low,Critical - Reorder Now
P3548,2030-12-23,S20,399,30,5,71,Yes,Low,No,150,138.91,288.91,498.91,99.91,13.3,21.18,Low,Low Stock
P3549,2030-12-24,S14,438,94,7,72,Yes,Medium,No,658,163.64,821.64,1479.64,1041.64,4.66,20.6,Low,Critical - Reorder Now
P3550,2030-12-25,S9,294,92,3,78,No,Low,Yes,276,104.31,380.31,1024.31,730.31,3.2,61.12,Medium,Critical - Reorder Now
P3551,2030-12-26,S8,195,80,6,84,No,Low,No,480,143.53,623.53,1183.53,988.53,2.44,31.75,Low,Critical - Reorder Now
P3552,2030-12-27,S17,186,20,5,90,No,Medium,Yes,100,127.38,227.38,367.38,181.38,9.3,63.03,Medium,Critical - Reorder Now
P3553,2030-12-28,S2,344,27,13,96,No,Low,No,351,199.53,550.53,739.53,395.53,12.74,4.94,Low,Critical - Reorder Now
P3554,2030-12-29,S3,223,44,1,84,No,High,No,44,58.6,102.6,410.6,187.6,5.07,25.88,Low,Low Stock
P3555,2030-12-30,S8,317,64,10,75,Yes,High,Yes,640,193.02,833.02,1281.02,964.02,4.95,70.97,High,Critical - Reorder Now
P3556,2030-12-31,S12,487,77,6,97,Yes,Low,No,462,134.89,596.89,1135.89,648.89,6.32,16.98,Low,Critical - Reorder Now
P3557,2031-01-01,S1,396,36,14,82,No,High,No,504,221.27,725.27,977.27,581.27,11.0,17.37,Low,Critical - Reorder Now
P3558,2031-01-02,S10,364,19,8,73,No,Low,No,152,174.17,326.17,459.17,95.17,19.16,21.64,Low,Low Stock
P3559,2031-01-03,S20,336,105,13,65,Yes,High,No,1365,229.85,1594.85,2329.85,1993.85,3.2,17.03,Low,Critical - Reorder Now
P3560,2031-01-04,S3,496,17,13,84,No,Low,No,221,211.27,432.27,551.27,55.27,29.18,14.76,Low,Low Stock
P3561,2031-01-05,S6,228,9,1,82,Yes,High,No,9,59.14,68.14,131.14,0.0,25.33,40.14,Medium,Overstock
P3562,2031-01-06,S7,389,79,2,71,No,Medium,No,158,87.85,245.85,798.85,409.85,4.92,15.57,Low,Low Stock
P3563,2031-01-07,S20,466,78,14,72,Yes,Medium,Yes,1092,231.42,1323.42,1869.42,1403.42,5.97,61.82,Medium,Critical - Reorder Now
P3564,2031-01-08,S18,76,56,4,95,No,High,No,224,111.22,335.22,727.22,651.22,1.36,35.95,Low,Critical - Reorder Now
P3565,2031-01-09,S11,187,81,12,98,Yes,Low,No,972,189.82,1161.82,1728.82,1541.82,2.31,10.36,Low,Critical - Reorder Now
P3566,2031-01-10,S19,345,45,2,93,No,High,No,90,79.41,169.41,484.41,139.41,7.67,31.09,Low,Low Stock
P3567,2031-01-11,S5,269,57,11,65,Yes,Low,Yes,627,211.43,838.43,1237.43,968.43,4.72,76.49,High,Critical - Reorder Now
P3568,2031-01-12,S19,94,114,9,97,No,High,No,1026,165.21,1191.21,1989.21,1895.21,0.82,41.98,Medium,Critical - Reorder Now
P3569,2031-01-13,S11,309,54,10,99,No,High,No,540,172.43,712.43,1090.43,781.43,5.72,19.14,Low,Critical - Reorder Now
P3570,2031-01-14,S12,131,19,8,67,Yes,Medium,No,152,178.78,330.78,463.78,332.78,6.89,41.97,Medium,Critical - Reorder Now
P3571,2031-01-15,S10,38,110,8,67,Yes,Low,No,880,178.78,1058.78,1828.78,1790.78,0.35,22.67,Low,Critical - Reorder Now
P3572,2031-01-16,S8,71,11,4,99,No,Low,No,44,109.05,153.05,230.05,159.05,6.45,14.49,Low,Critical - Reorder Now
P3573,2031-01-17,S9,280,44,5,92,No,Low,Yes,220,126.17,346.17,654.17,374.17,6.36,71.52,High,Critical - Reorder Now
P3574,2031-01-18,S4,332,32,4,93,Yes,Low,Yes,128,112.31,240.31,464.31,132.31,10.38,65.32,Medium,Low Stock
P3575,2031-01-19,S5,159,36,13,74,Yes,Low,No,468,221.05,689.05,941.05,782.05,4.42,17.99,Low,Critical - Reorder Now
P3576,2031-01-20,S8,186,103,9,95,Yes,Medium,No,927,166.83,1093.83,1814.83,1628.83,1.81,20.34,Low,Critical - Reorder Now
P3577,2031-01-21,S9,485,19,13,94,Yes,High,No,247,201.49,448.49,581.49,96.49,25.53,36.05,Low,Low Stock
P3578,2031-01-22,S15,190,116,2,81,No,Low,No,232,84.02,316.02,1128.02,938.02,1.64,32.65,Low,Critical - Reorder Now
P3579,2031-01-23,S15,421,104,13,82,No,Low,No,1352,213.22,1565.22,2293.22,1872.22,4.05,13.8,Low,Critical - Reorder Now
P3580,2031-01-24,S16,119,89,11,99,No,High,No,979,180.84,1159.84,1782.84,1663.84,1.34,10.65,Low,Critical - Reorder Now
P3581,2031-01-25,S14,219,74,8,81,No,Medium,Yes,592,168.03,760.03,1278.03,1059.03,2.96,64.01,Medium,Critical - Reorder Now
P3582,2031-01-26,S8,52,69,2,64,No,Medium,Yes,138,90.54,228.54,711.54,659.54,0.75,16.31,Low,Critical - Reorder Now
P3583,2031-01-27,S18,221,8,1,90,No,Medium,No,8,56.97,64.97,120.97,0.0,27.62,7.98,Low,Overstock
P3584,2031-01-28,S10,450,15,10,72,Yes,High,No,150,195.59,345.59,450.59,0.59,30.0,19.72,Low,Low Stock
P3585,2031-01-29,S20,411,112,3,87,No,High,No,336,100.08,436.08,1220.08,809.08,3.67,15.99,Low,Critical - Reorder Now
P3586,2031-01-30,S6,130,30,9,79,No,Medium,No,270,179.86,449.86,659.86,529.86,4.33,11.16,Low,Critical - Reorder Now
P3587,2031-01-31,S12,236,65,12,92,Yes,Medium,No,780,195.46,975.46,1430.46,1194.46,3.63,24.54,Low,Critical - Reorder Now
P3588,2031-02-01,S2,245,41,3,75,Yes,High,No,123,105.72,228.72,515.72,270.72,5.98,15.17,Low,Low Stock
P3589,2031-02-02,S7,225,27,9,88,Yes,Medium,No,243,172.53,415.53,604.53,379.53,8.33,31.44,Low,Critical - Reorder Now
P3590,2031-02-03,S16,207,97,7,82,Yes,Low,No,679,156.46,835.46,1514.46,1307.46,2.13,22.7,Low,Critical - Reorder Now
P3591,2031-02-04,S3,405,89,13,83,No,High,No,1157,212.25,1369.25,1992.25,1587.25,4.55,15.08,Low,Critical - Reorder Now
P3592,2031-02-05,S13,95,116,10,93,No,Medium,Yes,1160,177.57,1337.57,2149.57,2054.57,0.82,60.91,Medium,Critical - Reorder Now
P3593,2031-02-06,S3,421,113,1,66,No,Low,No,113,63.48,176.48,967.48,546.48,3.73,17.04,Low,Low Stock
P3594,2031-02-07,S18,199,113,10,97,Yes,High,No,1130,174.14,1304.14,2095.14,1896.14,1.76,29.53,Low,Critical - Reorder Now
P3595,2031-02-08,S11,246,117,5,96,No,High,Yes,585,123.74,708.74,1527.74,1281.74,2.1,66.36,Medium,Critical - Reorder Now
P3596,2031-02-09,S8,71,95,9,63,Yes,Low,No,855,192.88,1047.88,1712.88,1641.88,0.75,14.38,Low,Critical - Reorder Now
P3597,2031-02-10,S6,317,107,12,93,No,High,No,1284,194.52,1478.52,2227.52,1910.52,2.96,35.38,Low,Critical - Reorder Now
P3598,2031-02-11,S1,184,44,3,81,No,Medium,No,132,102.9,234.9,542.9,358.9,4.18,14.68,Low,Critical - Reorder Now
P3599,2031-02-12,S1,5,81,9,64,Yes,High,No,729,192.06,921.06,1488.06,1483.06,0.06,18.93,Low,Critical - Reorder Now
P3600,2031-02-13,S8,205,27,5,82,No,Medium,No,135,132.24,267.24,456.24,251.24,7.59,11.08,Low,Critical - Reorder Now
P3601,2031-02-14,S5,31,20,9,74,No,Low,No,180,183.92,363.92,503.92,472.92,1.55,35.49,Low,Critical - Reorder Now
P3602,2031-02-15,S16,98,98,10,90,Yes,Low,Yes,980,180.15,1160.15,1846.15,1748.15,1.0,44.69,Medium,Critical - Reorder Now
P3603,2031-02-16,S11,393,65,6,68,Yes,High,Yes,390,154.16,544.16,999.16,606.16,6.05,60.13,Medium,Critical - Reorder Now
P3604,2031-02-17,S5,386,72,9,84,No,Low,No,648,175.79,823.79,1327.79,941.79,5.36,22.68,Low,Critical - Reorder Now
P3605,2031-02-18,S4,255,108,7,84,Yes,Low,No,756,155.03,911.03,1667.03,1412.03,2.36,20.5,Low,Critical - Reorder Now
P3606,2031-02-19,S6,186,84,7,80,No,High,No,588,157.9,745.9,1333.9,1147.9,2.21,15.6,Low,Critical - Reorder Now
P3607,2031-02-20,S14,75,35,8,68,No,Medium,Yes,280,178.01,458.01,703.01,628.01,2.14,65.45,Medium,Critical - Reorder Now
P3608,2031-02-21,S19,176,57,7,97,Yes,High,No,399,145.7,544.7,943.7,767.7,3.09,12.42,Low,Critical - Reorder Now
P3609,2031-02-22,S9,314,110,12,81,Yes,High,Yes,1320,205.8,1525.8,2295.8,1981.8,2.85,39.95,Low,Critical - Reorder Now
P3610,2031-02-23,S12,286,29,9,82,No,Medium,No,261,177.41,438.41,641.41,355.41,9.86,29.06,Low,Critical - Reorder Now
P3611,2031-02-24,S11,348,48,11,63,No,Medium,No,528,213.23,741.23,1077.23,729.23,7.25,23.82,Low,Critical - Reorder Now
P3612,2031-02-25,S14,254,16,9,88,No,Medium,Yes,144,172.53,316.53,428.53,174.53,15.88,70.37,High,Critical - Reorder Now
P3613,2031-02-26,S16,324,94,6,74,No,High,No,564,150.17,714.17,1372.17,1048.17,3.45,17.66,Low,Critical - Reorder Now
P3614,2031-02-27,S1,189,105,7,60,No,Medium,Yes,735,172.25,907.25,1642.25,1453.25,1.8,67.01,Medium,Critical - Reorder Now
P3615,2031-02-28,S13,307,116,2,89,Yes,Low,No,232,80.95,312.95,1124.95,817.95,2.65,23.17,Low,Critical - Reorder Now
P3616,2031-03-01,S13,344,101,9,88,No,Medium,Yes,909,172.53,1081.53,1788.53,1444.53,3.41,67.15,Medium,Critical - Reorder Now
P3617,2031-03-02,S2,126,96,12,79,No,Low,No,1152,207.68,1359.68,2031.68,1905.68,1.31,28.03,Low,Critical - Reorder Now
P3618,2031-03-03,S4,424,13,13,92,No,Medium,No,169,203.44,372.44,463.44,39.44,32.62,4.87,Low,Low Stock
P3619,2031-03-04,S6,286,16,1,95,No,Low,No,16,55.61,71.61,183.61,0.0,17.88,18.81,Low,Overstock
P3620,2031-03-05,S5,253,73,1,81,No,Low,Yes,73,59.41,132.41,643.41,390.41,3.47,71.76,High,High Risk
P3621,2031-03-06,S3,212,58,3,72,No,Low,No,174,107.13,281.13,687.13,475.13,3.66,35.65,Low,Critical - Reorder Now
P3622,2031-03-07,S1,249,58,12,66,Yes,Low,No,696,219.9,915.9,1321.9,1072.9,4.29,52.68,Medium,Critical - Reorder Now
P3623,2031-03-08,S4,83,32,6,67,No,Low,No,192,154.83,346.83,570.83,487.83,2.59,36.83,Low,Critical - Reorder Now
P3624,2031-03-09,S20,486,60,5,87,Yes,Medium,Yes,300,129.2,429.2,849.2,363.2,8.1,64.05,Medium,Low Stock
P3625,2031-03-10,S2,382,103,2,68,Yes,High,No,206,89.0,295.0,1016.0,634.0,3.71,17.05,Low,Low Stock
P3626,2031-03-11,S5,405,73,9,84,No,High,No,657,175.79,832.79,1343.79,938.79,5.55,23.11,Low,Critical - Reorder Now
P3627,2031-03-12,S3,387,102,14,75,Yes,High,Yes,1428,228.38,1656.38,2370.38,1983.38,3.79,66.33,Medium,Critical - Reorder Now
P3628,2031-03-13,S9,12,114,13,69,No,High,Yes,1482,225.94,1707.94,2505.94,2493.94,0.11,60.78,Medium,Critical - Reorder Now
P3629,2031-03-14,S20,44,102,10,70,No,High,No,1020,197.3,1217.3,1931.3,1887.3,0.43,34.17,Low,Critical - Reorder Now
P3630,2031-03-15,S6,126,81,14,90,Yes,Low,No,1134,213.15,1347.15,1914.15,1788.15,1.56,14.65,Low,Critical - Reorder Now
P3631,2031-03-16,S18,425,107,4,71,No,Medium,No,428,124.24,552.24,1301.24,876.24,3.97,18.37,Low,Critical - Reorder Now
P3632,2031-03-17,S6,113,110,4,90,No,Low,No,440,113.94,553.94,1323.94,1210.94,1.03,57.77,Medium,Critical - Reorder Now
P3633,2031-03-18,S19,432,113,5,73,No,Medium,No,565,137.7,702.7,1493.7,1061.7,3.82,22.45,Low,Critical - Reorder Now
P3634,2031-03-19,S12,275,116,8,91,No,Medium,No,928,160.36,1088.36,1900.36,1625.36,2.37,18.84,Low,Critical - Reorder Now
P3635,2031-03-20,S11,499,62,10,76,No,Medium,Yes,620,192.16,812.16,1246.16,747.16,8.05,68.91,Medium,Critical - Reorder Now
P3636,2031-03-21,S2,204,82,4,94,Yes,Medium,No,328,111.77,439.77,1013.77,809.77,2.49,17.11,Low,Critical - Reorder Now
P3637,2031-03-22,S15,336,79,5,60,Yes,High,No,395,145.58,540.58,1093.58,757.58,4.25,23.17,Low,Critical - Reorder Now
P3638,2031-03-23,S12,437,46,12,88,No,Medium,No,552,199.22,751.22,1073.22,636.22,9.5,10.51,Low,Critical - Reorder Now
P3639,2031-03-24,S12,419,42,4,63,No,Medium,No,168,128.58,296.58,590.58,171.58,9.98,16.09,Low,Low Stock
P3640,2031-03-25,S9,480,72,14,82,Yes,High,No,1008,221.27,1229.27,1733.27,1253.27,6.67,24.73,Low,Critical - Reorder Now
P3641,2031-03-26,S2,384,57,6,87,No,Low,No,342,141.54,483.54,882.54,498.54,6.74,21.27,Low,Critical - Reorder Now
P3642,2031-03-27,S3,398,37,12,75,No,Low,No,444,211.44,655.44,914.44,516.44,10.76,38.29,Low,Critical - Reorder Now
P3643,2031-03-28,S12,460,75,3,71,No,Low,Yes,225,107.6,332.6,857.6,397.6,6.13,61.3,Medium,Low Stock
P3644,2031-03-29,S16,272,60,8,80,No,Low,Yes,480,168.8,648.8,1068.8,796.8,4.53,70.63,High,Critical - Reorder Now
P3645,2031-03-30,S1,407,109,6,76,No,Medium,No,654,148.84,802.84,1565.84,1158.84,3.73,24.02,Low,Critical - Reorder Now
P3646,2031-03-31,S3,57,76,10,99,No,High,No,760,172.43,932.43,1464.43,1407.43,0.75,16.53,Low,Critical - Reorder Now
P3647,2031-04-01,S20,327,105,5,72,No,High,No,525,138.3,663.3,1398.3,1071.3,3.11,11.68,Low,Critical - Reorder Now
P3648,2031-04-02,S2,497,55,13,91,No,Low,No,715,204.42,919.42,1304.42,807.42,9.04,19.38,Low,Critical - Reorder Now
P3649,2031-04-03,S9,218,78,2,96,No,High,No,156,78.26,234.26,780.26,562.26,2.79,14.07,Low,Critical - Reorder Now
P3650,2031-04-04,S19,108,47,10,74,No,Medium,No,470,193.87,663.87,992.87,884.87,2.3,30.28,Low,Critical - Reorder Now
P3651,2031-04-05,S15,278,19,10,71,No,Low,No,190,196.45,386.45,519.45,241.45,14.63,23.68,Low,Critical - Reorder Now
P3652,2031-04-06,S18,173,42,7,74,Yes,Medium,No,294,162.21,456.21,750.21,577.21,4.12,39.12,Low,Critical - Reorder Now
P3653,2031-04-07,S11,327,19,2,93,Yes,Medium,No,38,79.41,117.41,250.41,0.0,17.21,25.66,Low,Overstock
P3654,2031-04-08,S16,263,9,1,65,No,Medium,No,9,63.75,72.75,135.75,0.0,29.22,18.87,Low,Overstock
P3655,2031-04-09,S17,314,97,7,76,Yes,Medium,No,679,160.77,839.77,1518.77,1204.77,3.24,26.62,Low,Critical - Reorder Now
P3656,2031-04-10,S5,473,87,5,79,Yes,Medium,No,435,134.06,569.06,1178.06,705.06,5.44,16.47,Low,Critical - Reorder Now
P3657,2031-04-11,S12,110,58,1,68,Yes,Low,Yes,58,62.94,120.94,526.94,416.94,1.9,42.32,Medium,Critical - Reorder Now
P3658,2031-04-12,S11,186,55,4,64,No,Medium,No,220,128.04,348.04,733.04,547.04,3.38,14.22,Low,Critical - Reorder Now
P3659,2031-04-13,S15,268,14,12,82,Yes,Low,Yes,168,204.86,372.86,470.86,202.86,19.14,70.9,High,Critical - Reorder Now
P3660,2031-04-14,S3,422,16,13,92,Yes,High,Yes,208,203.44,411.44,523.44,101.44,26.38,62.99,Medium,Low Stock
P3661,2031-04-15,S1,228,8,4,97,No,Medium,No,32,110.14,142.14,198.14,0.0,28.5,8.66,Low,Healthy
P3662,2031-04-16,S20,496,99,10,73,No,Medium,No,990,194.73,1184.73,1877.73,1381.73,5.01,46.21,Medium,Critical - Reorder Now
P3663,2031-04-17,S16,155,22,7,76,No,High,No,154,160.77,314.77,468.77,313.77,7.05,26.26,Low,Critical - Reorder Now
P3664,2031-04-18,S2,472,84,9,78,Yes,Low,No,756,180.67,936.67,1524.67,1052.67,5.62,10.97,Low,Critical - Reorder Now
P3665,2031-04-19,S2,188,108,2,92,No,Medium,No,216,79.8,295.8,1051.8,863.8,1.74,11.06,Low,Critical - Reorder Now
P3666,2031-04-20,S3,271,40,12,60,No,High,No,480,225.53,705.53,985.53,714.53,6.78,32.76,Low,Critical - Reorder Now
P3667,2031-04-21,S8,374,29,14,72,No,High,No,406,231.42,637.42,840.42,466.42,12.9,8.45,Low,Critical - Reorder Now
P3668,2031-04-22,S15,1,91,1,86,Yes,Medium,No,91,58.05,149.05,786.05,785.05,0.01,34.64,Low,Critical - Reorder Now
P3669,2031-04-23,S7,245,80,2,65,No,Low,No,160,90.16,250.16,810.16,565.16,3.06,24.31,Low,Critical - Reorder Now
P3670,2031-04-24,S6,209,102,7,65,No,Low,No,714,168.67,882.67,1596.67,1387.67,2.05,29.21,Low,Critical - Reorder Now
P3671,2031-04-25,S9,400,40,13,92,No,Medium,No,520,203.44,723.44,1003.44,603.44,10.0,18.83,Low,Critical - Reorder Now
P3672,2031-04-26,S20,285,105,10,89,No,High,Yes,1050,181.01,1231.01,1966.01,1681.01,2.71,67.55,Medium,Critical - Reorder Now
P3673,2031-04-27,S1,358,71,6,94,No,Medium,No,426,136.88,562.88,1059.88,701.88,5.04,12.13,Low,Critical - Reorder Now
P3674,2031-04-28,S8,12,13,4,82,No,Low,Yes,52,118.28,170.28,261.28,249.28,0.92,64.48,Medium,Critical - Reorder Now
P3675,2031-04-29,S3,95,65,1,69,No,High,No,65,62.66,127.66,582.66,487.66,1.46,37.99,Low,Critical - Reorder Now
P3676,2031-04-30,S4,497,57,13,78,Yes,Medium,No,741,217.14,958.14,1357.14,860.14,8.72,22.49,Low,Critical - Reorder Now
P3677,2031-05-01,S15,220,22,1,87,No,High,No,22,57.78,79.78,233.78,13.78,10.0,13.82,Low,Low Stock
P3678,2031-05-02,S6,237,47,5,82,No,Low,Yes,235,132.24,367.24,696.24,459.24,5.04,72.58,High,Critical - Reorder Now
P3679,2031-05-03,S15,93,39,1,63,No,Low,Yes,39,64.29,103.29,376.29,283.29,2.38,54.37,Medium,Critical - Reorder Now
P3680,2031-05-04,S3,337,67,12,79,Yes,Low,No,804,207.68,1011.68,1480.68,1143.68,5.03,32.89,Low,Critical - Reorder Now
P3681,2031-05-05,S14,268,102,7,78,Yes,Medium,Yes,714,159.34,873.34,1587.34,1319.34,2.63,69.18,Medium,Critical - Reorder Now
P3682,2031-05-06,S20,170,109,13,86,No,High,No,1417,209.31,1626.31,2389.31,2219.31,1.56,16.0,Low,Critical - Reorder Now
P3683,2031-05-07,S14,468,82,11,93,No,Medium,No,902,186.24,1088.24,1662.24,1194.24,5.71,14.43,Low,Critical - Reorder Now
P3684,2031-05-08,S4,93,8,1,63,No,Medium,No,8,64.29,72.29,128.29,35.29,11.62,50.35,Medium,Low Stock
P3685,2031-05-09,S12,148,97,1,97,No,Medium,No,97,55.07,152.07,831.07,683.07,1.53,13.17,Low,Critical - Reorder Now
P3686,2031-05-10,S17,111,45,2,66,Yes,Medium,No,90,89.77,179.77,494.77,383.77,2.47,14.87,Low,Critical - Reorder Now
P3687,2031-05-11,S7,54,49,13,66,No,High,No,637,228.87,865.87,1208.87,1154.87,1.1,16.02,Low,Critical - Reorder Now
P3688,2031-05-12,S9,336,54,14,85,No,High,Yes,756,218.23,974.23,1352.23,1016.23,6.22,67.16,Medium,Critical - Reorder Now
P3689,2031-05-13,S3,423,83,11,85,No,Medium,No,913,193.44,1106.44,1687.44,1264.44,5.1,9.48,Low,Critical - Reorder Now
P3690,2031-05-14,S13,466,32,12,78,Yes,Medium,No,384,208.62,592.62,816.62,350.62,14.56,24.6,Low,Critical - Reorder Now
P3691,2031-05-15,S15,115,46,10,68,No,Low,No,460,199.02,659.02,981.02,866.02,2.5,26.83,Low,Critical - Reorder Now
P3692,2031-05-16,S18,142,84,3,79,No,Low,Yes,252,103.84,355.84,943.84,801.84,1.69,32.82,Low,Critical - Reorder Now
P3693,2031-05-17,S19,200,80,13,75,No,High,Yes,1040,220.07,1260.07,1820.07,1620.07,2.5,24.94,Low,Critical - Reorder Now
P3694,2031-05-18,S1,179,73,11,76,No,Low,No,803,201.54,1004.54,1515.54,1336.54,2.45,22.38,Low,Critical - Reorder Now
P3695,2031-05-19,S6,201,102,1,81,Yes,High,No,102,59.41,161.41,875.41,674.41,1.97,33.11,Low,Low Stock
P3696,2031-05-20,S2,363,110,9,72,Yes,High,No,990,185.55,1175.55,1945.55,1582.55,3.3,8.23,Low,Critical - Reorder Now
P3697,2031-05-21,S14,478,5,10,71,No,High,No,50,196.45,246.45,281.45,0.0,95.6,15.65,Low,Overstock
P3698,2031-05-22,S6,52,43,8,69,No,Low,No,344,177.24,521.24,822.24,770.24,1.21,16.96,Low,Critical - Reorder Now
P3699,2031-05-23,S14,470,100,5,60,Yes,Low,No,500,145.58,645.58,1345.58,875.58,4.7,37.38,Low,Critical - Reorder Now
P3700,2031-05-24,S4,383,94,13,91,No,High,No,1222,204.42,1426.42,2084.42,1701.42,4.07,27.05,Low,Critical - Reorder Now
P3701,2031-05-25,S8,179,21,11,89,No,High,No,231,189.84,420.84,567.84,388.84,8.52,19.06,Low,Critical - Reorder Now
P3702,2031-05-26,S3,413,116,2,67,No,Medium,No,232,89.39,321.39,1133.39,720.39,3.56,25.79,Low,Low Stock
P3703,2031-05-27,S19,416,95,5,80,Yes,High,No,475,133.45,608.45,1273.45,857.45,4.38,25.79,Low,Critical - Reorder Now
P3704,2031-05-28,S14,312,92,6,81,No,High,No,552,145.52,697.52,1341.52,1029.52,3.39,17.9,Low,Critical - Reorder Now
P3705,2031-05-29,S20,307,39,14,77,Yes,Medium,Yes,546,226.35,772.35,1045.35,738.35,7.87,70.07,High,Critical - Reorder Now
P3706,2031-05-30,S17,136,50,1,61,Yes,High,No,50,64.83,114.83,464.83,328.83,2.72,39.74,Low,Low Stock
P3707,2031-05-31,S8,181,46,11,68,Yes,High,Yes,506,208.73,714.73,1036.73,855.73,3.93,71.22,High,Critical - Reorder Now
P3708,2031-06-01,S14,366,43,4,62,No,High,Yes,172,129.13,301.13,602.13,236.13,8.51,35.06,Low,Low Stock
P3709,2031-06-02,S6,0,94,9,85,Yes,Medium,No,846,174.97,1020.97,1678.97,1678.97,0.0,31.79,Low,Critical - Reorder Now
P3710,2031-06-03,S16,43,53,2,80,No,Low,No,106,84.4,190.4,561.4,518.4,0.81,18.06,Low,Critical - Reorder Now
P3711,2031-06-04,S19,226,66,5,89,No,High,No,330,127.99,457.99,919.99,693.99,3.42,14.14,Low,Critical - Reorder Now
P3712,2031-06-05,S14,330,42,1,87,No,Medium,No,42,57.78,99.78,393.78,63.78,7.86,11.03,Low,Low Stock
P3713,2031-06-06,S19,97,27,4,95,No,High,No,108,111.22,219.22,408.22,311.22,3.59,20.31,Low,Critical - Reorder Now
P3714,2031-06-07,S3,207,26,4,85,No,Medium,No,104,116.65,220.65,402.65,195.65,7.96,15.83,Low,Critical - Reorder Now
P3715,2031-06-08,S10,264,8,6,93,No,High,No,48,137.55,185.55,241.55,0.0,33.0,22.13,Low,Healthy
P3716,2031-06-09,S19,287,53,10,67,No,Medium,No,530,199.88,729.88,1100.88,813.88,5.42,31.44,Low,Critical - Reorder Now
P3717,2031-06-10,S9,270,63,9,69,No,Low,Yes,567,187.99,754.99,1195.99,925.99,4.29,67.69,Medium,Critical - Reorder Now
P3718,2031-06-11,S20,139,77,3,73,Yes,Low,No,231,106.66,337.66,876.66,737.66,1.81,49.82,Medium,Critical - Reorder Now
P3719,2031-06-12,S13,480,72,9,99,Yes,Low,No,648,163.58,811.58,1315.58,835.58,6.67,21.85,Low,Critical - Reorder Now
P3720,2031-06-13,S7,236,75,6,74,No,High,Yes,450,150.17,600.17,1125.17,889.17,3.15,61.58,Medium,Critical - Reorder Now
P3721,2031-06-14,S14,461,91,7,76,No,Medium,No,637,160.77,797.77,1434.77,973.77,5.07,34.03,Low,Critical - Reorder Now
P3722,2031-06-15,S9,440,6,12,77,No,High,Yes,72,209.56,281.56,323.56,0.0,73.33,51.19,Medium,Overstock
P3723,2031-06-16,S19,391,53,10,91,No,High,Yes,530,179.29,709.29,1080.29,689.29,7.38,73.58,High,Critical - Reorder Now
P3724,2031-06-17,S15,71,92,2,97,No,Medium,No,184,77.88,261.88,905.88,834.88,0.77,23.76,Low,Critical - Reorder Now
P3725,2031-06-18,S20,154,108,11,82,No,High,No,1188,196.14,1384.14,2140.14,1986.14,1.43,15.39,Low,Critical - Reorder Now
P3726,2031-06-19,S14,189,99,10,82,Yes,Medium,No,990,187.01,1177.01,1870.01,1681.01,1.91,37.86,Low,Critical - Reorder Now
P3727,2031-06-20,S6,267,115,14,94,No,Medium,No,1610,209.09,1819.09,2624.09,2357.09,2.32,13.37,Low,Critical - Reorder Now
P3728,2031-06-21,S4,320,35,6,98,No,Low,No,210,134.23,344.23,589.23,269.23,9.14,8.5,Low,Critical - Reorder Now
P3729,2031-06-22,S8,106,115,6,74,No,Low,No,690,150.17,840.17,1645.17,1539.17,0.92,42.06,Medium,Critical - Reorder Now
P3730,2031-06-23,S17,231,44,2,83,No,Low,No,88,83.25,171.25,479.25,248.25,5.25,25.03,Low,Low Stock
P3731,2031-06-24,S9,41,52,2,87,No,Medium,Yes,104,81.72,185.72,549.72,508.72,0.79,62.29,Medium,Critical - Reorder Now
P3732,2031-06-25,S1,189,55,14,75,No,Low,No,770,228.38,998.38,1383.38,1194.38,3.44,12.97,Low,Critical - Reorder Now
P3733,2031-06-26,S20,370,47,2,75,No,Medium,No,94,86.32,180.32,509.32,139.32,7.87,11.32,Low,Low Stock
P3734,2031-06-27,S14,138,102,10,99,No,High,No,1020,172.43,1192.43,1906.43,1768.43,1.35,30.9,Low,Critical - Reorder Now
P3735,2031-06-28,S11,102,59,12,98,No,Low,No,708,189.82,897.82,1310.82,1208.82,1.73,7.14,Low,Critical - Reorder Now
P3736,2031-06-29,S3,170,92,1,65,No,Medium,No,92,63.75,155.75,799.75,629.75,1.85,16.85,Low,Low Stock
P3737,2031-06-30,S9,350,53,5,61,No,Medium,Yes,265,144.97,409.97,780.97,430.97,6.6,68.23,Medium,Critical - Reorder Now
P3738,2031-07-01,S14,272,94,8,72,Yes,Medium,No,752,174.94,926.94,1584.94,1312.94,2.89,46.73,Medium,Critical - Reorder Now
P3739,2031-07-02,S9,480,84,2,68,No,Medium,No,168,89.0,257.0,845.0,365.0,5.71,21.04,Low,Low Stock
P3740,2031-07-03,S4,415,61,13,93,No,Low,No,793,202.47,995.47,1422.47,1007.47,6.8,17.77,Low,Critical - Reorder Now
P3741,2031-07-04,S4,220,115,5,76,No,Low,No,575,135.88,710.88,1515.88,1295.88,1.91,13.19,Low,Critical - Reorder Now
P3742,2031-07-05,S8,212,81,12,86,No,Low,Yes,972,201.1,1173.1,1740.1,1528.1,2.62,23.05,Low,Critical - Reorder Now
P3743,2031-07-06,S2,340,19,8,88,No,Medium,No,152,162.66,314.66,447.66,107.66,17.89,34.88,Low,Low Stock
P3744,2031-07-07,S9,423,31,10,96,No,High,No,310,175.0,485.0,702.0,279.0,13.65,25.8,Low,Critical - Reorder Now
P3745,2031-07-08,S14,406,72,14,81,No,Medium,Yes,1008,222.29,1230.29,1734.29,1328.29,5.64,22.65,Low,Critical - Reorder Now
P3746,2031-07-09,S9,55,84,5,83,No,High,No,420,131.63,551.63,1139.63,1084.63,0.65,17.42,Low,Critical - Reorder Now
P3747,2031-07-10,S16,389,68,2,66,No,Low,No,136,89.77,225.77,701.77,312.77,5.72,25.12,Low,Low Stock
P3748,2031-07-11,S17,341,98,3,93,No,Medium,No,294,97.26,391.26,1077.26,736.26,3.48,15.59,Low,Critical - Reorder Now
P3749,2031-07-12,S16,433,112,6,71,No,Medium,No,672,152.17,824.17,1608.17,1175.17,3.87,29.12,Low,Critical - Reorder Now
P3750,2031-07-13,S12,101,34,11,82,No,Low,No,374,196.14,570.14,808.14,707.14,2.97,45.84,Medium,Critical - Reorder Now
P3751,2031-07-14,S3,420,40,11,74,No,Medium,Yes,440,203.34,643.34,923.34,503.34,10.5,63.17,Medium,Critical - Reorder Now
P3752,2031-07-15,S11,492,71,5,92,No,High,No,355,126.17,481.17,978.17,486.17,6.93,25.7,Low,Low Stock
P3753,2031-07-16,S14,191,90,11,72,Yes,High,Yes,990,205.14,1195.14,1825.14,1634.14,2.12,68.26,Medium,Critical - Reorder Now
P3754,2031-07-17,S18,498,117,4,82,Yes,High,Yes,468,118.28,586.28,1405.28,907.28,4.26,56.35,Medium,Critical - Reorder Now
P3755,2031-07-18,S5,309,90,4,97,Yes,Medium,No,360,110.14,470.14,1100.14,791.14,3.43,14.63,Low,Critical - Reorder Now
P3756,2031-07-19,S16,199,118,5,91,No,Medium,No,590,126.78,716.78,1542.78,1343.78,1.69,24.46,Low,Critical - Reorder Now
P3757,2031-07-20,S20,232,118,2,94,Yes,High,No,236,79.03,315.03,1141.03,909.03,1.97,31.1,Low,Critical - Reorder Now
P3758,2031-07-21,S5,432,53,9,60,Yes,Medium,No,477,195.32,672.32,1043.32,611.32,8.15,13.65,Low,Critical - Reorder Now
P3759,2031-07-22,S3,226,80,2,64,Yes,High,No,160,90.54,250.54,810.54,584.54,2.82,3.76,Low,Critical - Reorder Now
P3760,2031-07-23,S12,370,59,10,72,No,Low,No,590,195.59,785.59,1198.59,828.59,6.27,15.74,Low,Critical - Reorder Now
P3761,2031-07-24,S1,138,89,2,64,Yes,High,No,178,90.54,268.54,891.54,753.54,1.55,9.02,Low,Critical - Reorder Now
P3762,2031-07-25,S9,343,60,10,91,No,Low,No,600,179.29,779.29,1199.29,856.29,5.72,17.61,Low,Critical - Reorder Now
P3763,2031-07-26,S9,304,72,14,80,Yes,Low,No,1008,223.3,1231.3,1735.3,1431.3,4.22,29.78,Low,Critical - Reorder Now
P3764,2031-07-27,S4,148,99,9,83,No,Low,Yes,891,176.6,1067.6,1760.6,1612.6,1.49,72.68,High,Critical - Reorder Now
P3765,2031-07-28,S3,114,48,14,77,No,High,No,672,226.35,898.35,1234.35,1120.35,2.38,50.91,Medium,Critical - Reorder Now
P3766,2031-07-29,S17,449,35,3,80,No,High,No,105,103.37,208.37,453.37,4.37,12.83,11.85,Low,Low Stock
P3767,2031-07-30,S2,62,62,10,69,No,Medium,No,620,198.16,818.16,1252.16,1190.16,1.0,28.06,Low,Critical - Reorder Now
P3768,2031-07-31,S1,103,91,7,83,No,Medium,No,637,155.75,792.75,1429.75,1326.75,1.13,5.3,Low,Critical - Reorder Now
P3769,2031-08-01,S8,338,57,4,99,No,Low,Yes,228,109.05,337.05,736.05,398.05,5.93,49.66,Medium,Low Stock
P3770,2031-08-02,S13,358,88,13,80,No,High,No,1144,215.18,1359.18,1975.18,1617.18,4.07,12.24,Low,Critical - Reorder Now
P3771,2031-08-03,S15,155,83,13,84,No,Medium,No,1079,211.27,1290.27,1871.27,1716.27,1.87,23.54,Low,Critical - Reorder Now
P3772,2031-08-04,S8,272,27,6,82,Yes,Medium,No,162,144.86,306.86,495.86,223.86,10.07,16.01,Low,Critical - Reorder Now
P3773,2031-08-05,S12,5,32,14,81,No,Medium,No,448,222.29,670.29,894.29,889.29,0.16,21.55,Low,Critical - Reorder Now
P3774,2031-08-06,S12,146,20,4,63,Yes,High,No,80,128.58,208.58,348.58,202.58,7.3,39.03,Low,Critical - Reorder Now
P3775,2031-08-07,S14,183,41,10,93,No,Medium,Yes,410,177.57,587.57,874.57,691.57,4.46,73.15,High,Critical - Reorder Now
P3776,2031-08-08,S15,485,25,7,65,No,Low,No,175,168.67,343.67,518.67,33.67,19.4,44.35,Medium,Low Stock
P3777,2031-08-09,S15,27,83,1,87,No,High,No,83,57.78,140.78,721.78,694.78,0.33,15.09,Low,Critical - Reorder Now
P3778,2031-08-10,S9,449,21,3,90,No,Medium,No,63,98.67,161.67,308.67,0.0,21.38,22.09,Low,Overstock
P3779,2031-08-11,S19,37,118,13,94,No,Medium,No,1534,201.49,1735.49,2561.49,2524.49,0.31,30.12,Low,Critical - Reorder Now
P3780,2031-08-12,S20,118,41,3,98,No,High,No,123,94.91,217.91,504.91,386.91,2.88,7.15,Low,Critical - Reorder Now
P3781,2031-08-13,S8,292,81,1,82,No,Medium,No,81,59.14,140.14,707.14,415.14,3.6,14.5,Low,Low Stock
P3782,2031-08-14,S19,370,23,6,65,Yes,Medium,No,138,156.15,294.15,455.15,85.15,16.09,12.68,Low,Low Stock
P3783,2031-08-15,S6,243,34,13,75,No,Low,No,442,220.07,662.07,900.07,657.07,7.15,11.9,Low,Critical - Reorder Now
P3784,2031-08-16,S20,67,49,11,61,No,High,Yes,539,215.03,754.03,1097.03,1030.03,1.37,65.27,Medium,Critical - Reorder Now
P3785,2031-08-17,S19,213,22,14,83,No,Medium,Yes,308,220.26,528.26,682.26,469.26,9.68,60.28,Medium,Critical - Reorder Now
P3786,2031-08-18,S4,217,82,9,76,No,High,No,738,182.3,920.3,1494.3,1277.3,2.65,19.87,Low,Critical - Reorder Now
P3787,2031-08-19,S7,176,66,8,60,Yes,High,No,528,184.15,712.15,1174.15,998.15,2.67,8.67,Low,Critical - Reorder Now
P3788,2031-08-20,S4,298,40,11,65,Yes,Low,No,440,211.43,651.43,931.43,633.43,7.45,46.74,Medium,Critical - Reorder Now
P3789,2031-08-21,S12,163,104,7,64,No,Low,Yes,728,169.38,897.38,1625.38,1462.38,1.57,27.51,Low,Critical - Reorder Now
P3790,2031-08-22,S13,57,88,10,88,No,High,No,880,181.86,1061.86,1677.86,1620.86,0.65,23.26,Low,Critical - Reorder Now
P3791,2031-08-23,S3,268,56,8,71,No,Low,Yes,448,175.71,623.71,1015.71,747.71,4.79,74.66,High,Critical - Reorder Now
P3792,2031-08-24,S12,307,23,6,98,No,Low,No,138,134.23,272.23,433.23,126.23,13.35,3.14,Low,Low Stock
P3793,2031-08-25,S2,57,113,9,62,No,Medium,Yes,1017,193.69,1210.69,2001.69,1944.69,0.5,29.89,Low,Critical - Reorder Now
P3794,2031-08-26,S2,287,48,3,60,Yes,Low,No,144,112.77,256.77,592.77,305.77,5.98,12.76,Low,Low Stock
P3795,2031-08-27,S9,464,11,10,86,Yes,Low,Yes,110,183.58,293.58,370.58,0.0,42.18,74.24,High,Overstock
P3796,2031-08-28,S1,104,48,10,83,Yes,Medium,Yes,480,186.15,666.15,1002.15,898.15,2.17,62.4,Medium,Critical - Reorder Now
P3797,2031-08-29,S8,227,72,9,78,No,Medium,No,648,180.67,828.67,1332.67,1105.67,3.15,18.45,Low,Critical - Reorder Now
P3798,2031-08-30,S6,246,38,4,67,Yes,High,Yes,152,126.41,278.41,544.41,298.41,6.47,16.15,Low,Critical - Reorder Now
P3799,2031-08-31,S6,187,70,7,61,No,Low,No,490,171.54,661.54,1151.54,964.54,2.67,45.8,Medium,Critical - Reorder Now
